-- phpMyAdmin SQL Dump
-- version 4.0.5
-- http://www.phpmyadmin.net
--
-- Host: localhost
-- Generation Time: Sep 29, 2013 at 02:02 AM
-- Server version: 5.1.70-cll
-- PHP Version: 5.3.17

SET SQL_MODE = "NO_AUTO_VALUE_ON_ZERO";
SET time_zone = "+00:00";


/*!40101 SET @OLD_CHARACTER_SET_CLIENT=@@CHARACTER_SET_CLIENT */;
/*!40101 SET @OLD_CHARACTER_SET_RESULTS=@@CHARACTER_SET_RESULTS */;
/*!40101 SET @OLD_COLLATION_CONNECTION=@@COLLATION_CONNECTION */;
/*!40101 SET NAMES utf8 */;

--
-- Database: `x14jvfln_filelistpoker`
--

-- --------------------------------------------------------

--
-- Table structure for table `bonus_points`
--

CREATE TABLE IF NOT EXISTS `bonus_points` (
  `bonus_id` mediumint(8) unsigned NOT NULL AUTO_INCREMENT,
  `player_id` mediumint(8) unsigned NOT NULL,
  `bonus_value` smallint(5) unsigned NOT NULL,
  `tournament_id` mediumint(8) unsigned DEFAULT NULL,
  `bonus_description` varchar(200) CHARACTER SET ascii DEFAULT NULL,
  `bonus_date` date NOT NULL,
  PRIMARY KEY (`bonus_id`),
  KEY `player_id` (`player_id`),
  KEY `tournament_id` (`tournament_id`)
) ENGINE=InnoDB  DEFAULT CHARSET=latin1 AUTO_INCREMENT=255 ;

--
-- Dumping data for table `bonus_points`
--

INSERT INTO `bonus_points` (`bonus_id`, `player_id`, `bonus_value`, `tournament_id`, `bonus_description`, `bonus_date`) VALUES
(1, 19, 5, 47, '2 Final Tables in January 2013', '2013-01-31'),
(2, 154, 5, 47, '2 Final Tables in January 2013', '2013-01-31'),
(3, 36, 5, 47, '2 Final Tables in January 2013', '2013-01-31'),
(4, 193, 5, 47, '2 Final Tables in January 2013', '2013-01-31'),
(5, 70, 5, 47, '2 Final Tables in January 2013', '2013-01-31'),
(6, 27, 5, 47, '2 Final Tables in January 2013', '2013-01-31'),
(7, 122, 5, 47, '2 Final Tables in January 2013', '2013-01-31'),
(8, 15, 5, 47, '2 Final Tables in January 2013', '2013-01-31'),
(9, 13, 5, 47, '2 Final Tables in January 2013', '2013-01-31'),
(10, 2, 5, 47, '2 Final Tables in January 2013', '2013-01-31'),
(11, 111, 10, 47, '3 Final Tables in January 2013', '2013-01-31'),
(12, 6, 10, 47, '3 Final Tables in January 2013', '2013-01-31'),
(13, 39, 10, 47, '3 Final Tables in January 2013', '2013-01-31'),
(14, 83, 10, 47, '3 Final Tables in January 2013', '2013-01-31'),
(15, 12, 10, 47, '3 Final Tables in January 2013', '2013-01-31'),
(16, 159, 20, 47, '4 Final Tables in January 2013', '2013-01-31'),
(17, 9, 20, 47, '4 Final Tables in January 2013', '2013-01-31'),
(18, 45, 20, 47, '4 Final Tables in January 2013', '2013-01-31'),
(19, 3, 20, 47, '4 Final Tables in January 2013', '2013-01-31'),
(20, 3, 5, 55, '2 Final Tables in February 2013', '2013-02-28'),
(21, 34, 5, 55, '2 Final Tables in February 2013', '2013-02-28'),
(22, 120, 5, 55, '2 Final Tables in February 2013', '2013-02-28'),
(23, 15, 5, 55, '2 Final Tables in February 2013', '2013-02-28'),
(24, 17, 5, 55, '2 Final Tables in February 2013', '2013-02-28'),
(25, 116, 5, 55, '2 Final Tables in February 2013', '2013-02-28'),
(26, 12, 5, 55, '2 Final Tables in February 2013', '2013-02-28'),
(27, 159, 5, 55, '2 Final Tables in February 2013', '2013-02-28'),
(28, 20, 5, 55, '2 Final Tables in February 2013', '2013-02-28'),
(29, 154, 5, 55, '2 Final Tables in February 2013', '2013-02-28'),
(30, 101, 5, 55, '2 Final Tables in February 2013', '2013-02-28'),
(31, 2, 5, 55, '2 Final Tables in February 2013', '2013-02-28'),
(32, 212, 5, 55, '2 Final Tables in February 2013', '2013-02-28'),
(33, 13, 5, 55, '2 Final Tables in February 2013', '2013-02-28'),
(34, 22, 10, 55, '3 Final Tables in February 2013', '2013-02-28'),
(35, 111, 10, 55, '3 Final Tables in February 2013', '2013-02-28'),
(36, 11, 10, 55, '3 Final Tables in February 2013', '2013-02-28'),
(37, 506, 5, 63, '2 Final Tables in March 2013', '2013-03-28'),
(38, 31, 5, 63, '2 Final Tables in March 2013', '2013-03-28'),
(39, 23, 5, 63, '2 Final Tables in March 2013', '2013-03-28'),
(40, 8, 5, 63, '2 Final Tables in March 2013', '2013-03-28'),
(41, 154, 5, 63, '2 Final Tables in March 2013', '2013-03-28'),
(42, 69, 5, 63, '2 Final Tables in March 2013', '2013-03-28'),
(43, 42, 5, 63, '2 Final Tables in March 2013', '2013-03-28'),
(44, 193, 5, 63, '2 Final Tables in March 2013', '2013-03-28'),
(45, 20, 5, 63, '2 Final Tables in March 2013', '2013-03-28'),
(46, 22, 5, 63, '2 Final Tables in March 2013', '2013-03-28'),
(47, 23, 5, 63, '2 Final Tables in March 2013', '2013-03-28'),
(48, 55, 5, 63, '2 Final Tables in March 2013', '2013-03-28'),
(49, 45, 5, 63, '2 Final Tables in March 2013', '2013-03-28'),
(50, 2, 10, 63, '3 Final Tables in March 2013', '2013-03-28'),
(51, 111, 10, 63, '3 Final Tables in March 2013', '2013-03-28'),
(52, 12, 10, 63, '3 Final Tables in March 2013', '2013-03-28'),
(53, 11, 10, 63, '3 Final Tables in March 2013', '2013-03-28'),
(54, 37, 5, 72, '2 Final Tables in April 2013', '2013-04-30'),
(55, 52, 5, 72, '2 Final Tables in April 2013', '2013-04-30'),
(56, 83, 5, 72, '2 Final Tables in April 2013', '2013-04-30'),
(57, 90, 5, 72, '2 Final Tables in April 2013', '2013-04-30'),
(58, 12, 5, 72, '2 Final Tables in April 2013', '2013-04-30'),
(59, 2, 5, 72, '2 Final Tables in April 2013', '2013-04-30'),
(60, 193, 5, 72, '2 Final Tables in April 2013', '2013-04-30'),
(61, 30, 5, 72, '2 Final Tables in April 2013', '2013-04-30'),
(62, 16, 5, 72, '2 Final Tables in April 2013', '2013-04-30'),
(63, 10, 5, 72, '2 Final Tables in April 2013', '2013-04-30'),
(64, 19, 5, 72, '2 Final Tables in April 2013', '2013-04-30'),
(65, 212, 5, 72, '2 Final Tables in April 2013', '2013-04-30'),
(66, 77, 5, 72, '2 Final Tables in April 2013', '2013-04-30'),
(67, 13, 5, 72, '2 Final Tables in April 2013', '2013-04-30'),
(68, 79, 5, 72, '2 Final Tables in April 2013', '2013-04-30'),
(69, 11, 5, 72, '2 Final Tables in April 2013', '2013-04-30'),
(70, 69, 10, 72, '3 Final Tables in April 2013', '2013-04-30'),
(71, 506, 10, 72, '3 Final Tables in April 2013', '2013-04-30'),
(72, 3, 20, 72, '4 Final Tables in April 2013', '2013-04-30'),
(73, 121, 20, 72, '4 Final Tables in April 2013', '2013-04-30'),
(74, 159, 20, 72, '4 Final Tables in April 2013', '2013-04-30'),
(75, 17, 5, 81, '2 Final Tables in May 2013', '2013-05-30'),
(76, 10, 5, 81, '2 Final Tables in May 2013', '2013-05-30'),
(77, 30, 5, 81, '2 Final Tables in May 2013', '2013-05-30'),
(78, 506, 5, 81, '2 Final Tables in May 2013', '2013-05-30'),
(79, 83, 5, 81, '2 Final Tables in May 2013', '2013-05-30'),
(80, 121, 5, 81, '2 Final Tables in May 2013', '2013-05-30'),
(81, 23, 5, 81, '2 Final Tables in May 2013', '2013-05-30'),
(82, 18, 5, 81, '2 Final Tables in May 2013', '2013-05-30'),
(83, 20, 5, 81, '2 Final Tables in May 2013', '2013-05-30'),
(84, 7, 5, 81, '2 Final Tables in May 2013', '2013-05-30'),
(85, 3, 5, 81, '2 Final Tables in May 2013', '2013-05-30'),
(86, 154, 5, 81, '2 Final Tables in May 2013', '2013-05-30'),
(87, 33, 10, 81, '3 Final Tables in May 2013', '2013-05-30'),
(88, 159, 10, 81, '3 Final Tables in May 2013', '2013-05-30'),
(89, 88, 10, 81, '3 Final Tables in May 2013', '2013-05-30'),
(90, 11, 10, 81, '3 Final Tables in May 2013', '2013-05-30'),
(91, 1, 10, 81, '3 Final Tables in May 2013', '2013-05-30'),
(92, 16, 10, 81, '3 Final Tables in May 2013', '2013-05-30'),
(93, 12, 20, 81, '4 Final Tables in May 2013', '2013-05-30'),
(94, 77, 5, 89, '2 Final Tables in June 2013', '2013-06-27'),
(95, 97, 5, 89, '2 Final Tables in June 2013', '2013-06-27'),
(96, 10, 5, 89, '2 Final Tables in June 2013', '2013-06-27'),
(97, 154, 5, 89, '2 Final Tables in June 2013', '2013-06-27'),
(98, 13, 5, 89, '2 Final Tables in June 2013', '2013-06-27'),
(99, 83, 5, 89, '2 Final Tables in June 2013', '2013-06-27'),
(100, 18, 5, 89, '2 Final Tables in June 2013', '2013-06-27'),
(101, 212, 5, 89, '2 Final Tables in June 2013', '2013-06-27'),
(102, 19, 5, 89, '2 Final Tables in June 2013', '2013-06-27'),
(103, 2, 10, 89, '3 Final Tables in June 2013', '2013-06-27'),
(104, 506, 10, 89, '3 Final Tables in June 2013', '2013-06-27'),
(105, 33, 10, 89, '3 Final Tables in June 2013', '2013-06-27'),
(106, 121, 10, 89, '3 Final Tables in June 2013', '2013-06-27'),
(107, 3, 10, 89, '3 Final Tables in June 2013', '2013-06-27'),
(108, 12, 20, 89, '4 Final Tables in June 2013', '2013-06-27'),
(109, 25, 20, 89, '4 Final Tables in June 2013', '2013-06-27'),
(110, 66, 5, 97, '2 Final Tables in July 2013', '2013-07-25'),
(111, 21, 5, 97, '2 Final Tables in July 2013', '2013-07-25'),
(112, 76, 5, 97, '2 Final Tables in July 2013', '2013-07-25'),
(113, 25, 5, 97, '2 Final Tables in July 2013', '2013-07-25'),
(114, 3, 5, 97, '2 Final Tables in July 2013', '2013-07-25'),
(115, 169, 5, 97, '2 Final Tables in July 2013', '2013-07-25'),
(116, 17, 5, 97, '2 Final Tables in July 2013', '2013-07-25'),
(117, 53, 5, 97, '2 Final Tables in July 2013', '2013-07-25'),
(118, 121, 5, 97, '2 Final Tables in July 2013', '2013-07-25'),
(119, 13, 5, 97, '2 Final Tables in July 2013', '2013-07-25'),
(120, 11, 5, 97, '2 Final Tables in July 2013', '2013-07-25'),
(121, 31, 10, 97, '3 Final Tables in July 2013', '2013-07-25'),
(122, 97, 10, 97, '3 Final Tables in July 2013', '2013-07-25'),
(123, 82, 10, 97, '3 Final Tables in July 2013', '2013-07-25'),
(124, 12, 10, 97, '3 Final Tables in July 2013', '2013-07-25'),
(125, 2, 10, 97, '3 Final Tables in July 2013', '2013-07-25'),
(126, 34, 10, 97, '3 Final Tables in July 2013', '2013-07-25'),
(127, 83, 10, 97, '3 Final Tables in July 2013', '2013-07-25'),
(128, 6, 10, 97, '3 Final Tables in July 2013', '2013-07-25'),
(129, 10, 20, 97, '4 Final Tables in July 2013', '2013-07-25'),
(130, 116, 20, 97, '4 Final Tables in July 2013', '2013-07-25'),
(131, 3, 20, 47, 'Player of the Month in January 2013', '2013-01-31'),
(132, 11, 20, 55, 'Player of the Month in February 2013', '2013-02-28'),
(133, 111, 20, 63, 'Player of the Month in March 2013', '2013-03-28'),
(134, 3, 20, 72, 'Player of the Month in April 2013', '2013-04-30'),
(135, 12, 20, 81, 'Player of the Month in May 2013', '2013-05-30'),
(136, 25, 20, 89, 'Player of the Month in June 2013', '2013-06-27'),
(137, 10, 20, 97, 'Player of the Month in July 2013', '2013-07-25'),
(138, 142, 2, 7, NULL, '2012-09-13'),
(139, 79, 2, 9, NULL, '2012-09-20'),
(140, 17, 2, 14, NULL, '2012-10-09'),
(141, 8, 2, 19, NULL, '2012-10-25'),
(142, 45, 2, 25, NULL, '2012-11-15'),
(143, 105, 2, 35, NULL, '2012-12-20'),
(144, 264, 2, 37, NULL, '2012-12-27'),
(145, 12, 2, 38, 'First Tournanment', '2013-01-01'),
(146, 194, 2, 38, NULL, '2013-01-01'),
(147, 189, 2, 39, NULL, '2013-01-03'),
(148, 17, 2, 40, NULL, '2013-01-08'),
(149, 18, 2, 41, NULL, '2013-01-10'),
(150, 83, 2, 43, NULL, '2013-01-17'),
(151, 3, 2, 43, NULL, '2013-01-17'),
(152, 262, 2, 44, NULL, '2013-01-22'),
(153, 3, 2, 45, NULL, '2013-01-24'),
(154, 146, 2, 48, NULL, '2013-02-05'),
(155, 1, 4, 48, 'Turneu Top January 2013', '2013-02-05'),
(156, 85, 4, 48, 'Royal Flush', '2013-02-05'),
(157, 36, 6, 48, 'Turneu Top January 2013', '2013-02-05'),
(158, 17, 2, 49, NULL, '2013-02-07'),
(159, 51, 2, 49, NULL, '2013-02-07'),
(160, 193, 2, 49, NULL, '2013-02-07'),
(161, 45, 4, 49, NULL, '2013-02-07'),
(162, 459, 2, 38, NULL, '2013-01-01'),
(163, 393, 2, 44, NULL, '2013-01-22'),
(164, 527, 2, 44, NULL, '2013-01-22'),
(165, 523, 2, 48, NULL, '2013-02-05'),
(166, 532, 2, 49, NULL, '2013-02-07'),
(167, 511, 2, 50, NULL, '2013-02-12'),
(168, 34, 6, 56, 'Turneu Top February 2013', '2013-03-05'),
(169, 11, 4, 56, 'Turneu Top February 2013', '2013-03-05'),
(170, 422, 2, 56, NULL, '2013-03-05'),
(171, 443, 2, 56, NULL, '2013-03-05'),
(172, 507, 2, 56, NULL, '2013-03-05'),
(173, 508, 2, 56, NULL, '2013-03-05'),
(174, 33, 2, 58, 'Straight Flush', '2013-03-12'),
(175, 298, 2, 59, NULL, '2013-03-14'),
(176, 254, 2, 60, NULL, '2013-03-19'),
(177, 358, 2, 60, NULL, '2013-03-19'),
(178, 31, 2, 61, 'Straight Flush', '2013-03-21'),
(179, 208, 4, 61, 'Royal Flush', '2013-03-21'),
(180, 552, 2, 61, NULL, '2013-03-21'),
(181, 358, 2, 61, NULL, '2013-03-21'),
(182, 267, 2, 62, NULL, '2013-03-26'),
(183, 553, 2, 62, NULL, '2013-03-26'),
(184, 554, 2, 62, NULL, '2013-03-26'),
(185, 11, 4, 64, 'Turneu Top March 2013', '2013-04-02'),
(186, 69, 6, 64, 'Turneu Top March 2013', '2013-04-02'),
(187, 97, 2, 65, NULL, '2013-04-04'),
(188, 226, 2, 65, NULL, '2013-04-04'),
(189, 378, 2, 68, NULL, '2013-04-16'),
(190, 557, 2, 68, NULL, '2013-04-16'),
(191, 558, 2, 70, NULL, '2013-04-23'),
(192, 3, 4, 71, NULL, '2013-04-25'),
(193, 173, 2, 71, NULL, '2013-04-25'),
(194, 559, 2, 75, NULL, '2013-05-09'),
(195, 560, 2, 75, NULL, '2013-05-09'),
(196, 561, 2, 76, NULL, '2013-05-14'),
(197, 366, 2, 77, NULL, '2013-05-16'),
(198, 1, 2, 78, NULL, '2013-05-21'),
(199, 186, 2, 80, NULL, '2013-05-28'),
(200, 13, 4, 85, NULL, '2013-06-13'),
(201, 83, 6, 85, 'Turneu Top May 2013', '2013-06-13'),
(202, 112, 4, 85, 'Turneu Top May 2013', '2013-06-13'),
(203, 1, 6, 93, 'Turneu Top June 2013', '2013-07-11'),
(204, 25, 4, 93, 'Turneu Top June 2013', '2013-07-11'),
(205, 83, 2, 94, 'Straight Flush', '2013-07-16'),
(206, 27, 2, 96, 'Straight Flush', '2013-07-23'),
(207, 379, 2, 101, 'Straight Flush', '2013-08-22'),
(208, 34, 2, 101, 'Straight Flush', '2013-08-22'),
(209, 76, 20, 103, 'Player of the Month in August 2013', '2013-08-29'),
(210, 154, 10, 103, '3 Final Tables in August 2013', '2013-08-29'),
(211, 76, 10, 103, '3 Final Tables in August 2013', '2013-08-29'),
(212, 17, 10, 103, '3 Final Tables in August 2013', '2013-08-29'),
(213, 504, 10, 103, '3 Final Tables in August 2013', '2013-08-29'),
(214, 32, 5, 103, '2 Final Tables in August 2013', '2013-08-29'),
(215, 18, 5, 103, '2 Final Tables in August 2013', '2013-08-29'),
(216, 283, 5, 103, '2 Final Tables in August 2013', '2013-08-29'),
(217, 172, 5, 103, '2 Final Tables in August 2013', '2013-08-29'),
(218, 2, 5, 103, '2 Final Tables in August 2013', '2013-08-29'),
(219, 169, 5, 103, '2 Final Tables in August 2013', '2013-08-29'),
(220, 27, 5, 103, '2 Final Tables in August 2013', '2013-08-29'),
(221, 342, 5, 103, '2 Final Tables in August 2013', '2013-08-29'),
(222, 34, 5, 103, '2 Final Tables in August 2013', '2013-08-29'),
(223, 18, 10, 47, '3 Final Tables in January 2013', '2013-01-31'),
(224, 83, 2, 79, NULL, '2013-02-19'),
(225, 18, 4, 79, NULL, '2013-02-19'),
(226, 18, 5, 55, '2 Final Tables in February 2013', '2013-02-28'),
(227, 24, 5, 103, '2 Final Tables in August 2013', '2013-08-29'),
(228, 59, 4, 105, 'Royal Flush', '2013-09-04'),
(229, 12, 2, 110, 'Straight Flush', '2013-09-19'),
(231, 2, 2, 110, 'Straight Flush', '2013-09-19'),
(232, 97, 2, 110, 'Straight Flush', '2013-09-19'),
(233, 76, 2, 112, 'Straight Flush', '2013-09-26'),
(234, 76, 5, 112, '2 Final Tables in September 2013', '2013-09-26'),
(235, 53, 5, 112, '2 Final Tables in September 2013', '2013-09-26'),
(236, 32, 5, 112, '2 Final Tables in September 2013', '2013-09-26'),
(237, 116, 5, 112, '2 Final Tables in September 2013', '2013-09-26'),
(238, 24, 5, 112, '2 Final Tables in September 2013', '2013-09-26'),
(239, 34, 5, 112, '2 Final Tables in September 2013', '2013-09-26'),
(240, 18, 5, 112, '2 Final Tables in September 2013', '2013-09-26'),
(241, 504, 5, 112, '2 Final Tables in September 2013', '2013-09-26'),
(242, 21, 10, 112, '3 Final Tables in September 2013', '2013-09-26'),
(243, 79, 10, 112, '3 Final Tables in September 2013', '2013-09-26'),
(244, 169, 20, 112, '4 Final Tables in September 2013', '2013-09-26'),
(245, 154, 20, 112, '4 Final Tables in September 2013', '2013-09-26'),
(246, 10, 30, 112, '5 Final Tables in September 2013', '2013-09-26'),
(247, 154, 20, 112, 'Player of the Month in September 2013', '2013-09-26'),
(248, 603, 10, 47, '3 Final Tables in January 2013', '2013-01-31'),
(249, 603, 2, 38, NULL, '2013-01-01'),
(250, 602, 5, 89, '2 Final Tables in June 2013', '2013-06-27'),
(251, 840, 2, 102, 'Straight Flush', '2013-08-27'),
(252, 840, 10, 103, '3 Final Tables in August 2013', '2013-08-29'),
(253, 840, 2, 95, 'First Tournament', '2013-07-18'),
(254, 840, 2, 107, 'Straight Flush', '2013-09-10');

-- --------------------------------------------------------

--
-- Table structure for table `cache`
--

CREATE TABLE IF NOT EXISTS `cache` (
  `cache_key` varchar(100) NOT NULL,
  `value` mediumtext NOT NULL,
  `entry_time` int(11) NOT NULL,
  UNIQUE KEY `cache_key` (`cache_key`)
) ENGINE=InnoDB DEFAULT CHARSET=utf8;

-- --------------------------------------------------------

--
-- Table structure for table `players`
--

CREATE TABLE IF NOT EXISTS `players` (
  `player_id` mediumint(8) unsigned NOT NULL AUTO_INCREMENT,
  `name_pokerstars` varchar(50) CHARACTER SET ascii DEFAULT NULL,
  `name_filelist` varchar(50) CHARACTER SET ascii DEFAULT NULL,
  `id_filelist` mediumint(9) DEFAULT NULL,
  `member_type` enum('regular','admin') NOT NULL,
  `initial_accumulated_points` mediumint(8) NOT NULL,
  `initial_spent_points` mediumint(8) unsigned NOT NULL,
  `join_date` date DEFAULT NULL,
  `is_member_of_club` tinyint(1) unsigned NOT NULL,
  PRIMARY KEY (`player_id`)
) ENGINE=InnoDB  DEFAULT CHARSET=latin1 AUTO_INCREMENT=884 ;

--
-- Dumping data for table `players`
--

INSERT INTO `players` (`player_id`, `name_pokerstars`, `name_filelist`, `id_filelist`, `member_type`, `initial_accumulated_points`, `initial_spent_points`, `join_date`, `is_member_of_club`) VALUES
(1, 'Mariusss007', 'Marius007', 50466, 'regular', 335, 295, '2011-07-21', 1),
(2, 'aCoLyTe90', 'BivY', 209086, 'regular', 197, 250, '2011-07-21', 1),
(3, 'DDanny49', 'now', 514632, 'regular', 176, 0, '2013-05-09', 1),
(4, 'dorumagda', 'dorumagda', 988491, 'regular', 179, 25, '2012-06-25', 1),
(5, 'Andreyu19', 'Andreyy19', 100423, 'regular', 559, 160, '2011-08-22', 1),
(6, 'a1yn', 'alin', 155195, 'admin', 414, 330, '2011-07-18', 1),
(7, 'Mr. Dawayne', 'Dawayne', 373911, 'regular', 317, 250, '2012-12-13', 1),
(8, 'm.toader79', 'mtoader79', 751821, 'regular', 317, 0, '2011-10-16', 1),
(9, 'Robinhon1', 'Robinhon1', 88071, 'admin', 249, 270, '2011-07-18', 1),
(10, 'ovidiugrecia', 'ovidiugrecia', 815756, 'regular', 29, 0, '2012-07-01', 1),
(11, 'constanti441', 'constantin31', 329286, 'regular', 65, 0, '2012-07-10', 1),
(12, 'C.A''1905', '1905', 532230, 'regular', 0, 0, '2013-01-01', 1),
(13, 'y2kkk', 'y2kkk', 42217, 'regular', 169, 250, '2011-10-27', 1),
(14, 'aragornflro', 'stalker18', 844961, 'regular', 450, 270, '2011-07-18', 1),
(15, 'bratu uzzy', 'bratu94', 933736, 'regular', 38, 0, '2012-05-08', 1),
(16, 'calin1973', 'Emanuela09', 252255, 'regular', 97, 0, '2012-03-12', 1),
(17, 'euRO.stAr99', 'euRO17', 641452, 'regular', 236, 45, '2012-09-07', 1),
(18, 'Cypry@nCCU', 'cypryan11', 1031222, 'regular', 0, 0, '2013-01-10', 1),
(19, 'mnemosyN1', 'mnemosyN1', 846264, 'regular', 106, 80, '2012-08-21', 1),
(20, 'mrallex361', 'tm_35', 527496, 'regular', 64, 0, '2012-08-21', 1),
(21, 'turba1722', 'turba1722', 190958, 'regular', 51, 0, '2011-07-20', 1),
(22, 'petrea757', 'petrea757', 616247, 'regular', 216, 0, '2011-09-13', 1),
(23, 'tisandreasa', 'tisandreas', 621656, 'regular', 152, 0, '2012-01-03', 1),
(24, 'pkr4ever91', 'DarkStarzz', 984797, 'regular', 56, 0, '2012-07-03', 1),
(25, 'redd0g88', 'redd0g88', 797348, 'regular', 0, 0, '2012-12-30', 1),
(26, 'devildom999', 'devildom999', 572745, 'regular', 65, 250, '2011-10-28', 1),
(27, 'mikygigi', 'mikygigi', 197438, 'regular', 253, 0, '2012-02-25', 1),
(28, 'rzraul', 'beelphegor', 150654, 'regular', 91, 330, '2011-07-20', 1),
(29, 'B3nJY8888', 'B3nJY88', 388702, 'regular', 216, 100, '2011-07-25', 1),
(30, 'Cezar Med2', '2bad', 126385, 'regular', 34, 320, NULL, 0),
(31, 'Anymatoru', 'Anymatoru', 565906, 'regular', 27, 250, '2012-01-11', 1),
(32, 'roscamarco', 'marco19', 265068, 'regular', 8, 0, '2012-08-07', 1),
(33, 'jho666', 'jhosecond', 970507, 'regular', 0, 0, '2013-01-03', 1),
(34, 'M4g1cPlayer', 'magicplayer', 133050, 'regular', 186, 490, '2011-07-19', 1),
(35, '~*vallly7*~', 'albrosu', 271259, 'regular', 202, 135, '2011-07-21', 1),
(36, 'Alex.fanzone', 'fanzone', 486144, 'regular', 57, 60, '2013-05-09', 1),
(37, 'parazitu_cs9', 'juncanaru', 510579, 'regular', 14, 0, '2012-07-26', 1),
(38, 'awesome2113', 'awesome21', 500854, 'regular', 226, 0, '2011-07-18', 1),
(39, 'alexsavaFL', 'Yexela', 333318, 'regular', 84, 80, '2011-07-19', 1),
(40, 'B0REX', 'C-Note', 988559, 'regular', 197, 205, '2012-08-25', 1),
(41, 'NSXfan', 'Falken95', 790050, 'regular', 95, 0, '2012-04-03', 1),
(42, 'redboy00', 'redman00', 711085, 'regular', 16, 0, '2012-06-26', 1),
(43, 'Syncr0', 'radu122', 427575, 'regular', 186, 0, '2011-07-31', 1),
(44, 'romy_rko93', 'romyboss93', 437832, 'regular', 188, 250, '2013-09-19', 1),
(45, 'carmelo543', 'melo1', 191790, 'regular', 202, 80, '2011-10-02', 1),
(46, 'sorry68', 'SorrY68', 487351, 'regular', 98, 0, '2011-09-12', 1),
(47, 'Cristiii13', 'chrissu01', 887743, 'regular', 38, 0, '2012-07-24', 1),
(48, 'babyface200', 'babyfacekiller', 145778, 'regular', 205, 135, '2011-07-21', 1),
(49, 'Xstinct14', 'tiesto43v3r', 130543, 'regular', 204, 0, '2011-07-19', 1),
(50, 'Duty004', 'helenutza', 458039, 'regular', 139, 0, '2012-01-24', 1),
(51, 'no name713', 'noname713', 534957, 'regular', 17, 275, '2011-10-03', 1),
(52, 'kuwamaly', 'COLLECTION', 316467, 'regular', 59, 0, '2012-04-27', 1),
(53, 'valytzu8259', 'valytzu8254', 419325, 'regular', 50, 100, '2011-08-05', 1),
(54, 'circiprian', 'circiprian', 767861, 'regular', 179, 0, '2011-12-29', 1),
(55, 'Hiltss', 'SineTimore', 999067, 'regular', 38, 0, '2013-01-22', 1),
(56, 'kykkylik', 'kykyw', 100743, 'regular', 135, 100, '2011-07-19', 1),
(57, '17quaresma17', 'kobe24', 328396, 'regular', 145, 180, '2011-07-20', 1),
(58, 'Tiyawn', 'TheWizardOfLove', 477566, 'regular', 170, 0, '2011-08-17', 1),
(59, 'xeender', 'eduardaxel', 737316, 'admin', 83, 0, '2012-01-23', 1),
(60, 'ShOoPyk', 'ShOoPy', 402035, 'regular', 165, 0, '2012-04-01', 1),
(61, 'mihaip86', 'mihaip86', 147422, 'regular', 214, 330, '2011-08-07', 1),
(62, 'Sir-NyCkY', 'Sir-NyCkY', 596066, 'regular', 83, 250, '2011-09-21', 1),
(63, 'gheorghita_2', 'gheorghitastrong', 324430, 'regular', 166, 30, NULL, 0),
(64, 'endler_18', 'endler', 989187, 'regular', 16, 0, '2012-06-28', 1),
(65, 'TylerD1999', 'TylerDurrden', 239982, 'regular', 148, 80, '2011-12-17', 1),
(66, 'spikee44', 'spike44', 524667, 'regular', 76, 70, '2012-06-03', 1),
(67, '96mindi', 'Mindi96', 474343, 'admin', 110, 250, '2012-09-08', 1),
(68, 'F1rsT-FL', 'F1rsT', 109649, 'regular', 134, 135, '2011-07-18', 1),
(69, 'NELOLEN', 'Nelu27', 228634, 'regular', 0, 0, '2013-01-05', 1),
(70, 'KmN92', 'KmN', 741691, 'regular', 19, 0, '2012-02-09', 1),
(71, 'prikindika', 'flavius216', 487963, 'regular', 144, 0, '2011-08-17', 1),
(72, 'valy93T', 'valy93t', 598867, 'regular', 142, 0, '2011-10-18', 1),
(73, 'Autentificar', 'avioncumotor', 213575, 'regular', 137, 0, '2011-12-05', 1),
(74, 'adimarica', 'adimarica', 454039, 'regular', 49, 0, '2011-08-04', 1),
(75, 'HighStake18', 'WhoAmI', 290509, 'regular', 61, 0, '2012-06-20', 1),
(76, 'VooDooTM', 'VooDoo_DE', 887340, 'regular', 10, 0, '2012-08-02', 1),
(77, 'BogdyFL', 'bogdy1989', 426079, 'admin', 0, 0, '2012-12-07', 1),
(78, NULL, 'h3llspawnFL', 507643, 'regular', 131, 0, NULL, 0),
(79, 'Finalecupe', 'totty10000', 129152, 'regular', 5, 250, '2012-04-09', 1),
(80, 'vlaad20', 'vlad20', 349534, 'regular', 69, 0, '2011-07-21', 1),
(81, 'Poker.Alyn', 'AalynN', 358744, 'regular', 129, 0, '2011-08-04', 1),
(82, 'warchieff', 'warchieff', 697998, 'regular', 0, 0, '2013-05-22', 1),
(83, 'bogdaN0-31 ', 'bogdaN-', 701894, 'regular', 0, 0, '2012-08-24', 1),
(84, 'Rapidistul13', 'gabinho', 562412, 'regular', 107, 0, '2011-10-11', 1),
(85, 'subvii', 'soimA', 300912, 'regular', 224, 0, '2011-07-22', 1),
(86, 'rolex180FL', 'rolex180', 650311, 'regular', 0, 0, '2013-01-10', 1),
(87, NULL, 'PhenomHD', 565322, 'regular', 124, 0, NULL, 0),
(88, 'Chrysk2', 'Chrys', 111849, 'regular', 30, 100, '2011-07-19', 1),
(89, 'Senzatzii', 'Senzatzii', 341642, 'regular', 111, 0, '2011-12-23', 1),
(90, 'bulibasha77', 'rick_1977', 490109, 'regular', 0, 0, '2013-02-04', 1),
(91, 'gheburaS', 'gheburaS', 449483, 'regular', 270, 0, '2011-08-11', 1),
(92, 'angelodacian', 'angelodacian', 429759, 'regular', 39, 250, '2011-07-19', 1),
(93, 'olalas', 'olalas', 989432, 'regular', 5, 0, '2012-08-21', 1),
(94, 'Clericu1', 'Clericust', 666204, 'regular', 117, 0, '2012-03-04', 1),
(95, 'undertakerfl', 'und3r74k3r91', 281639, 'regular', 166, 115, '2011-07-22', 1),
(96, 'bacrs', 'CristiaNNNN', 143792, 'regular', 238, 100, '2011-07-20', 1),
(97, 'gamer9221', 'gamer2192', 154567, 'regular', 0, 0, '2013-04-04', 1),
(98, 'Ciucku', 'Ciucku', 164644, 'regular', 114, 20, '2011-07-20', 1),
(99, 'JapcaRulz', 'Maryusrulz', 348264, 'regular', 100, 0, '2011-08-11', 1),
(100, 'ccionut', 'cimbruciprian', 554215, 'regular', 110, 0, '2012-05-15', 1),
(101, 'picuiulian', 'picuiulian', 10475, 'regular', 18, 0, NULL, 0),
(102, 'Zalenik', 'JQKAndrei', 685325, 'regular', 106, 0, '2011-09-09', 1),
(103, 'kywu', 'kywu', 241196, 'regular', 60, 0, '2012-04-05', 1),
(104, 'BigRaphy', 'Raphy', 626158, 'regular', 80, 0, '2013-01-10', 1),
(105, 'sansir0', 'sansir0', 290300, 'regular', 69, 330, '2011-07-18', 1),
(106, 'TooBizarre', 'TooBizarre', 247263, 'regular', 101, 0, '2011-07-21', 1),
(107, 'Just.Andy165', 'JustAndy94', 496548, 'regular', 98, 0, '2011-12-02', 1),
(108, 'petrean93', 'petrean93', 404523, 'regular', 79, 20, '2011-07-19', 1),
(109, 'IronMaidenFL', 'IronMaiden89', 233064, 'regular', 78, 10, '2012-06-07', 1),
(110, 'waszp', 'waszp', 186099, 'regular', 95, 0, '2012-01-12', 1),
(111, 'dicabrais', 'brais', 295505, 'regular', 188, 0, '2011-10-14', 1),
(112, 'VlaaddVladuS', 'VlaaddVladuS', 994767, 'regular', 0, 0, '2013-03-08', 1),
(113, 'CS.Mrs', 'MosSe', 16111, 'regular', 188, 295, '2011-09-13', 1),
(114, NULL, 'BoboRock', 453274, 'regular', 92, 0, NULL, 0),
(115, 'ryuma2k7', 'ryuma2k7', 64806, 'regular', 39, 0, '2011-07-20', 1),
(116, 'Razzzvanelu', 'L-e-Y-t-O', 204918, 'regular', 14, 250, '2012-01-11', 1),
(117, 'alexpilot2', 'alexpilot', 438490, 'regular', 31, 250, '2012-06-08', 1),
(118, 'csmlive57', 'cosmin2smart4u', 99721, 'regular', 54, 0, '2011-07-21', 1),
(119, 'M3xyknu', 'MM23FCF', 961342, 'regular', 0, 0, '2012-09-06', 1),
(120, 'touscoz', 'touscoz', 1020334, 'regular', 0, 0, '2013-01-08', 1),
(121, 'adryana2016', 'Adryanacrystyna', 899380, 'regular', 57, 0, '2013-03-05', 1),
(122, 'SpeciiAL_br', 'BumBum1994', 379305, 'regular', 0, 0, '2012-12-15', 1),
(123, 'b3ngal3zu', 'b3ngal3zu', 372502, 'regular', 39, 0, '2012-03-11', 1),
(124, 'blureyFL', 'blurey', 510708, 'regular', 26, 0, '2011-09-07', 1),
(125, 'dydutz', 'dydutz', 76355, 'regular', 0, 0, '2012-10-09', 1),
(126, 'catalin560', 'catalin560', 134975, 'regular', 72, 0, '2011-08-31', 1),
(127, 'ionel21238', 'cioky21', 781053, 'regular', 72, 0, '2011-11-15', 1),
(128, 'g36rg3', 'g36rg3', 880756, 'regular', 76, 0, '2011-10-04', 1),
(129, 'Ovydyu10', 'Ovydyu10', 368247, 'regular', 26, 0, '2012-04-22', 1),
(130, 'flaviush22', 'flaviush22', 182794, 'regular', 0, 0, '2012-03-05', 1),
(131, 'adrianbigman', 'adrian7up', 254574, 'regular', 0, 0, '2013-02-06', 1),
(132, 'raulitor', 'CLICkisback', 326798, 'regular', 26, 0, '2012-08-04', 1),
(133, 'nevami', 'nevami', 181883, 'regular', 3, 0, '2013-02-24', 1),
(134, NULL, 'mihaitaeugen', 736780, 'regular', 69, 0, NULL, 0),
(135, 'skymanftw', 'skyman', 17365, 'regular', 0, 0, '2012-12-10', 1),
(136, 'AdyY_13x', 'adysorr1995', 839875, 'regular', 62, 0, '2013-09-05', 0),
(137, 'futaidomnesc', 'Claudyyyu', 516100, 'regular', 68, 0, '2011-11-03', 1),
(138, 'stavix', 'stavix', 173077, 'regular', 0, 0, '2012-06-06', 1),
(139, 'bogdanTimo94', 'bogdantimo94', 843452, 'regular', 24, 0, '2012-04-19', 1),
(140, 'StressFL', 'StressExtrem', 438760, 'regular', 66, 0, '2011-07-19', 1),
(141, 'toby325', 'toby', 492884, 'regular', 60, 0, '2011-07-20', 1),
(142, 'Marcony201', 'SoboLAN', 16476, 'admin', 169, 45, '2011-08-11', 1),
(143, 'endriuftw', 'endriuftw', 678302, 'regular', 63, 0, '2011-07-20', 1),
(144, NULL, 'pbdaniel', 430172, 'regular', 62, 0, NULL, 0),
(145, 'dantiberiu5', 'danutz2010', 445765, 'regular', 61, 0, '2013-02-08', 1),
(146, 'punctuletz88', 'barbucostin1988', 540598, 'regular', 0, 0, '2013-02-05', 1),
(147, 'kmkz3alex', 'Beginner', 204655, 'regular', 0, 0, '2011-10-14', 1),
(148, 'biancalov', 'biancalove', 809591, 'regular', 24, 174, '2012-02-19', 1),
(149, 'nFlorinN', 'florinbun', 644629, 'regular', 22, 0, NULL, 0),
(150, 'SyinnK', 'synn', 236332, 'regular', 57, 0, '2012-01-31', 1),
(151, 'jimilika', 'jimilika', 746094, 'regular', 56, 250, '2011-10-11', 1),
(152, 'xXx69Asu', 'Asu69', 483344, 'regular', 56, 0, '2011-08-21', 1),
(153, 'igla71', 'igla71', 926963, 'regular', 19, 0, '2012-05-05', 1),
(154, 'adyB77', 'nightmare77', 649015, 'admin', 28, 0, '2012-07-02', 1),
(155, 'A2Hm', 'A2Hm', 498622, 'regular', 55, 0, '2011-08-15', 1),
(156, 'DanielX03', 'danutz95', 105960, 'regular', 55, 0, '2012-01-25', 1),
(157, 'M1cuTzU', 'M1cuTzU', 171291, 'regular', 55, 0, '2011-07-27', 1),
(158, NULL, 'opr3a', 176010, 'regular', 55, 0, NULL, 0),
(159, 'claudiud109', 'claudiud109', 12896, 'regular', 2, 0, '2012-08-28', 1),
(160, 'MysticSTR8', 'MysticSTR8', 582749, 'regular', 54, 0, '2011-07-20', 1),
(161, 'AssAssiN120', 'catalangeorge', 478706, 'regular', 53, 250, '2011-10-06', 1),
(162, 'p0ker_k1d20', 'solobanu', 496547, 'regular', 53, 100, '2013-02-14', 1),
(163, 'robbii28', 'robbii28', 562193, 'regular', 17, 0, '2012-08-03', 1),
(164, 'LP205', 'fergusonu', 560765, 'regular', 52, 0, '2011-09-10', 1),
(165, NULL, 'jOyS', 489705, 'regular', 38, 0, NULL, 0),
(166, '16.nxt', 'ON', 533743, 'regular', 52, 0, '2011-07-24', 1),
(167, 'gLitcH86', 'gLitcH', 826858, 'regular', 20, 0, '2012-01-09', 1),
(168, 'skeciu007', 'skeciu007', 483659, 'regular', 271, 25, '2011-09-01', 1),
(169, 'Jst.Adrian', 'Biosh0ck', 470461, 'regular', 0, 0, '2013-01-10', 1),
(170, 'silviu_1784', 'silviu1784', 412199, 'regular', 45, 20, '2011-07-20', 1),
(171, 'iic19', 'iic19', 209471, 'regular', 51, 0, '2012-02-28', 1),
(172, 'bizarro11', 'chelseaAK47', 559518, 'regular', 0, 0, '2013-04-16', 1),
(173, 'IceCoolMC', 'icecool10', 418470, 'regular', 31, 0, '2012-07-24', 1),
(174, NULL, 'NoXiouS', 231269, 'regular', 50, 0, NULL, 0),
(175, 'danihdv', 'danihdv', 771021, 'regular', 0, 0, '2012-04-05', 1),
(176, 'Florian844', 'FlorianKML', 136754, 'regular', 0, 0, '2012-11-23', 1),
(177, NULL, 'pbcata10', 314245, 'regular', 49, 0, NULL, 0),
(178, 'atudor22', 'Atudor', 291930, 'regular', 85, 265, '2012-10-17', 1),
(179, 'JolyJokerFL', 'JolyJoker', 645912, 'regular', 11, 135, '2011-08-05', 1),
(180, 'zigovat0', 'zigovat', 77585, 'regular', 45, 15, '2011-07-19', 1),
(181, 'corin809', 'Corinnn', 527675, 'regular', 28, 120, '2011-07-20', 1),
(182, 'yosilviu01', 'yosilviu01', 898175, 'regular', 0, 0, '2012-08-31', 1),
(183, 'n1tr000', 'n1tr0radu', 493289, 'regular', 43, 10, NULL, 0),
(184, NULL, 'HussleOne', 391813, 'regular', 42, 270, NULL, 0),
(185, 'Deto96', 'Deto96', 705817, 'regular', 0, 0, '2012-09-26', 1),
(186, 'Gautrek', 'Gautrek', 1121404, 'regular', 0, 0, '2013-03-28', 1),
(187, 'abc50de', 'abc50de', 707482, 'regular', 2, 0, '2011-09-07', 1),
(188, 'aLx925', 'LX05', 502974, 'regular', 39, 0, '2011-09-16', 1),
(189, 'Xeenophob', 'Xenophob', 1114310, 'regular', 0, 0, '2013-01-01', 1),
(190, 'alecsx17', 'alecsx17', 649623, 'regular', 50, 0, '2012-05-24', 1),
(191, 'Bbobbo08', 'Bobo08', 482057, 'regular', 38, 0, '2012-01-10', 1),
(192, 'tomycta', 'tomycta', 77248, 'regular', 38, 0, '2011-07-27', 1),
(193, 'AkkaD736', 'Khronic', 386989, 'regular', 206, 0, '2012-04-11', 1),
(194, 'b1nlad3en', 'sirsasuke', 736081, 'regular', 0, 0, '2012-12-24', 1),
(195, 'ChipThief228', 'cr4ck3l', 309499, 'regular', 0, 0, '2012-09-14', 1),
(196, 'haspeishere', 'haspe', 159723, 'regular', 37, 0, '2011-07-18', 1),
(197, 'nebunu989', 'nebunu899', 929303, 'regular', 17, 0, '2012-07-12', 1),
(198, 'RoBi KU990i', 'rbSt', 461958, 'regular', 36, 0, '2011-11-21', 1),
(199, 'Paranaens316', 'RkoEvolution', 625192, 'regular', 0, 0, '2012-09-22', 1),
(200, 'Tiris1', 'Tiris', 88260, 'regular', 35, 100, '2011-07-18', 1),
(201, 'claud1uop', 'claud1uop', 162193, 'regular', 35, 0, '2012-06-03', 1),
(202, 'aziap', 'aziap', 877608, 'regular', 1, 0, '2012-08-05', 1),
(203, 'R23GT', 'R23', 449422, 'regular', 0, 0, '2012-09-18', 1),
(204, 'tessio414', 'tessio', 303852, 'regular', 1, 0, '2012-01-10', 1),
(205, 'rooby4674682', 'ryker', 507515, 'regular', 10, 45, '2011-10-11', 1),
(206, 'AndreIfty', 'Ifty', 646686, 'regular', 12, 0, '2012-08-08', 1),
(207, 'mihaivlad92', 'TheOmen', 503672, 'regular', 33, 0, '2011-11-13', 1),
(208, 'Pyanopsion', 'bobbypacino', 286213, 'regular', 0, 0, '2012-11-26', 1),
(209, 'Mechanic006', 'soareccuaripi', 748518, 'regular', 21, 0, '2012-07-29', 1),
(210, NULL, 'Sh1nN', 455494, 'regular', 31, 0, NULL, 0),
(211, 'Vecinu27', 'Vecinu27', 133834, 'regular', 31, 0, '2011-07-21', 1),
(212, 'FLsunlight', 'sunlight', 117074, 'regular', 15, 85, '2012-09-21', 1),
(213, 'carabasa90', 'Madalin2901', 843845, 'regular', 30, 0, '2012-01-19', 1),
(214, 'Soldier6661', 'Soldier666', 496815, 'regular', 30, 0, '2011-07-20', 1),
(215, 'niposs2', NULL, -1, 'regular', 0, 0, '2012-10-11', 1),
(216, 'radacina19', 'zbenghi', 644276, 'regular', 216, 0, '2011-08-02', 1),
(217, 'andreismiley', 'andreismiley', 244081, 'regular', 29, 0, '2012-03-18', 1),
(218, NULL, 'MiNNNNNT', 312251, 'regular', 29, 0, NULL, 0),
(219, 'Pshyco_666', 'pshyco_666', 852542, 'regular', 28, 0, '2012-01-27', 1),
(220, 'alexno3', 'adyshorule', 283454, 'regular', 2, 0, '2013-03-19', 1),
(221, 'corinnn1', 'Corinnn', 527675, 'regular', 28, 120, '2011-07-21', 1),
(222, 'laurfzr777', 'lauryk92', 124963, 'regular', 28, 0, '2012-06-16', 1),
(223, 'PaulQQAA', 'Paul199313', 213561, 'regular', 0, 0, '2012-11-20', 1),
(224, 'Gravano90', 'Scarface2011', 593940, 'regular', 28, 0, '2011-10-21', 1),
(225, '7eus7', 'Spartacus888', 273094, 'regular', 28, 0, '2011-08-25', 1),
(226, 'Juventiknow', 'Griciu', 7446, 'regular', 0, 0, '2013-04-03', 1),
(227, 'floryk10', 'FlorinDKz', 444711, 'regular', 27, 10, '2011-07-18', 1),
(228, NULL, 'bautch', 450164, 'regular', 27, 0, NULL, 0),
(229, 'lucfal', 'lucfal', 421571, 'regular', 18, 0, '2012-09-17', 1),
(230, 'manutza198', 'manutza1988', 182425, 'regular', 27, 0, '2011-07-26', 1),
(231, 'ove_bv', 'oveee', 346286, 'regular', 26, 0, '2011-12-22', 1),
(232, 'Doamne0Doamn', 'Doamne0Doamne', 272204, 'regular', 26, 15, '2012-08-04', 1),
(233, NULL, 'balazsrichard', 295271, 'regular', 26, 0, NULL, 0),
(234, 'Tataienstein', 'Canttouchthis', 261347, 'regular', 26, 0, '2011-07-31', 1),
(235, 'PikeHunter68', 'PikeHunter', 786882, 'regular', 32, 0, '2012-01-23', 1),
(236, 'SkyBlue-Fl', 'SkyBlue', 522208, 'regular', 25, 250, '2011-09-27', 1),
(237, 'bogdan9310', 'DrBogdan93', 301994, 'regular', 25, 0, '2012-01-09', 1),
(238, 'FireCube28', 'FireCube', 474014, 'regular', 25, 0, '2012-08-10', 1),
(239, 'sorin.srn', 'sorin_daniel', 481505, 'regular', 25, 0, '2011-10-23', 1),
(240, NULL, 'versace', 513580, 'regular', 25, 0, NULL, 0),
(241, 'doggy18poker', 'doggy18', 98064, 'admin', 0, 302, '2011-07-18', 1),
(242, 'alexanderm99', 'alexander1800', 270287, 'regular', 0, 0, '2012-09-08', 1),
(243, 'xmanro', 'anonimo', 862086, 'regular', 0, 0, '2012-10-23', 1),
(244, 'RavenQ2', 'RevanQ', 232602, 'regular', 3, 0, '2012-06-05', 1),
(245, NULL, 'seNns', 428468, 'regular', 24, 0, NULL, 0),
(246, 'clau89suciu', 'ClaVudiu', 605525, 'regular', 0, 0, '2012-09-24', 1),
(247, 'coddy500', 'coddy007', 1014497, 'regular', 7, 0, '2012-08-16', 1),
(248, 'VaaDx', 'vaadx', 467256, 'regular', 66, 250, '2011-07-26', 1),
(249, 'RobertCCU', 'AditaMessi', 580004, 'regular', 0, 0, NULL, 0),
(250, 'Kr00s277', 'Grafitte277', 645027, 'regular', 23, 0, '2012-07-21', 1),
(251, 'KagaN-FL', 'KagaN', 171037, 'regular', 5, 0, '2011-09-01', 1),
(252, 'veritat', 'mariusikah', -1, 'regular', 23, 0, '2012-04-17', 1),
(253, 'Pufiloi', 'Tzipirica18', 14002, 'regular', 0, 0, '2013-02-05', 1),
(254, 'TomyGT1002', 'TomyGT', 935843, 'regular', 0, 0, '2013-03-19', 1),
(255, 'MosHuBM', 'radu33', 107253, 'regular', 0, 0, '2012-12-09', 1),
(256, 'rodul', 'al3xdyablo', 86171, 'regular', 0, 0, '2012-12-27', 1),
(257, 'thugking94', 'thugking94', 17663, 'regular', 22, 100, '2011-08-02', 1),
(258, 'manias007', 'manias', 473939, 'regular', 0, 0, '2012-07-24', 1),
(259, 'meganu700', 'minim', 158658, 'regular', 22, 0, '2011-07-26', 1),
(260, 'seby123456', 'seby123456', 315795, 'regular', 22, 0, '2012-06-08', 1),
(261, 'Dany3010q', 'Dany3010q', 538372, 'regular', 16, 0, '2011-08-11', 1),
(262, 'Ghosty18', 'Flnmms', 182757, 'regular', 133, 0, '2012-04-03', 1),
(263, 'Mitzsa07', 'Mitzsa', 565787, 'regular', 21, 0, '2011-07-23', 1),
(264, 'CrisstinaMe', 'pauLL86', 716868, 'regular', 0, 0, '2012-11-28', 1),
(265, NULL, 'PettyMyth', 54437, 'regular', 21, 0, NULL, 0),
(266, 'KaveNNN', 'darktupac', 105005, 'regular', 0, 0, '2012-01-29', 1),
(267, 'crunkkid666', 'CrunkKid', 468147, 'regular', 0, 0, '2013-03-23', 1),
(268, NULL, 'robbyy10', 441193, 'regular', 20, 15, NULL, 0),
(269, 'ClaudSports', 'iTzKlaus', 218394, 'regular', 0, 0, '2011-08-01', 1),
(270, 'Cosmin90FL', 'Cosmin90', 588356, 'regular', 20, 0, '2011-10-02', 1),
(271, NULL, 'DeepKiss', 471693, 'regular', 20, 0, NULL, 0),
(272, 'criste346', 'georgi_ever10', 691176, 'regular', 20, 0, '2012-04-18', 1),
(273, 'mihailevi', 'mitza_boy', 487145, 'regular', 20, 0, '2011-11-15', 1),
(274, 'D0rU168', 'D0rU16', 596305, 'regular', 0, 0, '2012-08-08', 1),
(275, NULL, 'and87', 276355, 'regular', 19, 0, NULL, 0),
(276, NULL, 'iuliano4girls', 451597, 'regular', 19, 0, NULL, 0),
(277, 'jijitzu', 'jijitzu', 265985, 'regular', 19, 0, '2011-08-14', 1),
(278, 'PetitMafioso', 'PetitMafioso', 965172, 'regular', 19, 0, '2012-05-28', 1),
(279, 'grozaewb', 'qristi', 483734, 'regular', 19, 0, '2011-12-29', 1),
(280, 'Kid*radu', 'radu322413', 407684, 'regular', 13, 0, '2011-07-23', 1),
(281, NULL, 'scorpioro', 485584, 'regular', 19, 0, NULL, 0),
(282, NULL, 'stelioBB', 413916, 'regular', 19, 0, NULL, 0),
(283, 'ClaudiaS1', 'Silv3rFang', 863962, 'regular', 0, 0, '2012-09-13', 1),
(284, NULL, 'balexis', 278095, 'regular', 18, 0, NULL, 0),
(285, NULL, 'Baluba15', 281087, 'regular', 18, 0, NULL, 0),
(286, NULL, 'd3ro', 76646, 'regular', 18, 0, NULL, 0),
(287, 'omsqo26', 'oMSQo26', 302679, 'regular', 0, 0, '2012-11-20', 1),
(288, NULL, 'zambaret', 8646, 'regular', 18, 0, NULL, 0),
(289, 'Coracer', 'Coracer2005', 445769, 'regular', 17, 100, '2011-07-18', 1),
(290, NULL, 'alexutzu10', 158208, 'regular', 17, 0, NULL, 0),
(291, 'chisca89', 'corbu', 24362, 'regular', 17, 0, '2012-06-28', 1),
(292, NULL, 'DjElectro', 234278, 'regular', 17, 0, NULL, 0),
(293, 'ImparaT688', 'florea1985', 144236, 'regular', 17, 0, '2012-06-12', 1),
(294, 'ghighi666', 'grigore18', 424564, 'regular', 17, 0, '2011-09-10', 1),
(295, NULL, 'iulia001', 52530, 'regular', 0, 0, NULL, 0),
(296, 'ShrekanBoRO', 'Shrekan', 526011, 'regular', 17, 0, '2011-08-17', 1),
(297, 'vladtzzz', 'vladtz', 410189, 'regular', 17, 0, '2011-11-29', 1),
(298, 'CRiCU90', 'CRiCU', 144720, 'regular', 0, 0, '2013-03-07', 1),
(299, 'joltytech', 'joltytech', 90517, 'regular', 36, 0, '2012-05-10', 1),
(300, NULL, 'ValyTM23', 395341, 'regular', 16, 10, NULL, 0),
(301, 'ZeusJR1994', 'crystylaurentyu', 753433, 'regular', 16, 0, '2011-10-29', 1),
(302, 'reikkoo', 'CRYTEK', 18677, 'regular', 16, 0, '2012-01-15', 1),
(303, 'Curseinc', 'Curseinc', 992455, 'regular', 16, 0, '2012-07-03', 1),
(304, NULL, 'winnetou3', 145288, 'regular', 16, 0, NULL, 1),
(305, NULL, 'cLeaN', 485438, 'regular', 15, 30, NULL, 1),
(306, 'alinbulina', 'alinbulina', 290030, 'regular', 15, 25, '2011-07-19', 1),
(307, '_BoDi_92', 'Bogdan_Aiud', 679783, 'regular', 0, 0, '2012-08-30', 1),
(308, NULL, '1NF3C7ED', 450081, 'regular', 15, 0, NULL, 1),
(309, 'valyca26', 'hugahuga', 343215, 'regular', 10, 0, '2011-11-22', 1),
(310, NULL, 'Iustitia', 434406, 'regular', 15, 0, NULL, 1),
(311, 'ktr1nel', 'ktr1nel', 628956, 'regular', 15, 0, '2011-12-27', 1),
(312, 'Mada_Cr7', 'petcu_mada', 790760, 'regular', 0, 0, '2013-01-30', 1),
(313, 'Raizen45', 'raizen45', 542358, 'regular', 15, 0, '2011-10-13', 1),
(314, 'breaz_v95', 'salazar95', 244192, 'regular', 15, 0, '2012-07-12', 1),
(315, 'valramys', 'valeriu1991', 554778, 'regular', 0, 0, '2012-11-20', 1),
(316, 'H_xpthck', 'Alexanderson', 42748, 'regular', 0, 0, '2012-09-18', 1),
(317, 'AdrianC94', 'MiNNNNNT', 312251, 'regular', 29, 0, '2013-06-16', 1),
(318, 'Adryano13', 'Apocalypto', 394661, 'regular', 13, 0, '2012-03-01', 1),
(319, NULL, 'capdenuca', 253226, 'regular', 14, 0, NULL, 1),
(320, 'cosmin930', 'cosmin93', 479814, 'regular', 14, 0, '2011-08-18', 1),
(321, 'Coster23', 'coster23', 41560, 'regular', 14, 0, '2011-09-15', 1),
(322, NULL, 'HooSoo', 183268, 'regular', 14, 0, NULL, 1),
(323, NULL, 'Ionutcr79', 402699, 'regular', 0, 0, NULL, 1),
(324, 'ktz695', 'ktz695a', 460032, 'regular', 14, 0, '2012-06-24', 1),
(325, 'tavynio', 'nick91', 272609, 'regular', 14, 0, '2012-06-01', 1),
(326, 'Ione24', 'QLx', 480240, 'regular', 14, 0, '2011-07-22', 1),
(327, 'Tra1an', 'TRaian899', NULL, 'regular', 5, 0, '2012-04-10', 1),
(328, 'cra5e7x', 'rOmaNx3m', 225422, 'regular', 0, 0, '2011-12-08', 1),
(329, 'KenZz0r', 'kezz', 431668, 'regular', 13, 100, '2011-07-19', 1),
(330, NULL, 'fictive', 98283, 'regular', 8, 0, NULL, 1),
(331, NULL, 'ghyoo111', 492882, 'regular', 13, 0, NULL, 1),
(332, 'haosel', 'haosel', NULL, 'regular', 0, 0, '2012-09-18', 1),
(333, NULL, 'Ionutz24', 217297, 'regular', 14, 0, NULL, 1),
(334, NULL, 'lauciungu', 331979, 'regular', 13, 0, NULL, 1),
(335, 'Mischiu', 'Mischiu', 479460, 'regular', 0, 0, '2012-10-13', 1),
(336, NULL, 'nicknameunknown', 314899, 'regular', 13, 0, NULL, 1),
(337, 'TheLegist', NULL, NULL, 'regular', 0, 0, '2013-03-29', 1),
(338, 'i@Ny17', 'BESTIAHD', 121677, 'regular', 0, 0, '2012-11-19', 1),
(339, NULL, 'sllikzor', 376251, 'regular', 12, 25, NULL, 1),
(340, 'MosCracanila', 'MosCracanila', 254665, 'regular', 12, 5, '2011-10-13', 1),
(341, 'badelff', 'badelf', 542709, 'regular', 12, 0, '2011-08-28', 1),
(342, 'Barbon333', 'Barbon33', 412656, 'regular', 0, 0, '2012-10-13', 1),
(343, NULL, 'cosminfotbalistu', 97624, 'regular', 12, 0, NULL, 1),
(344, NULL, 'CristianV', 388884, 'regular', 12, 0, NULL, 1),
(345, NULL, 'purcelul', 441019, 'regular', 12, 0, NULL, 1),
(346, 'bricheta11', 'razvanelvlad', 522849, 'regular', 0, 0, '2012-12-20', 1),
(347, NULL, 'saydfv', 149683, 'regular', 12, 0, NULL, 1),
(348, 'andreisro2', '1n3x', 444591, 'regular', 0, 0, '2012-09-26', 1),
(349, NULL, 'anto93s', 479470, 'regular', 11, 0, NULL, 1),
(350, 'Arabu101', 'Arabu101', 923181, 'regular', 0, 0, '2012-04-17', 1),
(351, 'broasca21', 'broasca21', 556401, 'regular', 0, 0, '2012-07-07', 1),
(352, NULL, 'Cristal312', 451729, 'regular', 11, 0, NULL, 1),
(353, 'Ted Bundi', 'CYoung', 675765, 'regular', 11, 0, '2011-11-18', 1),
(354, 'marianp93', 'marianparaschiv93', 733320, 'regular', 11, 0, '2012-07-13', 1),
(355, 'Mita83FL', 'Mita83', 236898, 'regular', 11, 0, '2012-03-21', 1),
(356, NULL, 'SmocK', 25213, 'regular', 11, 0, NULL, 1),
(357, NULL, 'un3', 237734, 'regular', 11, 0, NULL, 1),
(358, 'alinush777', 'alinush01', 414525, 'regular', 0, 0, '2013-03-15', 1),
(359, 'CLICKIT1993', 'CLICKIT', 109681, 'regular', 10, 45, '2011-11-22', 1),
(360, 'anarchy20', 'anarchyboy', 371783, 'regular', 10, 0, '2011-07-24', 1),
(361, NULL, 'dny00', 479632, 'regular', 10, 0, NULL, 1),
(362, NULL, 'Jakkal', 189114, 'regular', 10, 0, NULL, 1),
(363, 'kosty2491', 'kosty91', 667570, 'regular', 10, 0, '2011-11-29', 1),
(364, 'malkaff', 'malkaff', 268503, 'regular', 10, 0, '2011-07-26', 1),
(365, 'razvano10', 'razvano10', 994736, 'regular', 10, 0, '2012-08-07', 1),
(366, 'Coldblood94', 'adrianBK', 80930, 'regular', 0, 0, '2013-05-14', 1),
(367, NULL, 'bogdan16', 296971, 'regular', 9, 30, NULL, 1),
(368, 'almaryus', 'almaryus', 436871, 'regular', 9, 25, '2013-04-11', 1),
(369, 'bladeutza', 'alex0382', 371241, 'regular', 9, 0, '2011-09-23', 1),
(370, NULL, 'borcau', 83075, 'regular', 9, 0, NULL, 1),
(371, NULL, 'cyprysrk', 476144, 'regular', 9, 0, NULL, 1),
(372, NULL, 'danysorhent', 387001, 'regular', 9, 0, NULL, 1),
(373, NULL, 'lungau', 361270, 'regular', 9, 0, NULL, 1),
(374, 'PeTrY.07', 'petry_2807', 803358, 'regular', 9, 0, '2011-12-08', 1),
(375, 'Raillici', 'Raillici', 272883, 'regular', 9, 0, '2012-03-24', 1),
(376, NULL, 'Savior', 270401, 'regular', 9, 0, NULL, 1),
(377, 'robb_billy', 'sirbillyboy', 239252, 'regular', 0, 0, '2012-08-14', 1),
(378, 'subtensiune', 'eustachees', 1119734, 'regular', 0, 0, '2013-04-07', 1),
(379, 'ag3nt00', 'alinPLAY', 338652, 'regular', 2, 0, '2013-03-27', 1),
(380, NULL, 'alex599', 81369, 'regular', 8, 15, NULL, 1),
(381, 'MiYsTyC', 'Cristy28', 475972, 'regular', 8, 10, '2011-11-21', 1),
(382, 'costa488', 'costaone', 746823, 'regular', 8, 0, '2011-11-05', 1),
(383, 'FilipRisnita', 'FilipRisnita', 656919, 'regular', 8, 0, '2012-06-24', 1),
(384, 'Pampard', 'GearMan', 906838, 'regular', 2, 0, '2012-05-31', 1),
(385, NULL, 'lexu00', 323773, 'regular', 8, 0, NULL, 1),
(386, NULL, 'marian91moro', 464716, 'regular', 8, 0, NULL, 1),
(387, 'mihaimica', 'mihaimica', 607748, 'regular', 8, 0, '2012-02-06', 1),
(388, 'allannya', 'nya', 7768, 'regular', 8, 0, '2012-02-08', 1),
(389, NULL, 'salvari', 416153, 'regular', 8, 0, NULL, 1),
(390, NULL, 'Sp8ky', 291201, 'regular', 8, 0, NULL, 1),
(391, NULL, 'Symbyan', 222016, 'regular', 8, 0, NULL, 1),
(392, NULL, 'yonut16', 355840, 'regular', 8, 0, NULL, 1),
(393, 'pac3191', 'makaveli71', 170396, 'regular', 0, 0, '2012-09-07', 1),
(394, '2fish2play', 'Advenio', 569211, 'regular', 7, 25, '2013-02-19', 1),
(395, NULL, 'Symby0t3', 246049, 'regular', 7, 15, NULL, 1),
(396, NULL, 'alecsutz', 10910, 'regular', 7, 0, NULL, 1),
(397, NULL, 'andreihdv', NULL, 'regular', 0, 0, NULL, 1),
(398, NULL, 'FRTz', 146833, 'regular', 7, 0, NULL, 1),
(399, NULL, 'hidrogeNN', 449669, 'regular', 7, 0, NULL, 1),
(400, NULL, 'izm0', 268506, 'regular', 7, 0, NULL, 1),
(401, NULL, 'L3goLas', 413179, 'regular', 7, 0, NULL, 1),
(402, NULL, 'Reborn123', 197732, 'regular', 7, 0, NULL, 1),
(403, 'Roxy0', 'Roxy0', 271557, 'regular', 7, 0, '2012-06-05', 1),
(404, 'OzzY.Bakura', 'Schram', 470253, 'regular', 7, 0, '2012-07-05', 1),
(405, NULL, 'steaua123', 369966, 'regular', 7, 0, NULL, 1),
(406, 'xchelu', 'xchelu', 823643, 'regular', 7, 0, '2011-12-30', 1),
(407, NULL, 'vastoone', 460629, 'regular', 6, 10, NULL, 1),
(408, 'psantonio17', 'skywalkerton', 114599, 'regular', 0, 0, '2012-10-17', 1),
(409, 'omarqias002', 'andreiutzu95', 369794, 'regular', 6, 0, '2011-09-14', 1),
(410, NULL, 'ANk3r', 280591, 'regular', 6, 0, NULL, 1),
(411, NULL, 'BarbaRosie', 46337, 'regular', 6, 0, NULL, 1),
(412, NULL, 'Cristinelll', 352469, 'regular', 6, 0, NULL, 1),
(413, NULL, 'EldesT', 304091, 'regular', 6, 0, NULL, 1),
(414, NULL, 'GGHon', 385464, 'regular', 6, 0, NULL, 1),
(415, NULL, 'LegolasT', 636753, 'regular', 6, 0, NULL, 1),
(416, NULL, 'mane007', 454456, 'regular', 6, 0, NULL, 1),
(417, NULL, 'onciulalexandru', 179180, 'regular', 6, 0, NULL, 1),
(418, 'MasterAlex26', 'Raizo26', 529801, 'regular', 6, 0, '2012-03-01', 1),
(419, NULL, 'tudortudor80', 152185, 'regular', 6, 0, NULL, 1),
(420, 'speeddoom', 'cryss19', 1033101, 'regular', 0, 0, '2013-03-25', 1),
(421, 'mexicanu1990', NULL, NULL, 'regular', 0, 0, '2013-06-17', 1),
(422, 'gaby_zarny', 'gaby_zarny', 475245, 'regular', 3, 0, '2013-03-03', 1),
(423, 'bulbi91', 'bogdybossu', 538816, 'regular', 5, 100, '2011-11-28', 1),
(424, 'mk225_fl', 'mk225', 871702, 'regular', 17, 0, '2012-03-29', 1),
(425, 'abc95de', 'abc95de', 494448, 'regular', 5, 0, '2011-09-07', 1),
(426, 'dinulike', 'al3kzandEr', 560756, 'regular', 0, 0, '2012-10-18', 1),
(427, 'c7audiu', 'c7audiu', 478713, 'regular', 5, 0, '2011-07-25', 1),
(428, NULL, 'Cezu', 148105, 'regular', 5, 0, NULL, 1),
(429, NULL, 'Cosminho9', NULL, 'regular', 5, 0, NULL, 1),
(430, NULL, 'Dariusz0rseN', 469482, 'regular', 5, 0, NULL, 1),
(431, NULL, 'djskull', 158609, 'regular', 5, 0, NULL, 1),
(432, NULL, 'floryn97', 366042, 'regular', 5, 0, NULL, 1),
(433, NULL, 'jeorge', 182974, 'regular', 5, 0, NULL, 1),
(434, NULL, 'lampardd', 396394, 'regular', 5, 0, NULL, 1),
(435, 'MaDaLLiN08', 'MaDaLLiN08', 316302, 'regular', 5, 0, '2011-08-24', 1),
(436, NULL, 'map3cz', 84315, 'regular', 5, 0, NULL, 1),
(437, 'mariustiger1', 'mariustiger', 586390, 'regular', 5, 0, '2012-07-18', 1),
(438, 'lungu9', 'nanesudhop', 434956, 'regular', 5, 0, '2011-09-16', 1),
(439, NULL, 'nightcrowler89', 322300, 'regular', 5, 0, NULL, 1),
(440, NULL, 'pupharina', 148728, 'regular', 5, 0, NULL, 1),
(441, 'StephenRO', 'StephenRO', 558215, 'regular', 0, 0, '2012-08-21', 1),
(442, 'Dragos Taz', 'TAzZ333', 284197, 'regular', 5, 0, '2013-08-22', 1),
(443, 'Maximus094', 'KILLERTAY', 201332, 'regular', 0, 0, '2013-02-12', 1),
(444, NULL, '91katalyn91', 450291, 'regular', 4, 0, NULL, 1),
(445, 'r3on', 'AlbuStracci', 151857, 'regular', 4, 0, '2012-04-03', 1),
(446, NULL, 'BamssyBad', 465536, 'regular', 4, 0, NULL, 1),
(447, NULL, 'bandes', 177394, 'regular', 4, 0, NULL, 1),
(448, NULL, 'Blur19', 248683, 'regular', 4, 0, NULL, 1),
(449, NULL, 'dannymix', 414100, 'regular', 4, 0, NULL, 1),
(450, NULL, 'dittzzuu?', 457205, 'regular', 4, 0, NULL, 1),
(451, NULL, 'djdaci', 357703, 'regular', 4, 0, NULL, 1),
(452, 'enecosmin91', 'ZaIrXXL', 815966, 'regular', 0, 0, '2012-08-13', 1),
(453, 'sorin_mb', 'romanasu1', 126640, 'regular', 4, 0, '2012-06-03', 1),
(454, 'ScippeR1', 'ScippeR1', 890145, 'regular', 4, 0, '2012-03-31', 1),
(455, NULL, 'sholanu18', 341646, 'regular', 4, 0, NULL, 1),
(456, NULL, 'uacy', 394543, 'regular', 4, 0, NULL, 1),
(457, NULL, 'viorax', 103980, 'regular', 4, 0, NULL, 1),
(458, 'xwoman2010', 'xwoman', 522065, 'regular', 0, 0, '2012-10-30', 1),
(459, 'rebelu07', 'rebelu07', 469652, 'regular', 0, 0, '2012-12-29', 1),
(460, 'SamyCl', 'Saammy', 913305, 'regular', 0, 0, '2013-05-30', 1),
(461, 'alynutzu21', 'alynutzu21', 275083, 'regular', 3, 50, '2011-08-01', 1),
(462, NULL, 'alen', 115084, 'regular', 3, 0, NULL, 1),
(463, NULL, 'aloop', 290481, 'regular', 3, 0, NULL, 1),
(464, NULL, 'andreiru', 93582, 'regular', 3, 0, NULL, 1),
(465, NULL, 'ASR13', 302177, 'regular', 3, 0, NULL, 1),
(466, NULL, 'b0gdan', 8733, 'regular', 3, 0, NULL, 1),
(467, NULL, 'beaubere', 103026, 'regular', 3, 0, NULL, 1),
(468, 'brotheru13', 'brotheru13', 731621, 'regular', 3, 0, '2012-05-14', 1),
(469, NULL, 'Claoo12nep', 189656, 'regular', 3, 0, NULL, 1),
(470, 'crisysable', 'crisysable', 594589, 'regular', 0, 0, '2012-11-07', 1),
(471, NULL, 'cucubau97', 477667, 'regular', 3, 0, NULL, 1),
(472, 'lovendal86', 'DaftPunk', 494767, 'regular', 0, 0, '2012-10-14', 1),
(473, NULL, 'diabolik88', 216669, 'regular', 3, 0, NULL, 1),
(474, NULL, 'eastinfecter', 402147, 'regular', 3, 0, NULL, 1),
(475, NULL, 'ekKo', 108399, 'regular', 3, 0, NULL, 1),
(476, NULL, 'GeorgeDaniel', 529633, 'regular', 3, 0, NULL, 1),
(477, NULL, 'kme', 167619, 'regular', 3, 0, NULL, 1),
(478, NULL, 'krestos', 120360, 'regular', 3, 0, NULL, 1),
(479, NULL, 'Leka', 126883, 'regular', 3, 0, NULL, 1),
(480, NULL, 'leon12', 122409, 'regular', 3, 0, NULL, 1),
(481, NULL, 'Magnificul10', 450803, 'regular', 3, 0, NULL, 1),
(482, NULL, 'mariuspiticu1', 245713, 'regular', 3, 0, NULL, 1),
(483, NULL, 'Mutulik10', 443434, 'regular', 3, 0, NULL, 1),
(484, NULL, 'Naka7a', 68859, 'regular', 3, 0, NULL, 1),
(485, NULL, 'PicincuA', 169541, 'regular', 3, 0, NULL, 1),
(486, NULL, 'pootzamik', 117048, 'regular', 3, 0, NULL, 1),
(487, NULL, 'razvan2you', 292221, 'regular', 3, 0, NULL, 1),
(488, NULL, 'razvanbld', 161430, 'regular', 3, 0, NULL, 1),
(489, NULL, 'RoAres', 477722, 'regular', 3, 0, NULL, 1),
(490, 'Roman alexan', 'romanalexandru', 421695, 'regular', 0, 0, '2012-11-02', 1),
(491, 'sabin2394', 'sabin2394', 526679, 'regular', 0, 0, '2012-12-27', 1),
(492, NULL, 'shadowterror', 217784, 'regular', 3, 0, NULL, 1),
(493, NULL, 'ShakeShakeAdy', 204077, 'regular', 3, 0, NULL, 1),
(494, NULL, 'stefanlazar', 148635, 'regular', 3, 0, NULL, 1),
(495, NULL, 'Teneros', 65678, 'regular', 3, 0, NULL, 1),
(496, NULL, 'TheKillerG', 165705, 'regular', 3, 0, NULL, 1),
(497, NULL, 'TheLegendary', 452426, 'regular', 3, 0, NULL, 1),
(498, NULL, 'uglykidsatan', 36031, 'regular', 3, 0, NULL, 1),
(499, NULL, 'wh173t1g3r', 183176, 'regular', 3, 0, NULL, 1),
(500, NULL, 'wwwasds', 367130, 'regular', 3, 0, NULL, 1),
(501, 'xmanro2012', 'xman', 145567, 'regular', 2, 0, '2012-11-30', 1),
(502, NULL, 'Yeezy', 474231, 'regular', 3, 0, NULL, 1),
(503, 'LAUBOSS26', 'lau95', 448786, 'regular', 0, 0, '2013-05-28', 1),
(504, 'baboi77', 'adriani77', 896506, 'regular', 0, 0, '2013-07-11', 1),
(505, 'AdriAdrian06', 'AdRiaN0696', 484428, 'regular', 0, 0, '2013-03-11', 1),
(506, 's1r.FL', 'S1r1us', 286966, 'regular', 10, 0, '2012-08-07', 1),
(507, 'EterNo-RO', 'EterNo', 520823, 'regular', 0, 0, '2013-01-29', 1),
(508, 'TheK-PAXian', 'TheKPAXian', 95021, 'regular', 0, 0, '2012-11-08', 1),
(509, 'costy_ph89', 'daredevil66', 479691, 'regular', 0, 0, '2013-01-15', 1),
(510, 'madax969', 'PinheadT', 646734, 'regular', 0, 0, '2013-01-31', 1),
(511, '[RO]adygeo', 'libertyman', 547684, 'regular', 0, 0, '2012-06-08', 1),
(512, 'DarkEditiion', 'DarkEdition', 605049, 'regular', 2, 25, '2011-12-22', 1),
(513, NULL, 'Deian14', 507562, 'regular', 2, 10, NULL, 1),
(514, NULL, 'Akuro', 375663, 'regular', 2, 0, NULL, 1),
(515, NULL, 'alexutzucool09', 440790, 'regular', 2, 0, NULL, 1),
(516, NULL, 'alexx18', 295040, 'regular', 2, 0, NULL, 1),
(517, NULL, 'alinPLAY', 338652, 'regular', 2, 0, NULL, 1),
(518, NULL, 'AnDr3Y08', 190401, 'regular', 2, 0, NULL, 1),
(519, NULL, 'Aniytza247', 274265, 'regular', 2, 0, NULL, 1),
(520, 'KoRTeX246', 'Cernesti9', 375238, 'regular', 0, 0, '2013-01-30', 1),
(521, NULL, 'changes', 463494, 'regular', 2, 0, NULL, 1),
(522, NULL, 'cyocyu', 67893, 'regular', 2, 0, NULL, 1),
(523, 'daniD93', 'daniIG', 1067299, 'regular', 0, 0, '2013-01-24', 1),
(524, 'UnderSRL', 'dark2013', 566725, 'regular', 0, 0, '2013-01-31', 1),
(525, NULL, 'DECOSTAR', 333399, 'regular', 2, 0, NULL, 1),
(526, 'filelist11', 'filelist111', 458117, 'regular', 2, 0, '2011-07-27', 1),
(527, 'Floris79', 'Floris1979Romania', NULL, 'regular', 0, 0, '2012-09-16', 1),
(528, NULL, 'GeorgeClaudiu1994', 464069, 'regular', 2, 0, NULL, 1),
(529, NULL, 'gheorghita', 31756, 'regular', 2, 0, NULL, 1),
(530, NULL, 'greekuuu', 77124, 'regular', 2, 0, NULL, 1),
(531, NULL, 'iPoco', 379759, 'regular', 2, 0, NULL, 1),
(532, 'Jdey0', 'Jdey', 649040, 'regular', 0, 0, '2013-01-20', 1),
(533, NULL, 'joga', 69551, 'regular', 2, 0, NULL, 1),
(534, NULL, 'k3r0s3x', 143260, 'regular', 2, 0, NULL, 1),
(535, NULL, 'kyro', 152251, 'regular', 2, 0, NULL, 1),
(536, NULL, 'MateRiaLLo', 407003, 'regular', 2, 0, NULL, 1),
(537, NULL, 'mattster93', 252489, 'regular', 2, 0, NULL, 1),
(538, NULL, 'mfcata', 322919, 'regular', 2, 0, NULL, 1),
(539, 'drg.stefan', 'MiNG', 477258, 'regular', 2, 0, '2012-02-01', 1),
(540, NULL, 'MrCarter', 333072, 'regular', 2, 0, NULL, 1),
(541, NULL, 'Omaar', 156447, 'regular', 2, 0, NULL, 1),
(542, NULL, 'ovidyuszz', 157095, 'regular', 2, 0, NULL, 1),
(543, NULL, 'Potera', 429513, 'regular', 2, 0, NULL, 1),
(544, 'axell_2210', 'raimond', 237254, 'regular', 0, 0, '2012-12-11', 1),
(545, 'WOWcristiWOW', 'randyyyy', 92583, 'regular', 0, 0, '2013-02-03', 1),
(546, NULL, 'REda', 390504, 'regular', 2, 0, NULL, 1),
(547, NULL, 'Rostov', 464138, 'regular', 2, 0, NULL, 1),
(548, 'thefenomeno1', 'thefenomeno1', 614535, 'regular', 0, 0, '2012-10-06', 1),
(549, NULL, 'tibigrecu', 122635, 'regular', 2, 0, NULL, 1),
(550, NULL, 'Tksandman', 329887, 'regular', 2, 0, NULL, 1),
(551, 'Trelekus', 'Trelekus', 93970, 'regular', 2, 0, '2011-11-04', 1),
(552, 'VishuMic', 'vishus', 961217, 'regular', 0, 0, '2013-02-20', 1),
(553, 'ghimpe123', 'ghimpe123', 982555, 'regular', 0, 0, '2013-03-22', 1),
(554, 'CuPy1', 'CuPy', 94470, 'regular', 0, 0, '2013-03-20', 1),
(555, 'marrianne_fd', 'marianne', 433763, 'regular', 0, 0, '2013-03-28', 1),
(556, 'IustitaFL', 'Iustitia', 434406, 'regular', 15, 0, '2013-03-28', 1),
(557, 'morbidan', 'morbidan', 477988, 'regular', 0, 0, '2013-04-09', 1),
(558, 'Jok3r0n3', 'Ghereton', 640923, 'regular', 0, 0, '2013-04-02', 1),
(559, 'Usb123s', 'usb123', 690354, 'regular', 0, 0, '2013-05-09', 1),
(560, 'pok3rk1ing', 'cinci1', 299211, 'regular', 0, 0, '2013-05-08', 1),
(561, 'zgtmc2', 'drgak47', 848242, 'regular', 0, 0, '2013-05-14', 1),
(562, 'DnXdEnYx', 'DnXdEnYx', 319990, 'regular', 182, 60, '2012-01-05', 1),
(563, 'the_jok3r999', 'jok3r999', 654215, 'regular', 0, 0, '2012-09-08', 1),
(564, NULL, 'alynkiddxx', 472766, 'regular', 1, 0, NULL, 1),
(565, NULL, 'aveclaudiu21', 301717, 'regular', 1, 0, NULL, 1),
(566, NULL, 'blondu19', 274453, 'regular', 1, 0, NULL, 1),
(567, NULL, 'Bocshy', 114553, 'regular', 1, 0, NULL, 1),
(568, NULL, 'Bosty', 120064, 'regular', 1, 0, NULL, 1),
(569, NULL, 'Catalinfelipe', 159025, 'regular', 1, 0, NULL, 1),
(570, 'ccristianooo', 'ccristianooo', NULL, 'regular', 0, 0, '2012-08-23', 1),
(571, NULL, 'CobrasRO', 281520, 'regular', 1, 0, NULL, 1),
(572, NULL, 'colza', 321530, 'regular', 1, 0, NULL, 1),
(573, NULL, 'crocobarza', NULL, 'regular', 1, 0, NULL, 1),
(574, NULL, 'dannyd7', 248020, 'regular', 1, 0, NULL, 1),
(575, NULL, 'djlucyan', 40010, 'regular', 1, 0, NULL, 1),
(576, NULL, 'Dott', 352165, 'regular', 1, 0, NULL, 1),
(577, NULL, 'HeadHunter', 513016, 'regular', 1, 0, NULL, 1),
(578, 'hypronix', 'hypronix', 142888, 'regular', 1, 0, '2011-12-15', 1),
(579, NULL, 'hzzd', 364291, 'regular', 1, 0, NULL, 1),
(580, NULL, 'ilie88', 303257, 'regular', 1, 0, NULL, 1),
(581, NULL, 'Mus1c8', 476424, 'regular', 1, 0, NULL, 1),
(582, NULL, 'razvanlg', 247975, 'regular', 1, 0, NULL, 1),
(583, NULL, 'Redmarkrmk', 215457, 'regular', 1, 0, NULL, 1),
(584, NULL, 'replayzor', 12444, 'regular', 1, 0, NULL, 1),
(585, 'Robertinio96', 'Robertinio96', 980281, 'regular', 1, 0, '2012-06-28', 1),
(586, NULL, 'Sebbas', 76072, 'regular', 1, 0, NULL, 1),
(587, NULL, 'SkullDemon', 150691, 'regular', 1, 0, NULL, 1),
(588, NULL, 'SpRstR', 494716, 'regular', 1, 0, NULL, 1),
(589, 'sbttt', 'subit', 280848, 'regular', 1, 0, '2011-10-13', 1),
(590, NULL, 'TDK94', 222207, 'regular', 1, 0, NULL, 1),
(591, NULL, 'thedarkmen', 270202, 'regular', 1, 0, NULL, 1),
(592, 'zbebe91', 'TheGuardian', 177291, 'regular', 1, 0, '2011-07-21', 1),
(593, NULL, 'tontul', 262064, 'regular', 1, 0, NULL, 1),
(594, NULL, 'trazuu', 252835, 'regular', 1, 0, NULL, 1),
(595, NULL, 'tzibrishooor', 286020, 'regular', 1, 0, NULL, 1),
(596, NULL, 'visaninho', 57162, 'regular', 1, 0, NULL, 1),
(597, NULL, 'VRossi46', 277442, 'regular', 1, 0, NULL, 1),
(598, NULL, 'whattheworldwillnevertake', 309036, 'regular', 1, 0, NULL, 1),
(599, NULL, 'WhooKidMihai', 311361, 'regular', 1, 0, NULL, 1),
(600, 'yomisimie', 'yomisimie', 535297, 'regular', 1, 0, '2011-08-03', 1),
(601, 'Ciprilik', 'Ciprilik', 341876, 'regular', 0, 0, '2011-08-17', 1),
(602, 'geobosss', 'georgika', 511274, 'regular', 59, 250, '2011-09-09', 1),
(603, 'relyus', 'relyus', 478678, 'regular', 279, 0, '2011-07-20', 1),
(604, NULL, 'iHORRO', 462775, 'regular', 0, 25, NULL, 1),
(605, 'kastorynho', 'KastoR', 481148, 'regular', 0, 15, '2012-01-13', 1),
(606, '_BoDi_92', 'Bogadan_Aiud', 679783, 'regular', 0, 0, '2012-08-30', 1),
(607, 'Dannyto69', '8800GTX', 1073070, 'regular', 0, 0, '2012-11-28', 1),
(608, 'Raresian', 'acelasi', 414999, 'regular', 0, 0, '2011-08-03', 1),
(609, 'cozy103', 'ACH', 670884, 'regular', 0, 0, '2012-11-21', 1),
(610, NULL, 'Adiy91', 334737, 'regular', 0, 0, NULL, 1),
(611, 'SovereignRO', 'ady93c', 85799, 'regular', 0, 0, '2012-09-22', 1),
(612, NULL, 'AdyHax', 350829, 'regular', 0, 0, NULL, 1),
(613, NULL, 'adyultras', 35136, 'regular', 0, 0, NULL, 1),
(614, 'alecsutzu91', 'alecsutzu91', 229222, 'regular', 0, 0, '2012-09-25', 1),
(615, 'Pinkman007', 'Alexine', 196758, 'regular', 0, 0, '2011-11-26', 1),
(616, 'alexis tex', 'alexis tex', 278272, 'regular', 0, 0, '2012-10-11', 1),
(617, NULL, 'alexutz09', 383702, 'regular', 0, 0, NULL, 1),
(618, 'Bumtzi.90', 'alexVcatalina', 727423, 'regular', 0, 0, '2013-01-30', 1),
(619, 'skullzor1970', 'alinadm', 212174, 'regular', 0, 0, '2012-10-29', 1),
(620, 'andreiu16', 'andrei3790', 375603, 'regular', 0, 0, '2011-12-11', 1),
(621, NULL, 'andreiii93', 426205, 'regular', 0, 0, NULL, 1),
(622, 'Perv10', 'andreim10', 700102, 'regular', 0, 0, '2012-09-26', 1),
(623, 'andrewjulyan', 'andrewjulyan', 683424, 'regular', 0, 0, '2012-10-09', 1),
(624, NULL, 'Apacer', 156691, 'regular', 0, 0, NULL, 1),
(625, NULL, 'Assu', 514508, 'regular', 0, 0, NULL, 1),
(626, NULL, 'AuGuStUsMiLaNo', 334450, 'regular', 0, 0, NULL, 1),
(627, 'azanarh', 'AzAnArH', 537688, 'regular', 0, 0, '2013-01-08', 1),
(628, 'azandu10', 'azandu10', 310556, 'regular', 0, 0, '2012-11-29', 1),
(629, 'bebelu99', 'bebelu', 118453, 'regular', 0, 0, '2012-11-20', 1),
(630, 'biciusca94', 'biciusca94', 493583, 'regular', 0, 0, '2012-10-09', 1),
(631, 'Maestrul96', 'Bitalau', 809899, 'regular', 0, 0, '2012-11-27', 1),
(632, NULL, 'black86', 232726, 'regular', 0, 0, NULL, 1),
(633, 'BlackLoTuS78', 'BlackLoTuS78', 620, 'regular', 0, 0, '2012-11-01', 1),
(634, 'bobi_cdg', 'bobi7', 1000257, 'regular', 0, 0, '2013-01-22', 1),
(635, 'FCDinADN1948', 'boby_yoghi', 1099436, 'regular', 0, 0, '2012-11-20', 1),
(636, NULL, 'bodoem99', 119348, 'regular', 0, 0, NULL, 1),
(637, 'bologa', 'Bologa', 348075, 'regular', 0, 0, '2012-10-03', 1),
(638, 'vladu123', 'bon3s', 348849, 'regular', 0, 0, '2012-10-07', 1),
(639, 'catalindan87', 'c4t4l1n', 151069, 'regular', 0, 0, '2013-01-03', 1),
(640, 'cam3.FL', 'cam3', 222635, 'regular', 0, 0, '2012-09-11', 1),
(641, 'cata18lin', 'cata18lin', 847270, 'regular', 0, 0, '2012-11-24', 1),
(642, NULL, 'chersinmarian', NULL, 'regular', 0, 0, NULL, 1),
(643, NULL, 'cip89', 286372, 'regular', 0, 0, NULL, 1),
(644, 'Lapte221', 'clau93', 176679, 'regular', 0, 0, '2012-12-03', 1),
(645, NULL, 'cojoman', 114779, 'regular', 0, 0, NULL, 1),
(646, 'skiwiis', 'constantin', 94115, 'regular', 0, 0, '2012-12-13', 1),
(647, NULL, 'costeltonu', 368690, 'regular', 0, 0, NULL, 1),
(648, 'N3v3ral0n3', 'cristi11', 502645, 'regular', 0, 0, '2013-01-31', 1),
(649, 'VIP70', 'cristian660', 595048, 'regular', 0, 0, '2013-01-05', 1),
(650, 'cristianos21', 'cristianos1990', 312750, 'regular', 0, 0, '2012-09-07', 1),
(651, 'Spicediliu', 'cservice', 324831, 'regular', 0, 0, '2012-12-06', 1),
(652, 'dbm.dk', 'd0b3rm4n', 171025, 'regular', 0, 0, '2012-11-27', 1),
(653, 'danezu2pac', 'danezu_2pac', 992786, 'regular', 0, 0, '2012-08-28', 1),
(654, 'danu7y', 'danu7y', 470549, 'regular', 0, 0, '2012-11-21', 1),
(655, 'dariusd79', 'dariusd79', 958242, 'regular', 0, 0, '2012-10-17', 1),
(656, 'davidtumblr', 'DavidPetrache', 416341, 'regular', 0, 0, '2013-01-26', 1),
(657, NULL, 'dio69', 106936, 'regular', 0, 0, NULL, 1),
(658, NULL, 'dizy', 91967, 'regular', 0, 0, NULL, 1),
(659, 'DooN333', 'DooN', 861680, 'regular', 0, 0, '2012-11-25', 1),
(660, NULL, 'Dragoniada', 373480, 'regular', 0, 0, NULL, 1),
(661, NULL, 'Ducanu90', 409644, 'regular', 0, 0, NULL, 1),
(662, 'eddyeheel', 'eddyematador', 892894, 'regular', 0, 0, '2013-01-07', 1),
(663, NULL, 'elenaele', 286398, 'regular', 0, 0, NULL, 1),
(664, 'elnino2018', 'elnino20', 638746, 'regular', 0, 0, '2012-11-12', 1),
(665, 'emilsimira', 'emil31', 1074874, 'regular', 0, 0, '2012-11-30', 1),
(666, 'Rujiicaa', 'emotion1995', 514010, 'regular', 0, 0, '2012-11-29', 1),
(667, NULL, 'EnQuiZ', 497142, 'regular', 0, 0, NULL, 1),
(668, 'Florinense', 'EulLiric17', 485440, 'regular', 0, 0, '2012-09-27', 1),
(669, 'Lemurianu20', 'exemplar18', 732826, 'regular', 0, 0, '2012-10-11', 1),
(670, 'failb0xxx', 'failb0x', 1028461, 'regular', 0, 0, '2012-12-16', 1),
(671, NULL, 'fankerboi', 365445, 'regular', 0, 0, NULL, 1),
(672, 'FloriNNN23', 'FloriNNN23', 533456, 'regular', 0, 0, '2012-11-02', 1),
(673, 'mixed209', 'FlorinSalamREGELE', 1027849, 'regular', 0, 0, '2012-09-26', 1),
(674, 'frederikooo', 'frederikooo', 81995, 'regular', 0, 0, '2012-11-06', 1),
(675, 'Gaboncz', 'Gaboncz', 1010903, 'regular', 0, 0, '2012-09-26', 1),
(676, 'indianu82', 'gabulas', 352648, 'regular', 0, 0, '2012-09-29', 1),
(677, 'GacheCrist68', 'Gache95', 1060951, 'regular', 0, 0, '2013-01-08', 1),
(678, 'GkY202', 'gagici', 357723, 'regular', 0, 0, '2013-01-18', 1),
(679, 'gamerul', 'Gamerul', 519150, 'regular', 0, 0, '2012-12-03', 1),
(680, 'georgesandu1', 'georgesandu1', 322710, 'regular', 0, 0, '2012-09-26', 1),
(681, NULL, 'GrasuTm', 171917, 'regular', 0, 0, NULL, 1),
(682, 'dinamo450', 'grecu', 680837, 'regular', 0, 0, '2012-10-15', 1),
(683, NULL, 'guale', 478551, 'regular', 0, 0, NULL, 1),
(684, 'guzu2', 'guuzu', 488542, 'regular', 0, 0, '2012-09-25', 1),
(685, 'hanucatalin', 'hanucatalin', 459621, 'regular', 0, 0, '2013-01-04', 1),
(686, 'AdyX100', 'Hellas', 286493, 'regular', 0, 0, '2012-09-29', 1),
(687, NULL, 'horatiu95', 432029, 'regular', 0, 0, NULL, 1),
(688, 'Hun3R91', 'Hunt3R91', 223873, 'regular', 0, 0, '2012-10-06', 1),
(689, 'iannyman01', 'iannyman', 558694, 'regular', 0, 0, '2013-02-02', 1),
(690, 'icewizard333', 'icewizard333', 195893, 'regular', 0, 0, '2012-11-14', 1),
(691, 'Imbry', 'Imbry', NULL, 'regular', 0, 0, '2012-09-19', 1),
(692, NULL, 'ionutzz727', 470946, 'regular', 0, 0, NULL, 1),
(693, 'Shad00w', 'ionyy', 455025, 'regular', 0, 0, '2012-08-29', 1),
(694, NULL, 'Italianul', 496037, 'regular', 0, 0, NULL, 1),
(695, NULL, 'iuLLiano', 1022881, 'regular', 0, 0, NULL, 1),
(696, 'jilaveanu79', 'jilaveanu1979', 726465, 'regular', 0, 0, '2012-10-30', 1),
(697, 'justyn22', 'justyn22', 192323, 'regular', 0, 0, '2012-10-30', 1),
(698, 'upbiz', 'Juvie22', 516099, 'regular', 0, 0, '2012-08-28', 1),
(699, 'zaanderr', 'klaus4', 382944, 'regular', 0, 0, '2012-12-01', 1),
(700, 'kosmin09', 'kosmin007', 516321, 'regular', 0, 0, '2012-10-08', 1),
(701, NULL, 'l3utzu', 183606, 'regular', 0, 0, NULL, 1),
(702, 'Nightwolf_bv', 'Lakertown', 375533, 'regular', 0, 0, '2012-10-03', 1),
(703, 'LeBron952', 'LeBron87', 233282, 'regular', 0, 0, '2013-01-02', 1),
(704, 'smoke_flow89', 'leontica', 243895, 'regular', 0, 0, '2013-01-05', 1),
(705, NULL, 'LilWeezy', 476936, 'regular', 0, 0, NULL, 1),
(706, 'TeamzReal', 'lion7', 1103041, 'regular', 0, 0, '2012-11-29', 1),
(707, 'Palabl00d', 'Llegolas', 478606, 'regular', 0, 0, '2013-01-11', 1),
(708, 'luigy666', 'Luciann', 468762, 'regular', 0, 0, '2013-01-25', 1),
(709, 'Lurker311', 'lurker31', 577793, 'regular', 0, 0, '2012-12-04', 1),
(710, 'C03US', 'mada15', 270917, 'regular', 0, 0, '2013-02-04', 1),
(711, 'iosif76', 'magnific91', 1095127, 'regular', 0, 0, '2012-11-27', 1),
(712, 'KalenzoZzio', 'MaisterOrigin', NULL, 'regular', 0, 0, '2012-09-15', 1),
(713, 'Malasorte16', 'Malasorte', 528232, 'regular', 0, 0, '2012-10-06', 1),
(714, 'maniaflorin', 'mania_swift', 506876, 'regular', 0, 0, '2012-11-18', 1),
(715, NULL, 'Manuu92', 232180, 'regular', 0, 0, NULL, 1),
(716, 'Many1974', 'Many', 482674, 'regular', 0, 0, '2012-11-20', 1),
(717, 'max242009', 'MariaCristinesc', 923091, 'regular', 0, 0, '2012-10-04', 1),
(718, 'marianix1995', 'marianbruma', 609008, 'regular', 0, 0, '2012-08-22', 1),
(719, 'marinescuadi', 'marinescuadi', 980682, 'regular', 0, 0, '2012-11-01', 1),
(720, 'nanomuku', 'mariusno1990', 520300, 'regular', 0, 0, '2012-09-28', 1),
(721, 'mastercretu', 'mastercretu', 675331, 'regular', 0, 0, '2012-10-30', 1),
(722, NULL, 'masterix', 292792, 'regular', 0, 0, NULL, 1),
(723, 'amarildo2070', 'matei418', 91770, 'regular', 0, 0, '2013-01-13', 1),
(724, NULL, 'Maverik15', 493580, 'regular', 0, 0, NULL, 1),
(725, NULL, 'mdmmdm', 384216, 'regular', 0, 0, NULL, 1),
(726, 'gotkffs', 'mINimaL93', 459185, 'regular', 0, 0, '2012-10-05', 1),
(727, NULL, 'miriboy', 295900, 'regular', 0, 0, NULL, 1),
(728, NULL, 'mityalex', 505775, 'regular', 0, 0, NULL, 1),
(729, 'Mnmll_89', 'Mnml', 586633, 'regular', 0, 0, '2012-11-24', 1),
(730, 'mocanuth', 'mocanuth', 504484, 'regular', 0, 0, '2012-11-23', 1),
(731, NULL, 'My92hay', 193847, 'regular', 0, 0, NULL, 1),
(732, 'myuse', 'myuser', 1054719, 'regular', 0, 0, '2012-09-29', 1),
(733, 'Nazgkul', 'Nazgkul', 494254, 'regular', 0, 0, '2012-06-14', 1),
(734, NULL, 'Negatiw', 356378, 'regular', 0, 0, NULL, 1),
(735, NULL, 'Numbyy', 995474, 'regular', 0, 0, NULL, 1),
(736, 'OldBoy91', 'OldBoy', 802781, 'regular', 0, 0, '2012-10-14', 1),
(737, 'alexflorea13', 'onytzza', 674609, 'regular', 0, 0, '2013-01-29', 1);
INSERT INTO `players` (`player_id`, `name_pokerstars`, `name_filelist`, `id_filelist`, `member_type`, `initial_accumulated_points`, `initial_spent_points`, `join_date`, `is_member_of_club`) VALUES
(738, 'Otostaroto', 'Otostaroto', 897434, 'regular', 0, 0, '2012-11-02', 1),
(739, 'oTToEm', 'oTToEm', 891710, 'regular', 0, 0, '2012-11-03', 1),
(740, 'ovidiu05', 'ovidiu05', 533593, 'regular', 0, 0, NULL, 1),
(741, 'Ovidiu Steff', 'ovidiusteffan', 5619774, 'regular', 0, 0, '2012-09-11', 1),
(742, NULL, 'petru94petru94', 338605, 'regular', 0, 0, NULL, 1),
(743, NULL, 'pimpx', 235043, 'regular', 0, 0, NULL, 1),
(744, 'Radu315', 'Pjanovic', 383517, 'regular', 0, 0, '2012-11-17', 1),
(745, 'LuckyN7Star', 'Playmaker77', 536046, 'regular', 0, 0, '2012-11-15', 1),
(746, 'Loloneoo', 'Poloneo2', 703130, 'regular', 0, 0, NULL, 1),
(747, 'protoalex01', 'protoalex', 643283, 'regular', 0, 0, '2012-10-31', 1),
(748, 'R0n17', 'R0n17', 689303, 'regular', 0, 0, '2012-10-14', 1),
(749, NULL, 'r3albobby', 384917, 'regular', 0, 0, NULL, 1),
(750, 'Twister670', 'Raavi', 353841, 'regular', 0, 0, '2012-10-05', 1),
(751, 'RealMadri166', 'RealMadrid2011', 506220, 'regular', 0, 0, '2012-09-14', 1),
(752, 'RedJohn0824', 'RedJohn0824', 1074844, 'regular', 0, 0, '2012-11-01', 1),
(753, NULL, 'residentt', 473818, 'regular', 0, 0, NULL, 1),
(754, 'evildeeds17', 'Robertt93', 270156, 'regular', 0, 0, '2012-08-19', 1),
(755, '17RONALD0', 'RONALDO', 1105711, 'regular', 0, 0, '2012-11-27', 1),
(756, NULL, 'ronet', 291997, 'regular', 0, 0, NULL, 1),
(757, 'Saitheone', 'Saitheone', 508965, 'regular', 0, 0, '2012-11-11', 1),
(758, 'saloman1921', 'saloman', 339028, 'regular', 0, 0, '2012-09-27', 1),
(759, 'GeorgeGGS', 'sandorgeorge', 547658, 'regular', 0, 0, '2012-11-26', 1),
(760, 'Santos00-TVD', 'Santos000', 481298, 'regular', 0, 0, '2013-01-15', 1),
(761, NULL, 'sebysin', 239070, 'regular', 0, 0, NULL, 1),
(762, 'serjoo90', 'serj90', 465477, 'regular', 0, 0, '2012-11-30', 1),
(763, NULL, 'SGO', 396345, 'regular', 0, 0, NULL, 1),
(764, 'Shogwon', 'shogwon98', 521884, 'regular', 0, 0, '2012-11-23', 1),
(765, NULL, 'shooter2bad', 293101, 'regular', 0, 0, NULL, 1),
(766, NULL, 'sicilianul', 281207, 'regular', 0, 0, NULL, 1),
(767, 'SilverRock25', 'SilverRock', 183560, 'regular', 0, 0, '2012-11-12', 1),
(768, NULL, 'silviu9221', 201872, 'regular', 0, 0, NULL, 1),
(769, '$tar$1994', 'sorinioan', 47702, 'regular', 0, 0, '2013-01-10', 1),
(770, NULL, 'spike992', 378185, 'regular', 0, 0, NULL, 1),
(771, 'leizevlad', 'starliciouss', 319977, 'regular', 0, 0, '2012-10-13', 1),
(772, NULL, 'TalibanuHD', 482864, 'regular', 0, 0, NULL, 1),
(773, NULL, 'tano', 28532, 'regular', 0, 0, NULL, 1),
(774, NULL, 'TheJoker23', 466348, 'regular', 0, 0, NULL, 1),
(775, 'Cline963', 'TheLichKing', 241567, 'regular', 0, 0, '2012-09-17', 1),
(776, NULL, 'thoa', 374024, 'regular', 0, 0, NULL, 1),
(777, NULL, 'tMk', 89, 'regular', 0, 0, NULL, 1),
(778, 'tudor2454', 'tud0r24', 1037246, 'regular', 0, 0, '2012-12-21', 1),
(779, 'tomashini', 'user', 54993, 'regular', 0, 0, '2012-12-20', 1),
(780, 'buriaj', 'victoryno', 862135, 'regular', 0, 0, '2013-01-15', 1),
(781, NULL, 'Vlad132', 328640, 'regular', 0, 0, NULL, 1),
(782, 'un1q10', 'VR6', 375043, 'regular', 0, 0, '2012-09-20', 1),
(783, 'ziprianu', 'vudu', 218830, 'regular', 0, 0, '2011-09-26', 1),
(784, 'vyrusake', 'vyrusake', 668934, 'regular', 0, 0, '2012-10-04', 1),
(785, NULL, 'wadeionut', 135343, 'regular', 0, 0, NULL, 1),
(786, 'wenitzer06', 'wenitzer', 538628, 'regular', 0, 0, NULL, 1),
(787, 'wo0t1923', 'wo0t', 514378, 'regular', 0, 0, '2012-10-15', 1),
(788, 'wraithdesign', 'wraithdesigner', NULL, 'regular', 0, 0, '2012-09-05', 1),
(789, NULL, 'xy', 54724, 'regular', 0, 0, NULL, 1),
(790, 'yoboss2000', 'yoboss2000', 449894, 'regular', 0, 0, '2013-01-30', 1),
(791, NULL, 'YonutzCR7', 480071, 'regular', 0, 0, NULL, 1),
(792, 'QzDeLL', 'zonebronx', 194191, 'regular', 0, 0, '2012-11-25', 1),
(793, 'GiRo14', 'GiRo', 470673, 'regular', 0, 0, '2011-12-13', 1),
(794, 'w2kclan', 'suspect34', 838822, 'regular', 0, 0, '2013-02-16', 1),
(795, 'Mitzoo91', 'Reactor', 11943, 'regular', 0, 0, '2013-02-24', 1),
(796, 'Gaara.Ak47', 'ShocKwave7', 743417, 'regular', 0, 0, '2013-03-02', 1),
(797, 'schummyy', 'schummyy', 375356, 'regular', 0, 0, '2013-03-01', 1),
(798, 'twtykois', 'twtykois', 173550, 'regular', 0, 0, '2013-02-28', 1),
(799, 'claudiu.guzu', 'guuzu', 994767, 'regular', 0, 0, '2013-03-08', 1),
(800, 'v.gabriel94', '6843783282', 645315, 'regular', 0, 0, NULL, 1),
(801, 'Duraloo', 'vipermaryan', 211293, 'regular', 0, 0, '2013-03-05', 1),
(802, 'PerfectStyl3', 'PerfectStyle', 643211, 'regular', 0, 0, '2013-03-05', 1),
(803, 'robertino129', 'dworak', 674554, 'regular', 0, 0, '2013-03-15', 1),
(804, 'pisu.adr', 'shadowadiRomania', 544949, 'regular', 0, 0, NULL, 1),
(805, 'sorin010', 'killer50cent', 522098, 'regular', 0, 0, '2013-03-27', 1),
(806, 'miky2510', 'miky25', 275713, 'regular', 0, 0, '2013-03-26', 1),
(807, 'bogdan.fds', 'NemeSyno', 250929, 'regular', 0, 0, '2013-03-31', 1),
(808, 'CristianV13', 'CristianV', 388884, 'regular', 0, 0, '2013-04-11', 1),
(809, 'Teo_193', 'bublex', 282411, 'regular', 0, 0, '2013-04-09', 1),
(810, 'Sheptica', 'ghorn', 128826, 'regular', 0, 0, '2013-04-08', 1),
(811, 'mariusradu4', 'mariusradu4', 1119919, 'regular', 0, 0, '2013-04-09', 1),
(812, 'PaulTalent', 'PaulTalent', 1120237, 'regular', 0, 0, NULL, 1),
(813, 'Mr.AfroHead', 'Adelin001', 958962, 'regular', 0, 0, '2013-04-18', 1),
(814, 'AxL1885', 'Xboxpitbull', 894148, 'regular', 0, 0, '2013-05-01', 1),
(815, 'stormfury', 'Stormfury', 85500, 'regular', 0, 0, NULL, 1),
(816, 'Mr.Oliver11', 'IonutAlex18', 743135, 'regular', 0, 0, '2013-05-07', 1),
(817, 'Weyd', 'Newcastle', 663636, 'regular', 0, 0, '2013-05-10', 1),
(818, 'Rares008', 'rookie', 336894, 'regular', 0, 0, '2013-05-10', 1),
(819, 'beeswax', 'RasAlGhul', 1120509, 'regular', 0, 0, '2013-05-11', 1),
(820, 'niklaus21', 'IPwnYouCry', 569293, 'regular', 0, 0, '2013-05-16', 1),
(821, 'faniknastasa', 'faniknastasa', 1121239, 'regular', 0, 0, '2013-05-22', 1),
(822, 'PROkidpok3r', 'justconfusion', 362799, 'regular', 0, 0, '2013-06-04', 1),
(823, 'mihai441', 'mihai441', 929528, 'regular', 0, 0, '2013-06-01', 1),
(824, 'florinho12', 'florinho12', 342555, 'regular', 0, 0, '2013-06-10', 1),
(825, 'oberica', 'ober', 659637, 'regular', 0, 0, '2013-06-10', 1),
(826, 'optimus777', 'ionut_bv', 689154, 'regular', 0, 0, '2012-09-21', 1),
(827, 'thebm93', 'bm93', 371451, 'regular', 0, 0, '2013-06-24', 1),
(828, 'Ro.Deyu', 'andrey_deyu94', 876649, 'regular', 0, 0, '2013-09-19', 1),
(829, 'flokenson', 'flokenson', 343482, 'regular', 0, 0, '2013-06-28', 1),
(830, 'TacheNZ1', 'TacheN1', 598067, 'regular', 0, 0, '2013-06-27', 1),
(831, 'Alexynyo13', 'Alexynyo1', 627116, 'regular', 0, 0, '2013-06-01', 1),
(832, 'Mocton', 'marcotigru', 449614, 'regular', 0, 0, '2013-06-06', 1),
(833, 'cristemar308', 'georgi_ever10', 691176, 'regular', 0, 0, '2013-07-02', 1),
(834, 'bosdanyx', 'bosdanyx', 45095, 'regular', 0, 0, '2013-06-29', 1),
(835, 'iBl3nd', 'iBl3nd', 602873, 'regular', 0, 0, '2013-07-06', 1),
(836, 'izKlaus', 'iTzKlaus', 218394, 'regular', 0, 0, '2013-07-11', 1),
(837, 'SociopathFL', 'Sociopath', 689303, 'regular', 0, 0, '2013-07-04', 1),
(838, 'Adytzu088', 'zizu111', 859827, 'regular', 0, 0, '2013-07-16', 1),
(839, 'Grimmjow08', 'Grimmjow06', 951382, 'regular', 0, 0, '2013-07-16', 1),
(840, '~ex1t-s~', 'existef92', 518216, 'regular', 0, 0, '2013-07-18', 1),
(841, NULL, 'adymondialu93', 424574, 'regular', -1, 0, NULL, 1),
(842, NULL, 'C1prY', 479636, 'regular', -1, 0, NULL, 1),
(843, NULL, 'player7k', 358220, 'regular', -1, 0, NULL, 1),
(844, NULL, 'Serkan', 526011, 'regular', -1, 0, NULL, 1),
(845, NULL, 'thegodoftorrents', 308331, 'regular', -1, 0, NULL, 1),
(846, NULL, 'MataoanuGABRIEL', 485881, 'regular', -2, 0, NULL, 1),
(847, NULL, 'th1nk', 118745, 'regular', -2, 0, NULL, 1),
(848, 'Fabuloasa', 'Amelie', 135182, 'regular', -4, 0, '2012-01-07', 1),
(849, 'Lexynus', 'All3xz', 380345, 'regular', 0, 0, '2013-07-26', 1),
(850, 'bonvolo', 'bonvolo', 266900, 'regular', 0, 0, '2013-07-25', 1),
(851, 'georgycaz', 'georgycaz', 482870, 'regular', 0, 0, '2013-07-25', 1),
(852, 'mihaipsturcu', 'mihaiturcu93', 896174, 'regular', 0, 0, '2013-07-27', 1),
(853, 'SASEASASINI', 'SASEASASINI', 489475, 'regular', 0, 0, '2013-08-05', 1),
(854, 'klausmaster1', 'celmaimareboss', 824493, 'regular', 0, 0, '2013-08-01', 1),
(855, 'MtsMrsSrn', 'MariusCopac', 566282, 'regular', 0, 0, '2013-08-06', 1),
(856, 'McKenZy23', 'SenseY23', 505915, 'regular', 0, 0, '2013-08-12', 1),
(857, 'otelaru10', 'ionutzk', 207343, 'regular', 0, 0, '2013-08-14', 1),
(858, 'Raton66621', 'redforcecs', 250624, 'regular', 0, 0, '2013-08-13', 1),
(859, 'Comi001', 'serban001', 472705, 'regular', 0, 0, '2013-07-27', 1),
(860, 'V12DnD', 'siclo', 48019, 'regular', 0, 0, '2013-08-18', 1),
(861, 'snniperxxa', 'snniperxxa', 783063, 'regular', 0, 0, '2013-08-18', 1),
(862, 'Coxtin90', 'Coxtin', 195650, 'regular', 0, 0, '2013-08-17', 1),
(863, 'Atenus14', 'Atenus14', 468220, 'regular', 0, 0, '2013-08-20', 1),
(864, 'littlemanfl', 'littleman', 618998, 'regular', 0, 0, '2013-08-19', 1),
(865, 'catalin28c', 'catalin28c', 832143, 'regular', 0, 0, '2013-08-17', 1),
(866, 'Edinson980', 'BlEetT', 644856, 'regular', 0, 0, '2013-08-20', 1),
(867, 'CanibalCorps', 'emacica', 574935, 'regular', 0, 0, '2013-08-25', 1),
(868, 'Tysek10', 'Mycky08', 282654, 'regular', 0, 0, '2013-08-21', 1),
(869, 'paul194570', 'quiksilver09', 322700, 'regular', 0, 0, '2013-08-25', 1),
(870, 'adytza0808', 'adytza98', 580951, 'regular', 0, 0, '2013-08-25', 1),
(871, 'MrrrrTony', 'Mrrrr', 211583, 'regular', 0, 0, '2013-08-28', 1),
(872, 'aLLy0506', 'hussein121', 269450, 'regular', 0, 0, '2013-08-27', 1),
(873, 'klileru', 'kilerusteauaRomania', 1030619, 'regular', 0, 0, '2013-09-03', 1),
(874, 'toxikzor', 'toxikzorRomania', 475349, 'regular', 0, 0, '2013-09-04', 1),
(875, 'bysqit93', 'bysquit3', 818102, 'regular', 0, 0, '2013-09-05', 1),
(876, 'Gycke', 'Gycke', 1123609, 'regular', 0, 0, '2013-09-08', 1),
(877, 'Heavensentx', 'Heavensent', 542666, 'regular', 0, 0, '2013-09-08', 1),
(878, 'XPanTerX', 'PanTer', 1049476, 'regular', 0, 0, '2013-09-09', 1),
(879, 'Gabone-FL', 'gabyREVINE', 323759, 'regular', 0, 0, '2013-09-15', 1),
(880, 'Edmilson4', 'EDm1LsoN', 381016, 'regular', 0, 0, '2013-09-12', 1),
(881, 'K3chaO', 'K3chaO', 588612, 'regular', 0, 0, '2013-09-12', 1),
(882, 'preddator ss', 'preddator', 761399, 'regular', 0, 0, '2013-09-19', 1),
(883, 'F@nNy(RO)', 'miufanel', 781254, 'regular', 0, 0, '2013-09-21', 1);

-- --------------------------------------------------------

--
-- Table structure for table `players_of_the_month`
--

CREATE TABLE IF NOT EXISTS `players_of_the_month` (
  `player_of_the_month_id` smallint(5) unsigned NOT NULL AUTO_INCREMENT,
  `player_id` mediumint(8) unsigned NOT NULL,
  `award_month` smallint(5) unsigned NOT NULL,
  `award_year` year(4) NOT NULL,
  PRIMARY KEY (`player_of_the_month_id`),
  KEY `player_id` (`player_id`)
) ENGINE=InnoDB  DEFAULT CHARSET=latin1 AUTO_INCREMENT=10 ;

--
-- Dumping data for table `players_of_the_month`
--

INSERT INTO `players_of_the_month` (`player_of_the_month_id`, `player_id`, `award_month`, `award_year`) VALUES
(1, 3, 1, 2013),
(2, 11, 2, 2013),
(3, 111, 3, 2013),
(4, 3, 4, 2013),
(5, 12, 5, 2013),
(6, 25, 6, 2013),
(7, 10, 7, 2013),
(8, 76, 8, 2013),
(9, 154, 9, 2013);

-- --------------------------------------------------------

--
-- Table structure for table `prizes`
--

CREATE TABLE IF NOT EXISTS `prizes` (
  `prize_id` mediumint(8) unsigned NOT NULL AUTO_INCREMENT,
  `player_id` mediumint(8) unsigned NOT NULL,
  `prize` varchar(100) CHARACTER SET ascii DEFAULT NULL,
  `cost` mediumint(8) unsigned NOT NULL,
  `date_bought` date DEFAULT NULL,
  `prize_type` enum('new','old') NOT NULL,
  PRIMARY KEY (`prize_id`),
  KEY `player_id` (`player_id`)
) ENGINE=InnoDB  DEFAULT CHARSET=latin1 AUTO_INCREMENT=95 ;

--
-- Dumping data for table `prizes`
--

INSERT INTO `prizes` (`prize_id`, `player_id`, `prize`, `cost`, `date_bought`, `prize_type`) VALUES
(1, 2, 'Rebuy Main Event', 5, NULL, 'old'),
(2, 3, 'Permanent VIP', 250, NULL, 'old'),
(3, 5, 'FileList Account Name Change', 80, NULL, 'old'),
(4, 6, 'FileList Account Name Change', 80, NULL, 'old'),
(5, 6, 'FileList Account Name Change', 80, NULL, 'old'),
(6, 7, 'FileList Account Name Change', 80, NULL, 'old'),
(7, 7, 'Rebuy Main Event', 5, NULL, 'old'),
(8, 8, 'Permanent VIP', 250, NULL, 'old'),
(9, 9, 'Warn Removal', 45, NULL, 'old'),
(10, 9, 'Rebuy Main Event', 5, NULL, 'old'),
(11, 10, '100 GB Upload', 25, NULL, 'old'),
(12, 10, '500 GB Upload', 120, NULL, 'old'),
(13, 11, 'Rebuy Main Event', 5, NULL, 'old'),
(14, 11, 'Permanent VIP', 250, NULL, 'old'),
(15, 13, 'Donor Star', 80, NULL, 'old'),
(16, 13, 'FileList Account Name Change', 80, NULL, 'old'),
(17, 14, 'Donor Star', 80, NULL, 'old'),
(18, 17, 'Permanent VIP', 250, NULL, 'old'),
(19, 17, '1TB Upload', 120, NULL, 'old'),
(20, 17, 'Donor Star', 80, NULL, 'old'),
(21, 17, '2 Invitations', 35, NULL, 'old'),
(22, 17, 'Rebuy Main Event', 5, NULL, 'old'),
(23, 20, 'Rebuy Main Event', 5, NULL, 'old'),
(24, 27, 'Permanent VIP', 250, NULL, 'old'),
(25, 27, '8 Invitations', 140, NULL, 'old'),
(26, 30, '1 Invitation', 60, NULL, 'old'),
(27, 30, '4 Invitations', 70, NULL, 'old'),
(28, 34, '2.5 TB Upload', 310, NULL, 'old'),
(29, 34, 'Donor Star', 80, NULL, 'old'),
(30, 36, 'Warn Removal', 45, NULL, 'old'),
(31, 36, 'Avatar Request', 12, NULL, 'old'),
(32, 36, 'Avatar Request', 12, NULL, 'old'),
(33, 43, 'IPT Invitation', 60, NULL, 'old'),
(34, 45, 'Permanent VIP', 250, NULL, 'old'),
(35, 45, 'Donor Star', 80, NULL, 'old'),
(36, 46, 'FileList Account Name Change', 80, NULL, 'old'),
(37, 55, 'FileList Account Name Change', 80, NULL, 'old'),
(38, 61, '1TB Upload', 120, NULL, 'old'),
(39, 61, '4 Invitations', 70, NULL, 'old'),
(40, 66, 'Rebuy Main Event', 5, NULL, 'old'),
(41, 79, '750GB Upload', 115, NULL, 'old'),
(42, 79, 'Donor Star', 80, NULL, 'old'),
(43, 83, '1TB Upload', 120, NULL, 'old'),
(44, 85, 'Permanent VIP', 250, NULL, 'old'),
(45, 91, 'Permanent VIP', 250, NULL, 'old'),
(46, 96, 'Permanent VIP', 250, NULL, 'old'),
(47, 104, 'VIP 6 Months', 100, NULL, 'old'),
(48, 113, '1TB Upload', 120, NULL, 'old'),
(49, 116, 'Donor Star', 80, NULL, 'old'),
(50, 116, 'Rebuy Main Event', 5, NULL, 'old'),
(51, 132, 'Donor Star', 80, NULL, 'old'),
(52, 142, 'Permanent VIP', 250, NULL, 'old'),
(53, 148, '100GB Upload', 25, NULL, 'old'),
(54, 154, 'Donor Star', 80, NULL, 'old'),
(55, 154, 'Rebuy Main Event', 5, NULL, 'old'),
(56, 168, 'Permanent VIP', 250, NULL, 'old'),
(57, 178, 'Donor Star', 80, NULL, 'old'),
(58, 178, 'Rebuy Main Event', 5, NULL, 'old'),
(59, 190, 'Tracker Invitation', 60, NULL, 'old'),
(60, 190, '100GB Upload', 25, NULL, 'old'),
(61, 193, 'Permanent VIP', 250, NULL, 'old'),
(62, 202, '500GB Upload', 120, NULL, 'old'),
(63, 216, 'Permanent VIP', 250, NULL, 'old'),
(64, 235, 'Donor Star', 80, NULL, 'old'),
(65, 235, '500GB Upload', 70, NULL, 'old'),
(66, 241, 'Rebuy Main Event', 5, NULL, 'old'),
(67, 262, 'Donor Star', 150, NULL, 'old'),
(68, 299, 'VIP 6 Months', 100, NULL, 'old'),
(69, 307, '100GB Upload', 25, NULL, 'old'),
(70, 424, 'Avatar Request', 12, NULL, 'old'),
(71, 506, 'Rebuy Main Event', 5, NULL, 'old'),
(72, 506, 'Donor Star', 80, NULL, 'old'),
(73, 562, 'Permanent VIP', 250, NULL, 'old'),
(74, 83, 'Permanent VIP', 400, NULL, 'new'),
(75, 111, 'Permanent VIP', 400, NULL, 'new'),
(76, 121, 'Permanent VIP', 400, NULL, 'new'),
(77, 154, 'Permanent VIP', 400, NULL, 'new'),
(78, 159, 'Permanent VIP', 400, NULL, 'new'),
(79, 212, 'Permanent VIP', 400, NULL, 'new'),
(80, 12, NULL, 200, NULL, 'new'),
(81, 116, 'FileList Account Name Change', 200, NULL, 'new'),
(82, 178, '8 Invitations', 200, NULL, 'new'),
(83, 193, 'FileList Account Name Change', 200, NULL, 'new'),
(84, 63, 'Sending Invitation', 50, NULL, 'new'),
(85, 95, '2 Invitations', 50, NULL, 'new'),
(86, 248, '2 Invitations', 50, NULL, 'new'),
(87, 18, 'Avatar Request', 20, NULL, 'new'),
(88, 506, 'Permanent VIP', 400, NULL, 'new'),
(89, 12, 'Permanent VIP', 400, '2013-08-16', 'new'),
(90, 18, 'Permanent VIP', 400, '2013-09-01', 'new'),
(91, 21, 'Permanent VIP', 400, '2013-09-27', 'new'),
(92, 603, NULL, 250, NULL, 'new'),
(93, 603, 'Donor Star', 150, NULL, 'new'),
(94, 602, 'Donor Star', 150, NULL, 'new');

-- --------------------------------------------------------

--
-- Table structure for table `results`
--

CREATE TABLE IF NOT EXISTS `results` (
  `player_id` mediumint(8) unsigned DEFAULT NULL,
  `tournament_id` mediumint(8) unsigned NOT NULL,
  `points` smallint(6) NOT NULL,
  `position` smallint(5) unsigned DEFAULT NULL,
  KEY `player_id` (`player_id`),
  KEY `tournament_id` (`tournament_id`)
) ENGINE=InnoDB DEFAULT CHARSET=latin1;

--
-- Dumping data for table `results`
--

INSERT INTO `results` (`player_id`, `tournament_id`, `points`, `position`) VALUES
(570, 1, 1, 20),
(31, 1, 2, 19),
(154, 1, 3, 18),
(178, 1, 4, 17),
(3, 1, 5, 16),
(216, 1, 6, 15),
(74, 1, 7, 14),
(56, 1, 8, 13),
(377, 1, 9, 12),
(163, 1, 10, 11),
(209, 1, 11, 10),
(93, 1, 12, 9),
(17, 1, 13, 8),
(4, 1, 14, 7),
(43, 1, 15, 6),
(55, 1, 16, 5),
(235, 1, 17, 4),
(37, 1, 18, 3),
(7, 1, 19, 2),
(36, 1, 20, 1),
(3, 2, 1, 23),
(37, 2, 2, 22),
(29, 2, 3, 21),
(43, 2, 4, 20),
(54, 2, 5, 19),
(79, 2, 6, 18),
(51, 2, 7, 17),
(111, 2, 8, 16),
(116, 2, 9, 15),
(67, 2, 10, 14),
(351, 2, 11, 13),
(4, 2, 12, 12),
(187, 2, 13, 11),
(36, 2, 14, 10),
(42, 2, 15, 9),
(26, 2, 16, 8),
(10, 2, 17, 7),
(154, 2, 18, 6),
(40, 2, 19, 5),
(34, 2, 20, 4),
(1, 2, 21, 3),
(61, 2, 22, 2),
(8, 2, 23, 1),
(8, 3, 1, 18),
(602, 3, 2, 17),
(36, 3, 3, 16),
(29, 3, 4, 15),
(441, 3, 5, 14),
(79, 3, 6, 13),
(17, 3, 7, 12),
(27, 3, 8, 11),
(121, 3, 9, 10),
(5, 3, 10, 9),
(31, 3, 11, 8),
(1, 3, 12, 7),
(154, 3, 13, 6),
(83, 3, 14, 5),
(4, 3, 15, 4),
(116, 3, 16, 3),
(24, 3, 17, 2),
(34, 3, 18, 1),
(159, 4, 2, 21),
(17, 4, 4, 20),
(136, 4, 6, 19),
(36, 4, 8, 18),
(80, 4, 10, 17),
(4, 4, 12, 16),
(165, 4, 14, 15),
(7, 4, 14, 14),
(47, 4, 16, 13),
(10, 4, 18, 12),
(30, 4, 20, 11),
(113, 4, 22, 10),
(34, 4, 24, 9),
(5, 4, 26, 8),
(11, 4, 28, 7),
(31, 4, 30, 6),
(85, 4, 32, 5),
(132, 4, 34, 4),
(55, 4, 38, 3),
(26, 4, 38, 2),
(178, 4, 40, 1),
(187, 5, 1, 25),
(44, 5, 2, 24),
(124, 5, 3, 23),
(66, 5, 4, 22),
(11, 5, 5, 21),
(10, 5, 6, 20),
(1, 5, 7, 19),
(190, 5, 8, 18),
(153, 5, 9, 17),
(47, 5, 10, 16),
(149, 5, 11, 15),
(19, 5, 12, 14),
(3, 5, 13, 13),
(154, 5, 14, 12),
(83, 5, 15, 11),
(29, 5, 16, 10),
(26, 5, 17, 9),
(173, 5, 18, 8),
(96, 5, 19, 7),
(202, 5, 20, 6),
(34, 5, 21, 5),
(36, 5, 22, 4),
(235, 5, 23, 3),
(30, 5, 24, 2),
(178, 5, 25, 1),
(173, 6, 1, 23),
(67, 6, 2, 22),
(76, 6, 3, 21),
(7, 6, 4, 20),
(17, 6, 5, 19),
(280, 6, 6, 18),
(16, 6, 7, 17),
(132, 6, 8, 16),
(8, 6, 9, 15),
(116, 6, 10, 14),
(6, 6, 11, 13),
(79, 6, 12, 12),
(43, 6, 13, 11),
(29, 6, 14, 10),
(83, 6, 15, 9),
(235, 6, 16, 8),
(299, 6, 17, 7),
(26, 6, 18, 6),
(159, 6, 19, 5),
(31, 6, 20, 4),
(11, 6, 21, 3),
(10, 6, 22, 2),
(4, 6, 23, 1),
(10, 7, 1, 24),
(79, 7, 2, 23),
(235, 7, 3, 22),
(5, 7, 4, 21),
(111, 7, 5, 20),
(61, 7, 6, 19),
(93, 7, 7, 18),
(83, 7, 8, 17),
(17, 7, 10, 16),
(55, 7, 11, 15),
(8, 7, 12, 14),
(6, 7, 13, 13),
(13, 7, 14, 12),
(142, 7, 15, 11),
(562, 7, 16, 10),
(34, 7, 17, 9),
(35, 7, 18, 8),
(104, 7, 19, 7),
(154, 7, 20, 6),
(206, 7, 21, 5),
(96, 7, 22, 4),
(47, 7, 24, 3),
(24, 7, 25, 2),
(32, 7, 27, 1),
(563, 8, 1, 26),
(235, 8, 2, 25),
(64, 8, 3, 24),
(44, 8, 4, 23),
(4, 8, 5, 22),
(76, 8, 6, 21),
(62, 8, 7, 20),
(79, 8, 8, 19),
(2, 8, 9, 18),
(17, 8, 10, 17),
(34, 8, 11, 16),
(92, 8, 12, 15),
(506, 8, 13, 14),
(47, 8, 14, 13),
(51, 8, 15, 12),
(93, 8, 16, 11),
(13, 8, 17, 10),
(27, 8, 18, 9),
(5, 8, 19, 8),
(562, 8, 20, 7),
(55, 8, 21, 6),
(1, 8, 22, 5),
(10, 8, 23, 4),
(116, 8, 24, 3),
(8, 8, 25, 2),
(178, 8, 26, 1),
(7, 9, 1, 27),
(11, 9, 2, 26),
(104, 9, 3, 25),
(61, 9, 4, 24),
(10, 9, 5, 23),
(193, 9, 6, 22),
(203, 9, 7, 21),
(17, 9, 8, 20),
(67, 9, 9, 19),
(41, 9, 10, 18),
(83, 9, 11, 17),
(4, 9, 12, 16),
(32, 9, 13, 15),
(27, 9, 14, 14),
(16, 9, 15, 13),
(195, 9, 16, 12),
(29, 9, 17, 11),
(154, 9, 18, 10),
(96, 9, 19, 9),
(30, 9, 20, 8),
(34, 9, 21, 7),
(93, 9, 22, 6),
(506, 9, 23, 5),
(51, 9, 24, 4),
(130, 9, 25, 3),
(121, 9, 26, 2),
(64, 9, 27, 1),
(7, 10, 1, 28),
(113, 10, 2, 27),
(103, 10, 3, 26),
(199, 10, 4, 25),
(24, 10, 5, 24),
(2, 10, 6, 23),
(8, 10, 7, 22),
(27, 10, 8, 21),
(4, 10, 9, 20),
(37, 10, 10, 19),
(47, 10, 11, 18),
(17, 10, 12, 17),
(13, 10, 13, 16),
(11, 10, 14, 15),
(88, 10, 15, 14),
(159, 10, 16, 13),
(212, 10, 17, 12),
(202, 10, 18, 11),
(34, 10, 19, 10),
(195, 10, 21, 9),
(5, 10, 22, 8),
(205, 10, 23, 7),
(242, 10, 24, 6),
(83, 10, 25, 5),
(178, 10, 26, 4),
(307, 10, 27, 3),
(79, 10, 28, 2),
(44, 10, 29, 1),
(8, 11, 1, 29),
(109, 11, 2, 28),
(36, 11, 2, 27),
(1, 11, 3, 26),
(127, 11, 4, 25),
(130, 11, 5, 24),
(17, 11, 6, 23),
(47, 11, 7, 22),
(91, 11, 8, 21),
(212, 11, 9, 20),
(42, 11, 10, 19),
(350, 11, 11, 18),
(307, 11, 12, 17),
(197, 11, 13, 16),
(10, 11, 14, 15),
(21, 11, 15, 14),
(31, 11, 17, 13),
(15, 11, 18, 12),
(11, 11, 19, 11),
(34, 11, 20, 10),
(79, 11, 21, 9),
(83, 11, 22, 8),
(187, 11, 23, 7),
(24, 11, 24, 6),
(28, 11, 25, 5),
(3, 11, 26, 4),
(93, 11, 27, 3),
(562, 11, 28, 2),
(138, 11, 29, 1),
(74, 12, 1, 28),
(96, 12, 2, 27),
(21, 12, 3, 26),
(126, 12, 4, 25),
(562, 12, 5, 24),
(42, 12, 6, 23),
(397, 12, 7, 22),
(37, 12, 8, 21),
(64, 12, 9, 20),
(47, 12, 10, 19),
(348, 12, 11, 18),
(119, 12, 12, 17),
(103, 12, 13, 16),
(51, 12, 14, 15),
(4, 12, 15, 14),
(109, 12, 16, 13),
(178, 12, 17, 12),
(148, 12, 18, 11),
(79, 12, 19, 10),
(34, 12, 20, 9),
(10, 12, 21, 8),
(31, 12, 22, 7),
(26, 12, 23, 6),
(124, 12, 24, 5),
(11, 12, 25, 4),
(138, 12, 26, 3),
(83, 12, 27, 2),
(8, 12, 28, 1),
(5, 13, 1, 27),
(92, 13, 2, 26),
(67, 13, 3, 25),
(116, 13, 4, 24),
(16, 13, 5, 23),
(17, 13, 6, 22),
(154, 13, 7, 21),
(36, 13, 8, 20),
(10, 13, 9, 19),
(3, 13, 10, 18),
(153, 13, 11, 17),
(61, 13, 12, 16),
(53, 13, 13, 15),
(2, 13, 14, 14),
(26, 13, 15, 13),
(115, 13, 16, 12),
(7, 13, 17, 11),
(39, 13, 18, 10),
(202, 13, 19, 9),
(21, 13, 20, 8),
(142, 13, 21, 7),
(15, 13, 22, 6),
(1, 13, 23, 5),
(4, 13, 24, 4),
(129, 13, 25, 3),
(27, 13, 26, 2),
(62, 13, 27, 1),
(307, 14, 1, 28),
(548, 14, 2, 27),
(5, 14, 3, 26),
(101, 14, 4, 25),
(149, 14, 5, 24),
(61, 14, 6, 23),
(116, 14, 7, 22),
(27, 14, 8, 21),
(229, 14, 9, 20),
(45, 14, 10, 19),
(15, 14, 11, 18),
(42, 14, 12, 17),
(17, 14, 13, 16),
(24, 14, 14, 15),
(37, 14, 15, 14),
(34, 14, 16, 13),
(153, 14, 17, 12),
(142, 14, 18, 11),
(32, 14, 19, 10),
(199, 14, 20, 9),
(11, 14, 21, 8),
(212, 14, 22, 7),
(91, 14, 23, 6),
(124, 14, 24, 5),
(85, 14, 25, 4),
(8, 14, 26, 3),
(47, 14, 27, 2),
(178, 14, 28, 1),
(70, 15, 1, 27),
(36, 15, 2, 26),
(32, 15, 3, 25),
(103, 15, 4, 24),
(63, 15, 5, 23),
(83, 15, 6, 22),
(154, 15, 7, 21),
(506, 15, 8, 20),
(199, 15, 9, 19),
(92, 15, 10, 18),
(53, 15, 11, 17),
(115, 15, 12, 16),
(42, 15, 13, 15),
(17, 15, 14, 14),
(2, 15, 15, 13),
(11, 15, 16, 12),
(119, 15, 17, 11),
(28, 15, 18, 10),
(43, 15, 19, 9),
(45, 15, 20, 8),
(4, 15, 21, 7),
(34, 15, 22, 6),
(74, 15, 23, 5),
(8, 15, 24, 4),
(7, 15, 25, 3),
(79, 15, 26, 2),
(203, 15, 27, 1),
(28, 16, 1, 24),
(13, 16, 2, 23),
(34, 16, 3, 22),
(384, 16, 4, 21),
(96, 16, 5, 20),
(506, 16, 6, 19),
(89, 16, 7, 18),
(74, 16, 8, 17),
(6, 16, 9, 16),
(63, 16, 10, 15),
(67, 16, 11, 14),
(10, 16, 12, 13),
(295, 16, 13, 12),
(235, 16, 14, 11),
(4, 16, 15, 10),
(26, 16, 16, 9),
(117, 16, 17, 8),
(51, 16, 18, 7),
(149, 16, 19, 6),
(119, 16, 20, 5),
(47, 16, 21, 4),
(64, 16, 22, 3),
(36, 16, 23, 2),
(121, 16, 24, 1),
(45, 17, 1, 28),
(21, 17, 2, 27),
(28, 17, 3, 26),
(295, 17, 4, 25),
(309, 17, 5, 24),
(408, 17, 6, 23),
(74, 17, 7, 22),
(31, 17, 8, 21),
(17, 17, 9, 20),
(27, 17, 10, 19),
(603, 17, 11, 18),
(342, 17, 12, 17),
(7, 17, 13, 16),
(83, 17, 14, 15),
(121, 17, 15, 14),
(15, 17, 16, 13),
(2, 17, 17, 12),
(212, 17, 18, 11),
(202, 17, 19, 10),
(299, 17, 20, 9),
(42, 17, 21, 8),
(91, 17, 22, 7),
(4, 17, 23, 6),
(132, 17, 24, 5),
(6, 17, 25, 4),
(8, 17, 26, 3),
(154, 17, 27, 2),
(30, 17, 28, 1),
(506, 18, 1, 30),
(55, 18, 2, 29),
(16, 18, 3, 28),
(8, 18, 4, 27),
(111, 18, 5, 26),
(79, 18, 6, 25),
(258, 18, 7, 24),
(4, 18, 8, 23),
(178, 18, 9, 22),
(21, 18, 10, 21),
(6, 18, 11, 20),
(17, 18, 12, 19),
(47, 18, 13, 18),
(202, 18, 14, 17),
(9, 18, 15, 16),
(31, 18, 16, 15),
(11, 18, 17, 14),
(299, 18, 18, 13),
(101, 18, 19, 12),
(53, 18, 20, 11),
(10, 18, 21, 10),
(1, 18, 22, 9),
(130, 18, 23, 8),
(20, 18, 24, 7),
(24, 18, 25, 6),
(116, 18, 26, 5),
(2, 18, 27, 4),
(27, 18, 28, 3),
(45, 18, 29, 2),
(3, 18, 30, 1),
(66, 19, 1, 27),
(34, 19, 2, 26),
(472, 19, 3, 25),
(3, 19, 4, 24),
(32, 19, 5, 23),
(8, 19, 6, 22),
(138, 19, 7, 21),
(96, 19, 8, 20),
(4, 19, 9, 19),
(251, 19, 10, 18),
(36, 19, 11, 17),
(91, 19, 12, 16),
(21, 19, 13, 15),
(132, 19, 14, 14),
(46, 19, 15, 13),
(79, 19, 16, 12),
(27, 19, 17, 11),
(16, 19, 18, 10),
(116, 19, 19, 9),
(55, 19, 20, 8),
(104, 19, 21, 7),
(20, 19, 22, 6),
(212, 19, 23, 5),
(243, 19, 24, 4),
(125, 19, 25, 3),
(17, 19, 26, 2),
(6, 19, 27, 1),
(20, 20, 1, 22),
(117, 20, 2, 21),
(235, 20, 3, 20),
(10, 20, 4, 19),
(91, 20, 5, 18),
(197, 20, 6, 17),
(13, 20, 7, 16),
(32, 20, 8, 15),
(116, 20, 9, 14),
(6, 20, 10, 13),
(11, 20, 11, 12),
(31, 20, 12, 11),
(17, 20, 13, 10),
(506, 20, 14, 9),
(4, 20, 15, 8),
(125, 20, 16, 7),
(104, 20, 17, 6),
(8, 20, 18, 5),
(142, 20, 19, 4),
(45, 20, 20, 3),
(26, 20, 21, 2),
(27, 20, 22, 1),
(52, 21, 1, 23),
(384, 21, 2, 22),
(6, 21, 3, 21),
(65, 21, 4, 20),
(42, 21, 5, 19),
(17, 21, 6, 18),
(328, 21, 7, 17),
(21, 21, 8, 16),
(159, 21, 9, 15),
(212, 21, 10, 14),
(85, 21, 11, 13),
(129, 21, 12, 12),
(99, 21, 13, 11),
(10, 21, 14, 10),
(4, 21, 15, 9),
(11, 21, 16, 8),
(7, 21, 17, 7),
(13, 21, 18, 6),
(104, 21, 19, 5),
(32, 21, 20, 4),
(244, 21, 21, 3),
(45, 21, 22, 2),
(125, 21, 23, 1),
(178, 23, -2, NULL),
(65, 23, -2, NULL),
(83, 23, 1, NULL),
(66, 23, 1, NULL),
(34, 23, 1, NULL),
(17, 23, 1, NULL),
(4, 23, 1, NULL),
(56, 23, 2, NULL),
(40, 23, 2, NULL),
(190, 23, 2, NULL),
(67, 23, 2, NULL),
(154, 23, 2, NULL),
(30, 23, 2, NULL),
(9, 23, 2, NULL),
(299, 23, 2, NULL),
(1, 23, 2, NULL),
(24, 23, 2, NULL),
(116, 23, 2, NULL),
(199, 23, 3, NULL),
(36, 23, 3, NULL),
(6, 23, 3, NULL),
(85, 23, 3, NULL),
(179, 23, 5, NULL),
(53, 23, 5, NULL),
(170, 23, 6, NULL),
(159, 23, 12, NULL),
(125, 23, 13, NULL),
(119, 23, 16, NULL),
(603, 24, 1, 26),
(16, 24, 2, 25),
(13, 24, 3, 24),
(92, 24, 4, 23),
(69, 24, 5, 22),
(3, 24, 6, 21),
(105, 24, 7, 20),
(251, 24, 8, 19),
(132, 24, 9, 18),
(10, 24, 10, 17),
(4, 24, 11, 16),
(40, 24, 12, 15),
(8, 24, 13, 14),
(11, 24, 14, 13),
(21, 24, 15, 12),
(83, 24, 16, 11),
(42, 24, 17, 10),
(178, 24, 18, 9),
(7, 24, 19, 8),
(26, 24, 20, 7),
(17, 24, 21, 6),
(85, 24, 22, 5),
(45, 24, 23, 4),
(79, 24, 24, 3),
(190, 24, 25, 2),
(506, 24, 26, 1),
(13, 25, 1, 26),
(159, 25, 2, 25),
(138, 25, 3, 24),
(15, 25, 4, 23),
(76, 25, 5, 22),
(4, 25, 6, 21),
(235, 25, 7, 20),
(17, 25, 8, 19),
(56, 25, 9, 18),
(6, 25, 10, 17),
(132, 25, 11, 16),
(299, 25, 12, 15),
(332, 25, 13, 14),
(36, 25, 14, 13),
(79, 25, 15, 12),
(28, 25, 16, 11),
(10, 25, 17, 10),
(26, 25, 18, 9),
(61, 25, 19, 8),
(3, 25, 20, 7),
(27, 25, 21, 6),
(212, 25, 22, 5),
(45, 25, 23, 4),
(8, 25, 24, 3),
(96, 25, 25, 2),
(506, 25, 26, 1),
(219, 26, 1, 30),
(32, 26, 2, 29),
(490, 26, 3, 28),
(235, 26, 4, 27),
(26, 26, 5, 26),
(61, 26, 6, 25),
(31, 26, 7, 24),
(258, 26, 8, 23),
(20, 26, 9, 22),
(6, 26, 10, 21),
(299, 26, 11, 20),
(10, 26, 12, 19),
(193, 26, 13, 18),
(111, 26, 14, 17),
(315, 26, 15, 16),
(92, 26, 16, 15),
(119, 26, 17, 14),
(287, 26, 18, 13),
(46, 26, 19, 12),
(13, 26, 20, 11),
(91, 26, 21, 10),
(506, 26, 22, 9),
(76, 26, 23, 8),
(202, 26, 24, 7),
(182, 26, 25, 6),
(178, 26, 26, 5),
(17, 26, 27, 4),
(216, 26, 28, 3),
(9, 26, 29, 2),
(83, 26, 30, 1),
(30, 27, 1, 28),
(4, 27, 2, 27),
(46, 27, 3, 26),
(458, 27, 4, 25),
(8, 27, 5, 24),
(36, 27, 6, 23),
(258, 27, 7, 22),
(83, 27, 8, 21),
(61, 27, 9, 20),
(43, 27, 10, 19),
(11, 27, 11, 18),
(10, 27, 12, 17),
(13, 27, 13, 16),
(31, 27, 14, 15),
(24, 27, 15, 14),
(154, 27, 16, 13),
(64, 27, 17, 12),
(216, 27, 18, 11),
(184, 27, 19, 10),
(105, 27, 20, 9),
(55, 27, 21, 8),
(6, 27, 22, 7),
(603, 27, 23, 6),
(178, 27, 24, 5),
(1, 27, 25, 4),
(17, 27, 26, 3),
(74, 27, 27, 2),
(223, 27, 28, 1),
(501, 32, 1, 21),
(544, 32, 2, 19),
(26, 32, 3, 18),
(13, 32, 4, 17),
(104, 32, 5, 15),
(141, 32, 6, 14),
(77, 32, 7, 13),
(17, 32, 8, 12),
(53, 32, 9, 11),
(56, 32, 10, 10),
(216, 32, 11, 9),
(83, 32, 12, 8),
(96, 32, 13, 7),
(135, 32, 14, 6),
(10, 32, 15, 5),
(21, 32, 16, 4),
(235, 32, 17, 3),
(79, 32, 18, 2),
(176, 32, 19, 1),
(39, 33, 1, 27),
(202, 33, 2, 26),
(138, 33, 3, 24),
(32, 33, 4, 23),
(1, 33, 5, 22),
(83, 33, 6, 21),
(11, 33, 7, 19),
(10, 33, 8, 18),
(13, 33, 9, 17),
(212, 33, 10, 14),
(8, 33, 11, 13),
(193, 33, 12, 12),
(6, 33, 13, 11),
(117, 33, 14, 10),
(142, 33, 15, 9),
(175, 33, 16, 8),
(26, 33, 17, 7),
(28, 33, 18, 6),
(176, 33, 19, 5),
(135, 33, 20, 4),
(235, 33, 21, 3),
(506, 33, 22, 2),
(208, 33, 23, 1),
(47, 34, 1, 25),
(31, 34, 2, 24),
(42, 34, 3, 23),
(264, 34, 4, 22),
(6, 34, 5, 21),
(111, 34, 6, 20),
(175, 34, 7, 19),
(32, 34, 8, 17),
(215, 34, 9, 16),
(61, 34, 10, 15),
(2, 34, 11, 14),
(30, 34, 12, 13),
(43, 34, 13, 12),
(159, 34, 14, 11),
(83, 34, 15, 10),
(190, 34, 16, 9),
(9, 34, 17, 8),
(21, 34, 18, 7),
(117, 34, 19, 6),
(212, 34, 20, 5),
(193, 34, 21, 4),
(122, 34, 22, 3),
(17, 34, 23, 2),
(70, 35, 1, 23),
(212, 35, 2, 22),
(105, 35, 3, 21),
(175, 35, 4, 20),
(426, 35, 5, 19),
(603, 35, 6, 18),
(34, 35, 7, 17),
(24, 35, 8, 16),
(17, 35, 9, 14),
(135, 35, 10, 12),
(176, 35, 11, 11),
(61, 35, 12, 10),
(335, 35, 13, 9),
(52, 35, 14, 8),
(53, 35, 15, 7),
(27, 35, 16, 5),
(193, 35, 17, 4),
(46, 35, 18, 3),
(9, 35, 19, 2),
(154, 35, 20, 1),
(506, 37, 1, 19),
(83, 37, 2, 17),
(491, 37, 3, 16),
(2, 37, 4, 14),
(116, 37, 5, 13),
(193, 37, 6, 12),
(11, 37, 7, 11),
(41, 37, 8, 10),
(17, 37, 9, 9),
(202, 37, 10, 8),
(13, 37, 11, 7),
(130, 37, 12, 6),
(22, 37, 13, 5),
(7, 37, 14, 4),
(264, 37, 15, 3),
(27, 37, 16, 2),
(185, 37, 17, 1),
(37, 38, 1, 20),
(45, 38, 2, 19),
(42, 38, 3, 18),
(7, 38, 4, 17),
(193, 38, 5, 16),
(194, 38, 6, 15),
(83, 38, 7, 14),
(63, 38, 8, 13),
(11, 38, 9, 11),
(27, 38, 10, 10),
(19, 38, 13, 9),
(14, 38, 15, 8),
(154, 38, 17, 7),
(159, 38, 19, 6),
(59, 38, 21, 5),
(603, 38, 23, 4),
(185, 38, 25, 3),
(9, 38, 27, 2),
(36, 38, 30, 1),
(42, 39, 1, 19),
(13, 39, 2, 18),
(47, 39, 3, 17),
(36, 39, 4, 16),
(16, 39, 5, 15),
(34, 39, 6, 14),
(189, 39, 7, 13),
(91, 39, 8, 12),
(129, 39, 9, 11),
(63, 39, 10, 10),
(8, 39, 13, 9),
(193, 39, 15, 8),
(603, 39, 17, 7),
(70, 39, 19, 6),
(52, 39, 21, 5),
(194, 39, 23, 4),
(45, 39, 25, 3),
(202, 39, 27, 2),
(3, 39, 30, 1),
(193, 40, 1, 20),
(37, 40, 2, 19),
(255, 40, 3, 18),
(129, 40, 4, 17),
(116, 40, 5, 16),
(154, 40, 6, 14),
(506, 40, 7, 13),
(12, 40, 8, 12),
(42, 40, 9, 11),
(36, 40, 10, 10),
(175, 40, 13, 9),
(46, 40, 15, 8),
(111, 40, 17, 7),
(27, 40, 19, 6),
(39, 40, 21, 5),
(83, 40, 23, 4),
(53, 40, 25, 3),
(3, 40, 27, 2),
(189, 40, 30, 1),
(105, 41, 1, 20),
(21, 41, 2, 19),
(179, 41, 3, 18),
(20, 41, 4, 17),
(2, 41, 5, 16),
(193, 41, 6, 15),
(159, 41, 7, 14),
(33, 41, 8, 12),
(83, 41, 9, 11),
(1, 41, 10, 10),
(18, 41, 13, 9),
(11, 41, 15, 8),
(6, 41, 17, 7),
(4, 41, 19, 6),
(36, 41, 21, 5),
(122, 41, 23, 4),
(19, 41, 25, 3),
(28, 41, 27, 2),
(15, 41, 30, 1),
(20, 42, 1, 19),
(39, 42, 2, 18),
(61, 42, 3, 17),
(85, 42, 4, 16),
(116, 42, 5, 15),
(28, 42, 6, 14),
(63, 42, 7, 13),
(212, 42, 8, 12),
(42, 42, 9, 11),
(23, 42, 10, 10),
(41, 42, 13, 9),
(148, 42, 15, 8),
(9, 42, 17, 7),
(104, 42, 19, 6),
(33, 42, 21, 5),
(103, 42, 23, 4),
(159, 42, 25, 3),
(12, 42, 27, 2),
(122, 42, 30, 1),
(117, 43, 1, 20),
(69, 43, 2, 19),
(15, 43, 3, 18),
(6, 43, 4, 17),
(330, 43, 5, 16),
(46, 43, 6, 15),
(104, 43, 7, 14),
(30, 43, 8, 13),
(39, 43, 9, 12),
(7, 43, 10, 10),
(13, 43, 13, 9),
(116, 43, 15, 8),
(17, 43, 17, 7),
(193, 43, 19, 6),
(83, 43, 21, 5),
(45, 43, 23, 4),
(2, 43, 25, 3),
(27, 43, 27, 2),
(3, 43, 30, 1),
(28, 44, 1, 19),
(2, 44, 2, 18),
(470, 44, 3, 17),
(4, 44, 4, 16),
(10, 44, 5, 15),
(13, 44, 6, 14),
(37, 44, 7, 13),
(193, 44, 8, 12),
(3, 44, 9, 11),
(45, 44, 10, 10),
(32, 44, 13, 9),
(148, 44, 15, 8),
(18, 44, 17, 7),
(159, 44, 19, 6),
(12, 44, 21, 5),
(249, 44, 23, 4),
(111, 44, 25, 3),
(262, 44, 27, 2),
(55, 44, 30, 1),
(111, 45, 1, 19),
(120, 45, 2, 18),
(116, 45, 3, 17),
(104, 45, 4, 16),
(41, 45, 5, 15),
(602, 45, 6, 14),
(27, 45, 7, 13),
(11, 45, 8, 12),
(130, 45, 9, 11),
(37, 45, 10, 10),
(45, 45, 13, 9),
(6, 45, 15, 8),
(3, 45, 17, 7),
(7, 45, 19, 6),
(70, 45, 21, 5),
(603, 45, 23, 4),
(18, 45, 25, 3),
(9, 45, 27, 2),
(154, 45, 30, 1),
(24, 46, 1, 19),
(101, 46, 2, 18),
(76, 46, 4, 16),
(12, 46, 5, 15),
(346, 46, 6, 14),
(506, 46, 7, 13),
(17, 46, 8, 12),
(18, 46, 9, 11),
(20, 46, 10, 10),
(13, 46, 13, 9),
(39, 46, 15, 8),
(83, 46, 17, 7),
(111, 46, 19, 6),
(159, 46, 21, 5),
(30, 46, 23, 4),
(9, 46, 25, 3),
(15, 46, 27, 2),
(1, 46, 30, 1),
(602, 47, 1, 19),
(104, 47, 2, 18),
(32, 47, 3, 17),
(3, 47, 4, 16),
(10, 47, 5, 15),
(346, 47, 6, 14),
(18, 47, 7, 13),
(79, 47, 8, 12),
(262, 47, 9, 11),
(83, 47, 10, 10),
(45, 47, 13, 9),
(120, 47, 15, 8),
(2, 47, 17, 7),
(12, 47, 19, 6),
(16, 47, 21, 5),
(39, 47, 23, 4),
(23, 47, 25, 3),
(35, 47, 27, 2),
(118, 47, 30, 1),
(32, 48, 1, 19),
(24, 48, 2, 18),
(85, 48, 3, 17),
(116, 48, 4, 16),
(41, 48, 5, 15),
(26, 48, 6, 14),
(25, 48, 7, 13),
(69, 48, 8, 12),
(83, 48, 9, 11),
(27, 48, 10, 10),
(312, 48, 13, 9),
(96, 48, 15, 8),
(18, 48, 17, 7),
(111, 48, 19, 6),
(3, 48, 21, 5),
(34, 48, 23, 4),
(193, 48, 25, 3),
(23, 48, 27, 2),
(46, 48, 30, 1),
(62, 49, 1, 19),
(21, 49, 2, 18),
(246, 49, 3, 17),
(178, 49, 4, 16),
(20, 49, 5, 15),
(77, 49, 6, 14),
(4, 49, 7, 13),
(193, 49, 8, 12),
(76, 49, 9, 11),
(7, 49, 10, 10),
(120, 49, 13, 9),
(15, 49, 15, 8),
(51, 49, 17, 7),
(253, 49, 19, 6),
(28, 49, 21, 5),
(17, 49, 23, 4),
(116, 49, 25, 3),
(50, 49, 27, 2),
(11, 49, 30, 1),
(178, 50, 1, 19),
(64, 50, 2, 18),
(33, 50, 3, 17),
(10, 50, 4, 16),
(51, 50, 5, 15),
(131, 50, 6, 14),
(36, 50, 7, 13),
(21, 50, 8, 12),
(27, 50, 9, 11),
(32, 50, 10, 10),
(12, 50, 13, 9),
(75, 50, 15, 8),
(159, 50, 17, 7),
(108, 50, 19, 6),
(59, 50, 21, 5),
(111, 50, 23, 4),
(20, 50, 25, 3),
(154, 50, 27, 2),
(86, 50, 30, 1),
(10, 51, 1, 20),
(23, 51, 2, 19),
(159, 51, 3, 18),
(253, 51, 4, 17),
(11, 51, 5, 16),
(64, 51, 6, 14),
(248, 51, 7, 13),
(59, 51, 8, 12),
(70, 51, 9, 11),
(27, 51, 10, 10),
(101, 51, 13, 9),
(33, 51, 15, 8),
(8, 51, 17, 7),
(142, 51, 19, 6),
(2, 51, 21, 5),
(41, 51, 13, 4),
(212, 51, 25, 3),
(57, 51, 27, 2),
(34, 51, 30, 1),
(37, 52, 1, 21),
(86, 52, 2, 20),
(83, 52, 3, 19),
(10, 52, 4, 18),
(16, 52, 5, 17),
(1, 52, 6, 16),
(159, 52, 7, 15),
(18, 52, 8, 14),
(39, 52, 9, 12),
(46, 52, 10, 11),
(66, 52, 13, 10),
(120, 52, 15, 9),
(13, 52, 17, 8),
(70, 52, 19, 7),
(11, 52, 21, 5),
(22, 52, 23, 4),
(212, 52, 25, 3),
(90, 52, 27, 2),
(64, 52, 30, 1),
(231, 53, 1, 19),
(193, 53, 2, 18),
(154, 53, 3, 17),
(86, 53, 4, 16),
(120, 53, 5, 15),
(8, 53, 6, 14),
(46, 53, 7, 13),
(43, 53, 8, 12),
(12, 53, 9, 11),
(18, 53, 10, 10),
(13, 53, 13, 9),
(16, 53, 15, 8),
(76, 53, 17, 7),
(139, 53, 19, 6),
(17, 53, 21, 5),
(116, 53, 23, 4),
(121, 53, 25, 3),
(22, 53, 27, 2),
(101, 53, 30, 1),
(39, 54, 1, 19),
(10, 54, 2, 18),
(246, 54, 3, 17),
(121, 54, 4, 16),
(393, 54, 5, 15),
(37, 54, 6, 14),
(46, 54, 7, 13),
(193, 54, 8, 12),
(50, 54, 9, 11),
(17, 54, 10, 10),
(25, 54, 13, 9),
(15, 54, 15, 8),
(154, 54, 17, 7),
(2, 54, 19, 6),
(24, 54, 21, 5),
(12, 54, 23, 4),
(45, 54, 25, 3),
(111, 54, 27, 2),
(131, 54, 30, 1),
(212, 55, 1, 20),
(2, 55, 2, 19),
(235, 55, 3, 18),
(10, 55, 4, 17),
(603, 55, 5, 16),
(31, 55, 6, 15),
(70, 55, 7, 14),
(215, 55, 8, 12),
(17, 55, 9, 11),
(86, 55, 10, 10),
(18, 55, 13, 9),
(32, 55, 15, 8),
(1, 55, 17, 7),
(11, 55, 19, 6),
(133, 55, 21, 5),
(3, 55, 23, 4),
(55, 55, 25, 3),
(159, 55, 27, 2),
(20, 55, 30, 1),
(1, 56, 1, 19),
(16, 56, 2, 18),
(10, 56, 3, 17),
(51, 56, 4, 16),
(167, 56, 5, 15),
(33, 56, 6, 14),
(NULL, 56, 7, 13),
(15, 56, 8, 12),
(3, 56, 9, 11),
(83, 56, 10, 10),
(148, 56, 13, 9),
(31, 56, 15, 8),
(23, 56, 17, 7),
(2, 56, 19, 6),
(111, 56, 21, 5),
(12, 56, 23, 4),
(139, 56, 25, 3),
(8, 56, 27, 2),
(28, 56, 30, 1),
(53, 57, 1, 19),
(37, 57, 2, 18),
(20, 57, 3, 17),
(34, 57, 4, 16),
(25, 57, 5, 15),
(328, 57, 6, 14),
(3, 57, 7, 13),
(506, 57, 8, 12),
(21, 57, 9, 11),
(175, 57, 10, 10),
(215, 57, 13, 9),
(11, 57, 15, 8),
(154, 57, 17, 7),
(69, 57, 19, 6),
(15, 57, 21, 5),
(8, 57, 23, 4),
(42, 57, 25, 3),
(12, 57, 27, 2),
(2, 57, 30, 1),
(50, 58, 1, 20),
(116, 58, 2, 19),
(55, 58, 3, 18),
(62, 58, 4, 17),
(101, 58, 5, 16),
(17, 58, 6, 15),
(45, 58, 7, 14),
(24, 58, 8, 13),
(59, 58, 9, 12),
(111, 58, 10, 11),
(193, 58, 15, 9),
(32, 58, 17, 8),
(20, 58, 19, 7),
(79, 58, 13, 6),
(22, 58, 21, 5),
(212, 58, 23, 4),
(75, 58, 25, 3),
(154, 58, 27, 2),
(11, 58, 30, 1),
(298, 59, 1, 22),
(12, 59, 2, 18),
(15, 59, 3, 17),
(47, 59, 4, 16),
(2, 59, 5, 15),
(42, 59, 6, 14),
(25, 59, 7, 13),
(34, 59, 8, 12),
(27, 59, 9, 11),
(101, 59, 10, 10),
(23, 59, 13, 9),
(21, 59, 15, 8),
(55, 59, 17, 7),
(18, 59, 19, 6),
(266, 59, 21, 5),
(506, 59, 23, 4),
(33, 59, 25, 3),
(24, 59, 27, 2),
(90, 59, 30, 1),
(69, 60, 1, 19),
(443, 60, 2, 18),
(101, 60, 3, 17),
(8, 60, 4, 16),
(79, 60, 5, 15),
(32, 60, 6, 14),
(358, 60, 7, 13),
(18, 60, 8, 12),
(42, 60, 9, 11),
(23, 60, 10, 10),
(55, 60, 13, 9),
(4, 60, 15, 8),
(22, 60, 17, 7),
(133, 60, 19, 6),
(10, 60, 21, 5),
(52, 60, 23, 4),
(45, 60, 25, 3),
(2, 60, 27, 2),
(506, 60, 30, 1),
(37, 61, 1, 20),
(70, 61, 2, 19),
(34, 61, 3, 18),
(131, 61, 4, 17),
(1, 61, 5, 16),
(208, 61, 6, 15),
(16, 61, 7, 14),
(193, 61, 8, 13),
(33, 61, 9, 12),
(235, 61, 10, 11),
(42, 61, 13, 10),
(254, 61, 15, 9),
(146, 61, 17, 8),
(20, 61, 19, 7),
(111, 61, 21, 5),
(62, 61, 23, 4),
(7, 61, 25, 3),
(11, 61, 27, 2),
(31, 61, 30, 1),
(46, 62, 1, 23),
(59, 62, 2, 22),
(51, 62, 3, 21),
(212, 62, 4, 20),
(17, 62, 5, 16),
(41, 62, 6, 14),
(298, 62, 7, 13),
(12, 62, 8, 12),
(78, 62, 9, 11),
(64, 62, 10, 10),
(83, 62, 13, 9),
(86, 62, 15, 8),
(45, 62, 17, 7),
(220, 62, 19, 6),
(159, 62, 21, 5),
(167, 62, 23, 4),
(1, 62, 25, 3),
(30, 62, 27, 2),
(69, 62, 30, 1),
(220, 63, 1, 22),
(31, 63, 2, 21),
(83, 63, 3, 19),
(167, 63, 4, 17),
(8, 63, 5, 16),
(602, 63, 6, 14),
(70, 63, 7, 13),
(27, 63, 8, 12),
(7, 63, 9, 11),
(154, 63, 10, 10),
(68, 63, 13, 9),
(12, 63, 15, 8),
(29, 63, 17, 7),
(193, 63, 19, 6),
(21, 63, 21, 5),
(112, 63, 23, 4),
(61, 63, 25, 3),
(42, 63, 27, 2),
(111, 63, 30, 1),
(601, 64, 1, 20),
(25, 64, 2, 19),
(46, 64, 3, 17),
(10, 64, 4, 16),
(8, 64, 5, 15),
(163, 64, 6, 14),
(18, 64, 7, 13),
(2, 64, 8, 12),
(4, 64, 9, 11),
(7, 64, 10, 10),
(69, 64, 13, 9),
(3, 64, 15, 8),
(37, 64, 17, 7),
(52, 64, 19, 6),
(83, 64, 21, 5),
(204, 64, 23, 4),
(506, 64, 25, 3),
(90, 64, 27, 2),
(75, 64, 30, 1),
(79, 65, 1, 21),
(254, 65, 2, 20),
(76, 65, 3, 18),
(4, 65, 4, 17),
(43, 65, 5, 16),
(22, 65, 6, 15),
(1, 65, 7, 14),
(69, 65, 9, 13),
(18, 65, 10, 12),
(25, 65, 13, 11),
(506, 65, 15, 9),
(46, 65, 17, 8),
(212, 65, 8, 7),
(12, 65, 19, 6),
(2, 65, 21, 5),
(168, 65, 23, 4),
(193, 65, 25, 3),
(30, 65, 27, 2),
(3, 65, 30, 1),
(67, 66, 1, 19),
(8, 66, 2, 18),
(337, 66, 3, 17),
(212, 66, 4, 16),
(85, 66, 5, 15),
(116, 66, 6, 14),
(298, 66, 7, 13),
(77, 66, 8, 12),
(18, 66, 9, 11),
(70, 66, 10, 10),
(86, 66, 13, 9),
(16, 66, 15, 8),
(23, 66, 17, 7),
(159, 66, 19, 6),
(193, 66, 21, 5),
(10, 66, 23, 4),
(33, 66, 25, 3),
(133, 66, 27, 2),
(19, 66, 30, 1),
(10, 67, 1, 19),
(32, 67, 2, 18),
(18, 67, 3, 17),
(254, 67, 4, 16),
(46, 67, 5, 15),
(11, 67, 6, 14),
(51, 67, 7, 13),
(79, 67, 8, 12),
(226, 67, 9, 11),
(12, 67, 10, 10),
(212, 67, 13, 9),
(121, 67, 15, 8),
(69, 67, 17, 7),
(77, 67, 19, 6),
(85, 67, 21, 5),
(19, 67, 23, 4),
(21, 67, 25, 3),
(52, 67, 27, 2),
(131, 67, 30, 1),
(17, 68, 1, 21),
(2, 68, 2, 20),
(20, 68, 3, 19),
(97, 68, 4, 18),
(25, 68, 5, 16),
(4, 68, 6, 15),
(8, 68, 7, 14),
(154, 68, 8, 13),
(9, 68, 9, 11),
(15, 68, 10, 10),
(13, 68, 13, 9),
(159, 68, 15, 8),
(226, 68, 17, 7),
(3, 68, 19, 6),
(190, 68, 21, 5),
(7, 68, 23, 4),
(212, 68, 25, 3),
(1, 68, 27, 2),
(121, 68, 30, 1),
(46, 69, 1, 19),
(7, 69, 2, 18),
(27, 69, 3, 17),
(131, 69, 4, 16),
(17, 69, 6, 15),
(146, 69, 7, 14),
(6, 69, 8, 13),
(9, 69, 9, 12),
(34, 69, 10, 11),
(25, 69, 13, 10),
(90, 69, 15, 9),
(51, 69, 17, 8),
(2, 69, 19, 7),
(77, 69, 21, 6),
(18, 69, 23, 5),
(8, 69, 5, 4),
(79, 69, 25, 3),
(15, 69, 27, 2),
(41, 69, 30, 1),
(212, 70, 1, 21),
(116, 70, 2, 19),
(25, 70, 3, 18),
(32, 70, 4, 17),
(4, 70, 5, 16),
(20, 70, 6, 15),
(17, 70, 7, 14),
(13, 70, 8, 13),
(246, 70, 9, 12),
(337, 70, 10, 11),
(77, 70, 13, 10),
(159, 70, 15, 8),
(34, 70, 17, 7),
(16, 70, 19, 6),
(121, 70, 21, 5),
(37, 70, 23, 4),
(10, 70, 25, 3),
(179, 70, 27, 2),
(79, 70, 30, 1),
(16, 71, 1, 19),
(75, 71, 2, 18),
(116, 71, 3, 17),
(120, 71, 4, 16),
(61, 71, 5, 15),
(15, 71, 6, 14),
(212, 71, 7, 13),
(37, 71, 8, 12),
(21, 71, 9, 11),
(86, 71, 10, 10),
(50, 71, 13, 9),
(154, 71, 15, 8),
(11, 71, 17, 7),
(20, 71, 19, 6),
(159, 71, 21, 5),
(24, 71, 23, 4),
(83, 71, 25, 3),
(9, 71, 27, 2),
(3, 71, 30, 1),
(52, 72, 1, 21),
(132, 72, 2, 19),
(10, 72, 3, 18),
(142, 72, 4, 17),
(379, 72, 5, 16),
(41, 72, 6, 15),
(19, 72, 7, 14),
(21, 72, 8, 12),
(4, 72, 9, 11),
(146, 72, 10, 10),
(506, 72, 13, 9),
(13, 72, 15, 8),
(92, 72, 17, 7),
(69, 72, 19, 6),
(12, 72, 21, 5),
(30, 72, 23, 4),
(121, 72, 25, 3),
(27, 72, 27, 2),
(11, 72, 30, 1),
(212, 73, 1, 21),
(506, 73, 2, 20),
(75, 73, 3, 18),
(52, 73, 4, 17),
(3, 73, 5, 16),
(69, 73, 6, 15),
(86, 73, 7, 14),
(37, 73, 8, 13),
(120, 73, 9, 12),
(19, 73, 10, 11),
(12, 73, 13, 9),
(33, 73, 15, 8),
(17, 73, 17, 7),
(10, 73, 19, 6),
(30, 73, 21, 5),
(25, 73, 23, 4),
(159, 73, 25, 3),
(88, 73, 27, 2),
(83, 73, 30, 1),
(86, 74, 1, 19),
(11, 74, 2, 18),
(97, 74, 3, 17),
(12, 74, 4, 16),
(10, 74, 5, 15),
(154, 74, 6, 14),
(378, 74, 7, 13),
(159, 74, 8, 12),
(52, 74, 9, 11),
(9, 74, 10, 10),
(120, 74, 13, 9),
(115, 74, 15, 8),
(256, 74, 17, 7),
(88, 74, 19, 6),
(17, 74, 21, 5),
(8, 74, 23, 4),
(121, 74, 25, 3),
(23, 74, 27, 2),
(36, 74, 30, 1),
(25, 75, 1, 21),
(10, 75, 2, 19),
(41, 75, 3, 18),
(115, 75, 4, 17),
(193, 75, 5, 16),
(212, 75, 6, 15),
(37, 75, 7, 14),
(17, 75, 8, 13),
(11, 75, 9, 12),
(97, 75, 10, 11),
(4, 75, 13, 10),
(146, 75, 15, 8),
(31, 75, 17, 7),
(6, 75, 19, 6),
(18, 75, 21, 5),
(88, 75, 23, 4),
(132, 75, 25, 3),
(15, 75, 27, 2),
(241, 75, 30, 1),
(10, 76, 1, 20),
(33, 76, 2, 19),
(146, 76, 3, 18),
(32, 76, 4, 17),
(4, 76, 5, 16),
(316, 76, 6, 15),
(37, 76, 7, 14),
(43, 76, 8, 12),
(15, 76, 9, 11),
(64, 76, 10, 10),
(16, 76, 13, 9),
(20, 76, 15, 8),
(11, 76, 17, 7),
(267, 76, 19, 6),
(34, 76, 21, 5),
(18, 76, 23, 4),
(7, 76, 25, 3),
(12, 76, 27, 2),
(3, 76, 30, 1),
(21, 77, 1, 19),
(9, 77, 2, 18),
(97, 77, 3, 17),
(235, 77, 4, 16),
(3, 77, 5, 15),
(111, 77, 6, 14),
(52, 77, 7, 13),
(366, 77, 8, 12),
(506, 77, 9, 11),
(17, 77, 10, 10),
(50, 77, 13, 9),
(1, 77, 15, 8),
(4, 77, 17, 7),
(121, 77, 19, 6),
(159, 77, 21, 5),
(30, 77, 23, 4),
(20, 77, 25, 3),
(41, 77, 27, 2),
(112, 77, 30, 1),
(121, 78, 1, 20),
(34, 78, 3, 19),
(28, 78, 4, 18),
(83, 78, 5, 17),
(18, 78, 6, 16),
(90, 78, 2, 15),
(9, 78, 7, 14),
(212, 78, 8, 13),
(70, 78, 9, 12),
(4, 78, 10, 11),
(17, 78, 13, 10),
(21, 78, 15, 8),
(37, 78, 17, 7),
(92, 78, 19, 6),
(1, 78, 21, 5),
(506, 78, 23, 4),
(12, 78, 25, 3),
(154, 78, 27, 2),
(16, 78, 30, 1),
(86, 79, 1, 21),
(459, 79, 2, 20),
(83, 79, 3, 19),
(17, 79, 4, 18),
(36, 79, 5, 17),
(4, 79, 6, 16),
(27, 79, 7, 15),
(38, 79, 8, 13),
(46, 79, 9, 11),
(25, 79, 10, 10),
(10, 79, 13, 9),
(24, 79, 15, 8),
(11, 79, 17, 7),
(12, 79, 19, 6),
(85, 79, 21, 5),
(33, 79, 23, 4),
(212, 79, 25, 3),
(3, 79, 27, 2),
(159, 79, 30, 1),
(32, 80, 1, 19),
(82, 80, 2, 18),
(37, 80, 3, 17),
(33, 80, 4, 16),
(7, 80, 5, 15),
(77, 80, 6, 14),
(80, 80, 7, 13),
(8, 80, 8, 12),
(2, 80, 9, 11),
(12, 80, 10, 10),
(186, 80, 13, 9),
(9, 80, 15, 8),
(16, 80, 17, 7),
(11, 80, 19, 6),
(1, 80, 21, 5),
(154, 80, 23, 4),
(506, 80, 25, 3),
(13, 80, 27, 2),
(181, 80, 30, 1),
(82, 81, 1, 20),
(204, 81, 2, 19),
(2, 81, 3, 18),
(506, 81, 4, 17),
(255, 81, 5, 16),
(77, 81, 6, 15),
(220, 81, 7, 14),
(123, 81, 8, 13),
(9, 81, 9, 12),
(181, 81, 10, 11),
(338, 81, 13, 10),
(80, 81, 17, 9),
(33, 81, 19, 8),
(7, 81, 21, 7),
(23, 81, 15, 5),
(83, 81, 23, 4),
(51, 81, 25, 3),
(86, 81, 27, 2),
(19, 81, 30, 1),
(5, 82, 1, 21),
(3, 82, 2, 20),
(10, 82, 3, 19),
(8, 82, 4, 18),
(186, 82, 5, 17),
(506, 82, 6, 16),
(146, 82, 7, 13),
(154, 82, 8, 12),
(46, 82, 9, 11),
(11, 82, 10, 10),
(77, 82, 13, 9),
(247, 82, 15, 8),
(33, 82, 17, 7),
(12, 82, 19, 6),
(2, 82, 21, 5),
(7, 82, 23, 4),
(97, 82, 25, 3),
(121, 82, 27, 2),
(25, 82, 30, 1),
(121, 83, 1, 22),
(181, 83, 2, 21),
(503, 83, 3, 19),
(4, 83, 4, 18),
(37, 83, 5, 16),
(123, 83, 6, 15),
(17, 83, 7, 14),
(31, 83, 8, 13),
(7, 83, 9, 11),
(16, 83, 10, 10),
(10, 83, 13, 9),
(32, 83, 15, 8),
(80, 83, 17, 7),
(33, 83, 19, 6),
(51, 83, 21, 5),
(154, 83, 23, 4),
(116, 83, 25, 3),
(506, 83, 27, 2),
(1, 83, 30, 1),
(83, 84, 1, 20),
(8, 84, 2, 19),
(70, 84, 3, 18),
(15, 84, 4, 17),
(506, 84, 5, 16),
(4, 84, 6, 15),
(46, 84, 7, 14),
(82, 84, 8, 13),
(212, 84, 9, 12),
(3, 84, 10, 10),
(90, 84, 13, 9),
(77, 84, 15, 8),
(2, 84, 17, 7),
(25, 84, 19, 6),
(186, 84, 21, 5),
(12, 84, 23, 4),
(135, 84, 25, 3),
(123, 84, 27, 2),
(121, 84, 30, 1),
(20, 85, 1, 24),
(190, 85, 2, 20),
(181, 85, 3, 19),
(23, 85, 4, 18),
(212, 85, 5, 17),
(7, 85, 6, 16),
(17, 85, 7, 15),
(11, 85, 8, 14),
(327, 85, 9, 13),
(10, 85, 10, 12),
(62, 85, 15, 10),
(13, 85, 17, 8),
(25, 85, 19, 7),
(83, 85, 21, 6),
(18, 85, 23, 5),
(3, 85, 25, 4),
(30, 85, 13, 3),
(154, 85, 27, 2),
(506, 85, 30, 1),
(18, 86, 1, 20),
(46, 86, 2, 19),
(159, 86, 3, 18),
(17, 86, 4, 17),
(86, 86, 5, 16),
(246, 86, 6, 15),
(27, 86, 7, 14),
(32, 86, 8, 13),
(121, 86, 9, 12),
(93, 86, 10, 10),
(12, 86, 13, 9),
(212, 86, 15, 8),
(506, 86, 17, 7),
(33, 86, 21, 6),
(602, 86, 23, 5),
(2, 86, 25, 4),
(37, 86, 19, 3),
(25, 86, 27, 2),
(82, 86, 30, 1),
(25, 87, 1, 21),
(2, 87, 2, 20),
(12, 87, 3, 19),
(16, 87, 4, 18),
(83, 87, 5, 17),
(32, 87, 6, 16),
(24, 87, 7, 14),
(168, 87, 8, 13),
(602, 87, 9, 12),
(112, 87, 10, 11),
(13, 87, 13, 10),
(255, 87, 15, 9),
(121, 87, 17, 8),
(93, 87, 19, 6),
(97, 87, 21, 5),
(18, 87, 23, 4),
(212, 87, 25, 3),
(3, 87, 27, 2),
(20, 87, 30, 1),
(76, 88, 1, 20),
(247, 88, 2, 19),
(112, 88, 3, 18),
(420, 88, 4, 17),
(5, 88, 5, 16),
(121, 88, 6, 15),
(163, 88, 7, 14),
(142, 88, 8, 12),
(32, 88, 9, 11),
(56, 88, 10, 10),
(70, 88, 13, 9),
(15, 88, 15, 8),
(10, 88, 17, 7),
(274, 88, 19, 6),
(59, 88, 21, 5),
(12, 88, 23, 4),
(17, 88, 25, 3),
(27, 88, 27, 2),
(19, 88, 30, 1),
(41, 89, 1, 20),
(2, 89, 2, 19),
(21, 89, 3, 18),
(59, 89, 4, 17),
(121, 89, 5, 16),
(5, 89, 6, 15),
(82, 89, 7, 14),
(10, 89, 8, 13),
(112, 89, 9, 12),
(212, 89, 10, 11),
(1, 89, 13, 10),
(74, 89, 15, 9),
(19, 89, 17, 8),
(4, 89, 19, 7),
(3, 89, 21, 6),
(83, 89, 23, 4),
(8, 89, 25, 3),
(13, 89, 27, 2),
(602, 89, 30, 1),
(34, 90, 1, 23),
(172, 90, 2, 21),
(6, 90, 3, 20),
(2, 90, 4, 19),
(17, 90, 5, 17),
(256, 90, 6, 16),
(194, 90, 7, 14),
(80, 90, 8, 12),
(5, 90, 9, 11),
(32, 90, 10, 10),
(163, 90, 13, 9),
(15, 90, 15, 8),
(21, 90, 17, 7),
(10, 90, 19, 6),
(16, 90, 21, 5),
(30, 90, 23, 4),
(76, 90, 25, 3),
(39, 90, 27, 2),
(154, 90, 30, 1),
(18, 91, 1, 21),
(37, 91, 2, 20),
(27, 91, 3, 19),
(76, 91, 4, 18),
(13, 91, 5, 17),
(421, 91, 6, 16),
(15, 91, 7, 15),
(204, 91, 8, 14),
(17, 91, 9, 13),
(16, 91, 10, 11),
(10, 91, 13, 9),
(97, 91, 15, 8),
(82, 91, 17, 7),
(12, 91, 19, 6),
(25, 91, 21, 5),
(6, 91, 23, 4),
(30, 91, 25, 3),
(116, 91, 27, 2),
(3, 91, 30, 1),
(46, 92, 1, 20),
(3, 92, 2, 19),
(9, 92, 3, 18),
(10, 92, 4, 17),
(39, 92, 5, 16),
(112, 92, 6, 14),
(12, 92, 7, 13),
(32, 92, 8, 12),
(506, 92, 9, 11),
(602, 92, 10, 10),
(82, 92, 13, 9),
(97, 92, 15, 8),
(169, 92, 17, 7),
(2, 92, 21, 6),
(17, 92, 19, 5),
(53, 92, 23, 4),
(6, 92, 25, 3),
(121, 92, 27, 2),
(34, 92, 30, 1),
(1, 93, 1, 22),
(154, 93, 2, 21),
(83, 93, 3, 19),
(460, 93, 4, 18),
(169, 93, 5, 17),
(261, 93, 6, 16),
(82, 93, 7, 14),
(18, 93, 8, 13),
(31, 93, 9, 12),
(30, 93, 10, 10),
(5, 93, 13, 9),
(34, 93, 15, 8),
(79, 93, 17, 7),
(76, 93, 19, 6),
(3, 93, 21, 5),
(121, 93, 23, 4),
(12, 93, 25, 3),
(116, 93, 27, 2),
(28, 93, 30, 1),
(274, 94, 1, 19),
(32, 94, 2, 18),
(504, 94, 3, 17),
(46, 94, 4, 16),
(112, 94, 5, 15),
(25, 94, 6, 14),
(10, 94, 7, 13),
(6, 94, 8, 12),
(316, 94, 9, 11),
(172, 94, 10, 10),
(24, 94, 13, 9),
(34, 94, 15, 8),
(17, 94, 17, 7),
(2, 94, 19, 6),
(13, 94, 21, 5),
(83, 94, 23, 4),
(82, 94, 25, 3),
(11, 94, 27, 2),
(66, 94, 30, 1),
(17, 95, 1, 19),
(172, 95, 2, 18),
(43, 95, 3, 17),
(112, 95, 4, 16),
(3, 95, 5, 15),
(21, 95, 6, 14),
(9, 95, 7, 13),
(32, 95, 8, 12),
(12, 95, 9, 11),
(25, 95, 10, 10),
(2, 95, 13, 9),
(30, 95, 15, 8),
(83, 95, 17, 7),
(116, 95, 19, 6),
(10, 95, 21, 5),
(97, 95, 23, 4),
(66, 95, 25, 3),
(18, 95, 27, 2),
(19, 95, 30, 1),
(104, 96, 1, 20),
(32, 96, 2, 19),
(34, 96, 3, 18),
(379, 96, 4, 17),
(5, 96, 5, 16),
(115, 96, 6, 15),
(18, 96, 7, 14),
(47, 96, 8, 13),
(39, 96, 9, 11),
(172, 96, 10, 10),
(53, 96, 13, 9),
(317, 96, 15, 8),
(37, 96, 17, 7),
(283, 96, 19, 6),
(11, 96, 21, 5),
(83, 96, 23, 4),
(169, 96, 25, 3),
(10, 96, 27, 2),
(27, 96, 30, 1),
(80, 97, 1, 21),
(10, 97, 2, 19),
(41, 97, 3, 18),
(83, 97, 4, 17),
(2, 97, 5, 16),
(104, 97, 6, 15),
(37, 97, 7, 14),
(34, 97, 8, 12),
(82, 97, 9, 11),
(11, 97, 10, 10),
(116, 97, 13, 9),
(6, 97, 15, 8),
(25, 97, 17, 7),
(4, 97, 19, 6),
(21, 97, 21, 5),
(142, 97, 23, 4),
(172, 97, 25, 3),
(12, 97, 27, 2),
(13, 97, 30, 1),
(41, 98, 1, 21),
(12, 98, 2, 20),
(27, 98, 3, 19),
(204, 98, 4, 18),
(46, 98, 5, 17),
(506, 98, 6, 16),
(1, 98, 7, 15),
(11, 98, 8, 13),
(76, 98, 9, 12),
(840, 98, 10, 11),
(169, 98, 13, 10),
(504, 98, 15, 9),
(9, 98, 17, 8),
(32, 98, 19, 7),
(18, 98, 21, 6),
(283, 98, 23, 4),
(154, 98, 25, 3),
(24, 98, 27, 2),
(138, 98, 30, 1),
(204, 99, 1, 15),
(18, 99, 2, 14),
(34, 99, 3, 13),
(9, 99, 4, 12),
(279, 99, 5, 11),
(811, 99, 6, 10),
(82, 99, 7, 9),
(172, 99, 8, 8),
(19, 99, 9, 7),
(2, 99, 10, 6),
(12, 99, 13, 5),
(169, 99, 15, 4),
(179, 99, 17, 3),
(97, 99, 19, 2),
(154, 99, 21, 1),
(317, 100, 1, 19),
(79, 100, 2, 18),
(46, 100, 3, 17),
(96, 100, 4, 16),
(204, 100, 5, 15),
(256, 100, 6, 14),
(12, 100, 7, 13),
(34, 100, 8, 12),
(19, 100, 9, 11),
(856, 100, 10, 10),
(27, 100, 13, 9),
(8, 100, 15, 8),
(2, 100, 17, 7),
(840, 100, 19, 6),
(283, 100, 21, 5),
(76, 100, 23, 4),
(NULL, 100, 25, 3),
(17, 100, 27, 2),
(154, 100, 30, 1),
(172, 101, 1, 21),
(840, 101, 2, 18),
(46, 101, 3, 17),
(135, 101, 4, 16),
(154, 101, 5, 15),
(246, 101, 6, 14),
(169, 101, 7, 13),
(379, 101, 8, 12),
(142, 101, 9, 11),
(12, 101, 10, 10),
(342, 101, 13, 9),
(16, 101, 15, 8),
(96, 101, 17, 7),
(18, 101, 19, 6),
(76, 101, 21, 5),
(27, 101, 23, 4),
(32, 101, 25, 3),
(204, 101, 27, 2),
(34, 101, 30, 1),
(25, 102, 1, 20),
(857, 102, 2, 19),
(10, 102, 3, 18),
(12, 102, 4, 16),
(18, 102, 5, 15),
(96, 102, 6, 14),
(169, 102, 7, 13),
(21, 102, 8, 12),
(19, 102, 9, 11),
(82, 102, 10, 10),
(7, 102, 13, 9),
(17, 102, 15, 8),
(24, 102, 17, 7),
(342, 102, 19, 6),
(840, 102, 21, 5),
(1, 102, 23, 4),
(83, 102, 25, 3),
(504, 102, 27, 2),
(76, 102, 30, 1),
(855, 103, 1, 21),
(860, 103, 2, 20),
(79, 103, 3, 19),
(283, 103, 4, 18),
(32, 103, 5, 17),
(13, 103, 6, 16),
(27, 103, 7, 15),
(856, 103, 8, 14),
(504, 103, 9, 13),
(12, 103, 10, 12),
(34, 103, 13, 9),
(172, 103, 15, 8),
(10, 103, 17, 7),
(25, 103, 19, 6),
(840, 103, 21, 5),
(76, 103, 23, 4),
(404, 103, 25, 3),
(17, 103, 27, 2),
(169, 103, 30, 1),
(11, 104, 30, 1),
(21, 104, 27, 2),
(860, 104, 25, 3),
(856, 104, 23, 4),
(154, 104, 21, 5),
(602, 104, 19, 6),
(10, 104, 17, 7),
(28, 104, 15, 8),
(840, 104, 13, 9),
(821, 104, 10, 11),
(169, 104, 9, 12),
(866, 104, 8, 13),
(172, 104, 7, 14),
(504, 104, 6, 15),
(34, 104, 5, 16),
(2, 104, 4, 17),
(379, 104, 3, 18),
(3, 104, 2, 19),
(46, 104, 1, 20),
(408, 105, 0, 1),
(79, 105, 0, 2),
(169, 105, 0, 3),
(193, 105, 0, 4),
(59, 105, 0, 5),
(858, 105, 0, 6),
(860, 106, 30, 1),
(169, 106, 27, 2),
(10, 106, 25, 3),
(602, 106, 23, 4),
(857, 106, 21, 5),
(856, 106, 19, 6),
(167, 106, 17, 7),
(53, 106, 15, 8),
(90, 106, 13, 9),
(855, 106, 10, 10),
(76, 106, 9, 11),
(7, 106, 8, 12),
(21, 106, 7, 13),
(27, 106, 6, 14),
(840, 106, 5, 15),
(104, 106, 4, 16),
(69, 106, 3, 17),
(34, 106, 2, 18),
(204, 106, 1, 19),
(504, 107, 30, 1),
(34, 107, 27, 2),
(836, 107, 25, 3),
(24, 107, 23, 4),
(79, 107, 21, 5),
(261, 107, 19, 6),
(10, 107, 17, 7),
(172, 107, 15, 10),
(154, 107, 13, 12),
(2, 107, 10, 13),
(857, 107, 9, 14),
(840, 107, 8, 15),
(76, 107, 7, 16),
(82, 107, 6, 17),
(18, 107, 5, 18),
(32, 107, 4, 19),
(37, 107, 3, 20),
(163, 107, 2, 21),
(97, 107, 1, 22),
(32, 108, 30, 1),
(179, 108, 27, 2),
(866, 108, 25, 3),
(79, 108, 23, 4),
(169, 108, 21, 5),
(18, 108, 19, 6),
(21, 108, 17, 7),
(154, 108, 15, 8),
(872, 108, 13, 9),
(25, 108, 10, 10),
(204, 108, 9, 11),
(212, 108, 8, 13),
(504, 108, 7, 14),
(857, 108, 6, 15),
(20, 108, 5, 16),
(873, 108, 4, 17),
(76, 108, 3, 18),
(10, 108, 2, 19),
(172, 108, 1, 20),
(1, 109, 30, 1),
(76, 109, 27, 2),
(154, 109, 25, 3),
(10, 109, 23, 4),
(32, 109, 21, 5),
(169, 109, 19, 6),
(877, 109, 17, 7),
(18, 109, 15, 8),
(504, 109, 13, 9),
(861, 109, 10, 10),
(37, 109, 9, 12),
(204, 109, 8, 13),
(83, 109, 7, 14),
(840, 109, 6, 15),
(212, 109, 5, 16),
(NULL, 109, 4, 17),
(836, 109, 3, 19),
(33, 109, 2, 20),
(27, 109, 1, 21),
(2, 110, 30, 1),
(861, 110, 27, 2),
(840, 110, 25, 3),
(83, 110, 23, 4),
(20, 110, 21, 5),
(98, 110, 19, 6),
(258, 110, 17, 7),
(865, 110, 15, 8),
(12, 110, 13, 9),
(856, 110, 10, 10),
(857, 110, 9, 11),
(6, 110, 8, 13),
(836, 110, 7, 14),
(69, 110, 6, 16),
(871, 110, 5, 17),
(32, 110, 4, 18),
(17, 110, 3, 19),
(154, 110, 2, 20),
(24, 110, 1, 21),
(154, 111, 30, 1),
(116, 111, 27, 2),
(157, 111, 25, 3),
(883, 111, 23, 4),
(204, 111, 21, 5),
(53, 111, 19, 6),
(175, 111, 17, 7),
(97, 111, 15, 8),
(21, 111, 13, 9),
(880, 111, 10, 10),
(34, 111, 9, 11),
(857, 111, 8, 12),
(27, 111, 7, 13),
(877, 111, 6, 14),
(256, 111, 5, 15),
(2, 111, 4, 16),
(10, 111, 3, 17),
(82, 111, 2, 18),
(7, 111, 1, 19),
(116, 112, 30, 1),
(34, 112, 27, 2),
(248, 112, 25, 3),
(24, 112, 23, 4),
(76, 112, 21, 5),
(61, 112, 19, 6),
(876, 112, 17, 7),
(6, 112, 15, 8),
(10, 112, 13, 9),
(883, 112, 10, 10),
(230, 112, 9, 11),
(47, 112, 8, 12),
(172, 112, 7, 13),
(9, 112, 6, 14),
(262, 112, 5, 15),
(175, 112, 4, 16),
(98, 112, 3, 17),
(212, 112, 2, 18),
(309, 112, 1, 19);

-- --------------------------------------------------------

--
-- Table structure for table `tournaments`
--

CREATE TABLE IF NOT EXISTS `tournaments` (
  `tournament_id` mediumint(8) unsigned NOT NULL AUTO_INCREMENT,
  `tournament_date` date NOT NULL,
  `tournament_type` enum('regular','special') NOT NULL DEFAULT 'regular',
  `participants` smallint(5) unsigned DEFAULT NULL,
  `duration_hours` smallint(5) unsigned DEFAULT NULL,
  `duration_minutes` smallint(6) DEFAULT NULL,
  PRIMARY KEY (`tournament_id`)
) ENGINE=InnoDB  DEFAULT CHARSET=latin1 AUTO_INCREMENT=113 ;

--
-- Dumping data for table `tournaments`
--

INSERT INTO `tournaments` (`tournament_id`, `tournament_date`, `tournament_type`, `participants`, `duration_hours`, `duration_minutes`) VALUES
(1, '2012-08-23', 'regular', 53, NULL, NULL),
(2, '2012-08-28', 'regular', 62, NULL, NULL),
(3, '2012-08-30', 'regular', 49, NULL, NULL),
(4, '2012-09-04', 'special', 53, NULL, NULL),
(5, '2012-09-06', 'regular', 66, NULL, NULL),
(6, '2012-09-11', 'regular', 61, NULL, NULL),
(7, '2012-09-13', 'regular', 68, NULL, NULL),
(8, '2012-09-18', 'regular', 68, NULL, NULL),
(9, '2012-09-20', 'regular', 71, NULL, NULL),
(10, '2012-09-25', 'regular', 77, NULL, NULL),
(11, '2012-09-27', 'regular', 78, NULL, NULL),
(12, '2012-10-02', 'regular', 75, NULL, NULL),
(13, '2012-10-04', 'regular', 71, NULL, NULL),
(14, '2012-10-09', 'regular', 75, NULL, NULL),
(15, '2012-10-11', 'regular', 71, NULL, NULL),
(16, '2012-10-16', 'regular', 63, NULL, NULL),
(17, '2012-10-18', 'regular', 75, NULL, NULL),
(18, '2012-10-23', 'regular', 79, NULL, NULL),
(19, '2012-10-25', 'regular', 73, NULL, NULL),
(20, '2012-10-30', 'regular', 59, NULL, NULL),
(21, '2012-11-01', 'regular', 61, NULL, NULL),
(23, '2012-11-08', 'special', 28, NULL, NULL),
(24, '2012-11-13', 'regular', 69, NULL, NULL),
(25, '2012-11-15', 'regular', 69, NULL, NULL),
(26, '2012-11-20', 'regular', 81, NULL, NULL),
(27, '2012-11-22', 'regular', 74, NULL, NULL),
(32, '2012-12-11', 'regular', 51, NULL, NULL),
(33, '2012-12-13', 'regular', 60, NULL, NULL),
(34, '2012-12-18', 'regular', 60, NULL, NULL),
(35, '2012-12-20', 'regular', 53, NULL, NULL),
(37, '2012-12-27', 'regular', 44, NULL, NULL),
(38, '2013-01-01', 'regular', 41, NULL, NULL),
(39, '2013-01-03', 'regular', 58, NULL, NULL),
(40, '2013-01-08', 'regular', 66, NULL, NULL),
(41, '2013-01-10', 'regular', 68, NULL, NULL),
(42, '2013-01-15', 'regular', 76, NULL, NULL),
(43, '2013-01-17', 'regular', 72, NULL, NULL),
(44, '2013-01-22', 'regular', 70, NULL, NULL),
(45, '2013-01-24', 'regular', 68, NULL, NULL),
(46, '2013-01-29', 'regular', 81, NULL, NULL),
(47, '2013-01-31', 'regular', 76, NULL, NULL),
(48, '2013-02-05', 'regular', 85, NULL, NULL),
(49, '2013-02-07', 'regular', 89, NULL, NULL),
(50, '2013-02-12', 'regular', 75, NULL, NULL),
(51, '2013-02-14', 'regular', 64, NULL, NULL),
(52, '2013-02-19', 'regular', 79, NULL, NULL),
(53, '2013-02-21', 'regular', 76, NULL, NULL),
(54, '2013-02-26', 'regular', 65, NULL, NULL),
(55, '2013-02-28', 'regular', 70, NULL, NULL),
(56, '2013-03-05', 'regular', 73, NULL, NULL),
(57, '2013-03-07', 'regular', 53, NULL, NULL),
(58, '2013-03-12', 'regular', 66, NULL, NULL),
(59, '2013-03-14', 'regular', 60, NULL, NULL),
(60, '2013-03-19', 'regular', 77, NULL, NULL),
(61, '2013-03-21', 'regular', 67, NULL, NULL),
(62, '2013-03-26', 'regular', 71, NULL, NULL),
(63, '2013-03-28', 'regular', 76, NULL, NULL),
(64, '2013-04-02', 'regular', 58, NULL, NULL),
(65, '2013-04-04', 'regular', 67, NULL, NULL),
(66, '2013-04-09', 'regular', 68, NULL, NULL),
(67, '2013-04-11', 'regular', 57, NULL, NULL),
(68, '2013-04-16', 'regular', 71, NULL, NULL),
(69, '2013-04-18', 'regular', 64, NULL, NULL),
(70, '2013-04-23', 'regular', 55, NULL, NULL),
(71, '2013-04-25', 'regular', 57, NULL, NULL),
(72, '2013-04-30', 'regular', 45, NULL, NULL),
(73, '2013-05-02', 'regular', 45, NULL, NULL),
(74, '2013-05-07', 'regular', 55, NULL, NULL),
(75, '2013-05-09', 'regular', 57, NULL, NULL),
(76, '2013-05-14', 'regular', 58, NULL, NULL),
(77, '2013-05-16', 'regular', 62, NULL, NULL),
(78, '2013-05-21', 'regular', 40, NULL, NULL),
(79, '2013-05-23', 'regular', 52, NULL, NULL),
(80, '2013-05-28', 'regular', 52, NULL, NULL),
(81, '2013-05-30', 'regular', 63, NULL, NULL),
(82, '2013-06-04', 'regular', 57, NULL, NULL),
(83, '2013-06-06', 'regular', 55, NULL, NULL),
(84, '2013-06-11', 'regular', 49, NULL, NULL),
(85, '2013-06-13', 'regular', 54, NULL, NULL),
(86, '2013-06-18', 'regular', 40, NULL, NULL),
(87, '2013-06-20', 'regular', 44, NULL, NULL),
(88, '2013-06-25', 'regular', 51, NULL, NULL),
(89, '2013-06-27', 'regular', 47, NULL, NULL),
(90, '2013-07-02', 'regular', 50, 4, 2),
(91, '2013-07-04', 'regular', 45, 3, 42),
(92, '2013-07-09', 'regular', 43, 3, 49),
(93, '2013-07-11', 'regular', 46, 3, 47),
(94, '2013-07-16', 'regular', 49, 3, 15),
(95, '2013-07-18', 'regular', 54, 3, 24),
(96, '2013-07-23', 'regular', 38, 3, 18),
(97, '2013-07-25', 'regular', 48, 3, 25),
(98, '2013-08-13', 'regular', 35, 3, 21),
(99, '2013-08-15', 'regular', 28, 2, 24),
(100, '2013-08-20', 'regular', 44, 2, 54),
(101, '2013-08-22', 'regular', 44, 2, 55),
(102, '2013-08-27', 'regular', 45, 3, 50),
(103, '2013-08-29', 'regular', 41, 3, 33),
(104, '2013-09-03', 'regular', 56, 3, 31),
(105, '2013-09-04', 'special', 24, 2, 45),
(106, '2013-09-05', 'regular', 44, 3, 37),
(107, '2013-09-10', 'regular', 52, 3, 35),
(108, '2013-09-12', 'regular', 54, 3, 41),
(109, '2013-09-17', 'regular', 59, 3, 40),
(110, '2013-09-19', 'regular', 68, 3, 45),
(111, '2013-09-24', 'regular', 72, 3, 14),
(112, '2013-09-26', 'regular', 74, 2, 54);

--
-- Constraints for dumped tables
--

--
-- Constraints for table `bonus_points`
--
ALTER TABLE `bonus_points`
  ADD CONSTRAINT `bonus_points_ibfk_1` FOREIGN KEY (`player_id`) REFERENCES `players` (`player_id`),
  ADD CONSTRAINT `bonus_points_ibfk_2` FOREIGN KEY (`tournament_id`) REFERENCES `tournaments` (`tournament_id`);

--
-- Constraints for table `players_of_the_month`
--
ALTER TABLE `players_of_the_month`
  ADD CONSTRAINT `players_of_the_month_ibfk_1` FOREIGN KEY (`player_id`) REFERENCES `players` (`player_id`);

--
-- Constraints for table `prizes`
--
ALTER TABLE `prizes`
  ADD CONSTRAINT `prizes_ibfk_1` FOREIGN KEY (`player_id`) REFERENCES `players` (`player_id`);

--
-- Constraints for table `results`
--
ALTER TABLE `results`
  ADD CONSTRAINT `results_ibfk_1` FOREIGN KEY (`player_id`) REFERENCES `players` (`player_id`),
  ADD CONSTRAINT `results_ibfk_2` FOREIGN KEY (`tournament_id`) REFERENCES `tournaments` (`tournament_id`);

/*!40101 SET CHARACTER_SET_CLIENT=@OLD_CHARACTER_SET_CLIENT */;
/*!40101 SET CHARACTER_SET_RESULTS=@OLD_CHARACTER_SET_RESULTS */;
/*!40101 SET COLLATION_CONNECTION=@OLD_COLLATION_CONNECTION */;
         