--
-- Dumping data for table `bonus_points`
--

INSERT INTO `bonus_points` (`bonus_id`, `player_id`, `bonus_value`, `tournament_id`, `bonus_description`, `bonus_date`) VALUES
(1, 19, 5, 47, '2 Final Tables in January 2013', '2013-01-31'),
(2, 154, 5, 47, '2 Final Tables in January 2013', '2013-01-31'),
(3, 36, 5, 47, '2 Final Tables in January 2013', '2013-01-31'),
(4, 193, 5, 47, '2 Final Tables in January 2013', '2013-01-31'),
(5, 70, 5, 47, '2 Final Tables in January 2013', '2013-01-31'),
(6, 27, 5, 47, '2 Final Tables in January 2013', '2013-01-31'),
(7, 122, 5, 47, '2 Final Tables in January 2013', '2013-01-31'),
(8, 15, 5, 47, '2 Final Tables in January 2013', '2013-01-31'),
(9, 13, 5, 47, '2 Final Tables in January 2013', '2013-01-31'),
(10, 2, 5, 47, '2 Final Tables in January 2013', '2013-01-31'),
(11, 111, 10, 47, '3 Final Tables in January 2013', '2013-01-31'),
(12, 6, 10, 47, '3 Final Tables in January 2013', '2013-01-31'),
(13, 39, 10, 47, '3 Final Tables in January 2013', '2013-01-31'),
(14, 83, 10, 47, '3 Final Tables in January 2013', '2013-01-31'),
(15, 12, 10, 47, '3 Final Tables in January 2013', '2013-01-31'),
(16, 159, 20, 47, '4 Final Tables in January 2013', '2013-01-31'),
(17, 9, 20, 47, '4 Final Tables in January 2013', '2013-01-31'),
(18, 45, 20, 47, '4 Final Tables in January 2013', '2013-01-31'),
(19, 3, 20, 47, '4 Final Tables in January 2013', '2013-01-31'),
(20, 3, 5, 55, '2 Final Tables in February 2013', '2013-02-28'),
(21, 34, 5, 55, '2 Final Tables in February 2013', '2013-02-28'),
(22, 120, 5, 55, '2 Final Tables in February 2013', '2013-02-28'),
(23, 15, 5, 55, '2 Final Tables in February 2013', '2013-02-28'),
(24, 17, 5, 55, '2 Final Tables in February 2013', '2013-02-28'),
(25, 116, 5, 55, '2 Final Tables in February 2013', '2013-02-28'),
(26, 12, 5, 55, '2 Final Tables in February 2013', '2013-02-28'),
(27, 159, 5, 55, '2 Final Tables in February 2013', '2013-02-28'),
(28, 20, 5, 55, '2 Final Tables in February 2013', '2013-02-28'),
(29, 154, 5, 55, '2 Final Tables in February 2013', '2013-02-28'),
(30, 101, 5, 55, '2 Final Tables in February 2013', '2013-02-28'),
(31, 2, 5, 55, '2 Final Tables in February 2013', '2013-02-28'),
(32, 212, 5, 55, '2 Final Tables in February 2013', '2013-02-28'),
(33, 13, 5, 55, '2 Final Tables in February 2013', '2013-02-28'),
(34, 22, 10, 55, '3 Final Tables in February 2013', '2013-02-28'),
(35, 111, 10, 55, '3 Final Tables in February 2013', '2013-02-28'),
(36, 11, 10, 55, '3 Final Tables in February 2013', '2013-02-28'),
(37, 506, 5, 63, '2 Final Tables in March 2013', '2013-03-28'),
(38, 31, 5, 63, '2 Final Tables in March 2013', '2013-03-28'),
(39, 23, 5, 63, '2 Final Tables in March 2013', '2013-03-28'),
(40, 8, 5, 63, '2 Final Tables in March 2013', '2013-03-28'),
(41, 154, 5, 63, '2 Final Tables in March 2013', '2013-03-28'),
(42, 69, 5, 63, '2 Final Tables in March 2013', '2013-03-28'),
(43, 42, 5, 63, '2 Final Tables in March 2013', '2013-03-28'),
(44, 193, 5, 63, '2 Final Tables in March 2013', '2013-03-28'),
(45, 20, 5, 63, '2 Final Tables in March 2013', '2013-03-28'),
(46, 22, 5, 63, '2 Final Tables in March 2013', '2013-03-28'),
(47, 23, 5, 63, '2 Final Tables in March 2013', '2013-03-28'),
(48, 55, 5, 63, '2 Final Tables in March 2013', '2013-03-28'),
(49, 45, 5, 63, '2 Final Tables in March 2013', '2013-03-28'),
(50, 2, 10, 63, '3 Final Tables in March 2013', '2013-03-28'),
(51, 111, 10, 63, '3 Final Tables in March 2013', '2013-03-28'),
(52, 12, 10, 63, '3 Final Tables in March 2013', '2013-03-28'),
(53, 11, 10, 63, '3 Final Tables in March 2013', '2013-03-28'),
(54, 37, 5, 72, '2 Final Tables in April 2013', '2013-04-30'),
(55, 52, 5, 72, '2 Final Tables in April 2013', '2013-04-30'),
(56, 83, 5, 72, '2 Final Tables in April 2013', '2013-04-30'),
(57, 90, 5, 72, '2 Final Tables in April 2013', '2013-04-30'),
(58, 12, 5, 72, '2 Final Tables in April 2013', '2013-04-30'),
(59, 2, 5, 72, '2 Final Tables in April 2013', '2013-04-30'),
(60, 193, 5, 72, '2 Final Tables in April 2013', '2013-04-30'),
(61, 30, 5, 72, '2 Final Tables in April 2013', '2013-04-30'),
(62, 16, 5, 72, '2 Final Tables in April 2013', '2013-04-30'),
(63, 10, 5, 72, '2 Final Tables in April 2013', '2013-04-30'),
(64, 19, 5, 72, '2 Final Tables in April 2013', '2013-04-30'),
(65, 212, 5, 72, '2 Final Tables in April 2013', '2013-04-30'),
(66, 77, 5, 72, '2 Final Tables in April 2013', '2013-04-30'),
(67, 13, 5, 72, '2 Final Tables in April 2013', '2013-04-30'),
(68, 79, 5, 72, '2 Final Tables in April 2013', '2013-04-30'),
(69, 11, 5, 72, '2 Final Tables in April 2013', '2013-04-30'),
(70, 69, 10, 72, '3 Final Tables in April 2013', '2013-04-30'),
(71, 506, 10, 72, '3 Final Tables in April 2013', '2013-04-30'),
(72, 3, 20, 72, '4 Final Tables in April 2013', '2013-04-30'),
(73, 121, 20, 72, '4 Final Tables in April 2013', '2013-04-30'),
(74, 159, 20, 72, '4 Final Tables in April 2013', '2013-04-30'),
(75, 17, 5, 81, '2 Final Tables in May 2013', '2013-05-30'),
(76, 10, 5, 81, '2 Final Tables in May 2013', '2013-05-30'),
(77, 30, 5, 81, '2 Final Tables in May 2013', '2013-05-30'),
(78, 506, 5, 81, '2 Final Tables in May 2013', '2013-05-30'),
(79, 83, 5, 81, '2 Final Tables in May 2013', '2013-05-30'),
(80, 121, 5, 81, '2 Final Tables in May 2013', '2013-05-30'),
(81, 23, 5, 81, '2 Final Tables in May 2013', '2013-05-30'),
(82, 18, 5, 81, '2 Final Tables in May 2013', '2013-05-30'),
(83, 20, 5, 81, '2 Final Tables in May 2013', '2013-05-30'),
(84, 7, 5, 81, '2 Final Tables in May 2013', '2013-05-30'),
(85, 3, 5, 81, '2 Final Tables in May 2013', '2013-05-30'),
(86, 154, 5, 81, '2 Final Tables in May 2013', '2013-05-30'),
(87, 33, 10, 81, '3 Final Tables in May 2013', '2013-05-30'),
(88, 159, 10, 81, '3 Final Tables in May 2013', '2013-05-30'),
(89, 88, 10, 81, '3 Final Tables in May 2013', '2013-05-30'),
(90, 11, 10, 81, '3 Final Tables in May 2013', '2013-05-30'),
(91, 1, 10, 81, '3 Final Tables in May 2013', '2013-05-30'),
(92, 16, 10, 81, '3 Final Tables in May 2013', '2013-05-30'),
(93, 12, 20, 81, '4 Final Tables in May 2013', '2013-05-30'),
(94, 77, 5, 89, '2 Final Tables in June 2013', '2013-06-27'),
(95, 97, 5, 89, '2 Final Tables in June 2013', '2013-06-27'),
(96, 10, 5, 89, '2 Final Tables in June 2013', '2013-06-27'),
(97, 154, 5, 89, '2 Final Tables in June 2013', '2013-06-27'),
(98, 13, 5, 89, '2 Final Tables in June 2013', '2013-06-27'),
(99, 83, 5, 89, '2 Final Tables in June 2013', '2013-06-27'),
(100, 18, 5, 89, '2 Final Tables in June 2013', '2013-06-27'),
(101, 212, 5, 89, '2 Final Tables in June 2013', '2013-06-27'),
(102, 19, 5, 89, '2 Final Tables in June 2013', '2013-06-27'),
(103, 2, 10, 89, '3 Final Tables in June 2013', '2013-06-27'),
(104, 506, 10, 89, '3 Final Tables in June 2013', '2013-06-27'),
(105, 33, 10, 89, '3 Final Tables in June 2013', '2013-06-27'),
(106, 121, 10, 89, '3 Final Tables in June 2013', '2013-06-27'),
(107, 3, 10, 89, '3 Final Tables in June 2013', '2013-06-27'),
(108, 12, 20, 89, '4 Final Tables in June 2013', '2013-06-27'),
(109, 25, 20, 89, '4 Final Tables in June 2013', '2013-06-27'),
(110, 66, 5, 97, '2 Final Tables in July 2013', '2013-07-25'),
(111, 21, 5, 97, '2 Final Tables in July 2013', '2013-07-25'),
(112, 76, 5, 97, '2 Final Tables in July 2013', '2013-07-25'),
(113, 25, 5, 97, '2 Final Tables in July 2013', '2013-07-25'),
(114, 3, 5, 97, '2 Final Tables in July 2013', '2013-07-25'),
(115, 169, 5, 97, '2 Final Tables in July 2013', '2013-07-25'),
(116, 17, 5, 97, '2 Final Tables in July 2013', '2013-07-25'),
(117, 53, 5, 97, '2 Final Tables in July 2013', '2013-07-25'),
(118, 121, 5, 97, '2 Final Tables in July 2013', '2013-07-25'),
(119, 13, 5, 97, '2 Final Tables in July 2013', '2013-07-25'),
(120, 11, 5, 97, '2 Final Tables in July 2013', '2013-07-25'),
(121, 31, 10, 97, '3 Final Tables in July 2013', '2013-07-25'),
(122, 97, 10, 97, '3 Final Tables in July 2013', '2013-07-25'),
(123, 82, 10, 97, '3 Final Tables in July 2013', '2013-07-25'),
(124, 12, 10, 97, '3 Final Tables in July 2013', '2013-07-25'),
(125, 2, 10, 97, '3 Final Tables in July 2013', '2013-07-25'),
(126, 34, 10, 97, '3 Final Tables in July 2013', '2013-07-25'),
(127, 83, 10, 97, '3 Final Tables in July 2013', '2013-07-25'),
(128, 6, 10, 97, '3 Final Tables in July 2013', '2013-07-25'),
(129, 10, 20, 97, '4 Final Tables in July 2013', '2013-07-25'),
(130, 116, 20, 97, '4 Final Tables in July 2013', '2013-07-25'),
(131, 3, 20, 47, 'Player of the Month in January 2013', '2013-01-31'),
(132, 11, 20, 55, 'Player of the Month in February 2013', '2013-02-28'),
(133, 111, 20, 63, 'Player of the Month in March 2013', '2013-03-28'),
(134, 3, 20, 72, 'Player of the Month in April 2013', '2013-04-30'),
(135, 12, 20, 81, 'Player of the Month in May 2013', '2013-05-30'),
(136, 25, 20, 89, 'Player of the Month in June 2013', '2013-06-27'),
(137, 10, 20, 97, 'Player of the Month in July 2013', '2013-07-25'),
(138, 142, 2, 7, NULL, '2012-09-13'),
(139, 79, 2, 9, NULL, '2012-09-20'),
(140, 17, 2, 14, NULL, '2012-10-09'),
(141, 8, 2, 19, NULL, '2012-10-25'),
(142, 45, 2, 25, NULL, '2012-11-15'),
(143, 105, 2, 35, NULL, '2012-12-20'),
(144, 264, 2, 37, NULL, '2012-12-27'),
(145, 12, 2, 38, 'First Tournanment', '2013-01-01'),
(146, 194, 2, 38, NULL, '2013-01-01'),
(147, 189, 2, 39, NULL, '2013-01-03'),
(148, 17, 2, 40, NULL, '2013-01-08'),
(149, 18, 2, 41, NULL, '2013-01-10'),
(150, 83, 2, 43, NULL, '2013-01-17'),
(151, 3, 2, 43, NULL, '2013-01-17'),
(152, 262, 2, 44, NULL, '2013-01-22'),
(153, 3, 2, 45, NULL, '2013-01-24'),
(154, 146, 2, 48, NULL, '2013-02-05'),
(155, 1, 4, 48, 'Turneu Top January 2013', '2013-02-05'),
(156, 85, 4, 48, 'Royal Flush', '2013-02-05'),
(157, 36, 6, 48, 'Turneu Top January 2013', '2013-02-05'),
(158, 17, 2, 49, NULL, '2013-02-07'),
(159, 51, 2, 49, NULL, '2013-02-07'),
(160, 193, 2, 49, NULL, '2013-02-07'),
(161, 45, 4, 49, NULL, '2013-02-07'),
(162, 459, 2, 38, NULL, '2013-01-01'),
(163, 393, 2, 44, NULL, '2013-01-22'),
(164, 527, 2, 44, NULL, '2013-01-22'),
(165, 523, 2, 48, NULL, '2013-02-05'),
(166, 532, 2, 49, NULL, '2013-02-07'),
(167, 511, 2, 50, NULL, '2013-02-12'),
(168, 34, 6, 56, 'Turneu Top February 2013', '2013-03-05'),
(169, 11, 4, 56, 'Turneu Top February 2013', '2013-03-05'),
(170, 422, 2, 56, NULL, '2013-03-05'),
(171, 443, 2, 56, NULL, '2013-03-05'),
(172, 507, 2, 56, NULL, '2013-03-05'),
(173, 508, 2, 56, NULL, '2013-03-05'),
(174, 33, 2, 58, 'Straight Flush', '2013-03-12'),
(175, 298, 2, 59, NULL, '2013-03-14'),
(176, 254, 2, 60, NULL, '2013-03-19'),
(177, 358, 2, 60, NULL, '2013-03-19'),
(178, 31, 2, 61, 'Straight Flush', '2013-03-21'),
(179, 208, 4, 61, 'Royal Flush', '2013-03-21'),
(180, 552, 2, 61, NULL, '2013-03-21'),
(181, 358, 2, 61, NULL, '2013-03-21'),
(182, 267, 2, 62, NULL, '2013-03-26'),
(183, 553, 2, 62, NULL, '2013-03-26'),
(184, 554, 2, 62, NULL, '2013-03-26'),
(185, 11, 4, 64, 'Turneu Top March 2013', '2013-04-02'),
(186, 69, 6, 64, 'Turneu Top March 2013', '2013-04-02'),
(187, 97, 2, 65, NULL, '2013-04-04'),
(188, 226, 2, 65, NULL, '2013-04-04'),
(189, 378, 2, 68, NULL, '2013-04-16'),
(190, 557, 2, 68, NULL, '2013-04-16'),
(191, 558, 2, 70, NULL, '2013-04-23'),
(192, 3, 4, 71, NULL, '2013-04-25'),
(193, 173, 2, 71, NULL, '2013-04-25'),
(194, 559, 2, 75, NULL, '2013-05-09'),
(195, 560, 2, 75, NULL, '2013-05-09'),
(196, 561, 2, 76, NULL, '2013-05-14'),
(197, 366, 2, 77, NULL, '2013-05-16'),
(198, 1, 2, 78, NULL, '2013-05-21'),
(199, 186, 2, 80, NULL, '2013-05-28'),
(200, 13, 4, 85, NULL, '2013-06-13'),
(201, 83, 6, 85, 'Turneu Top May 2013', '2013-06-13'),
(202, 112, 4, 85, 'Turneu Top May 2013', '2013-06-13'),
(203, 1, 6, 93, 'Turneu Top June 2013', '2013-07-11'),
(204, 25, 4, 93, 'Turneu Top June 2013', '2013-07-11'),
(205, 83, 2, 94, 'Straight Flush', '2013-07-16'),
(206, 27, 2, 96, 'Straight Flush', '2013-07-23'),
(207, 379, 2, 101, 'Straight Flush', '2013-08-22'),
(208, 34, 2, 101, 'Straight Flush', '2013-08-22'),
(209, 76, 20, 103, 'Player of the Month in August 2013', '2013-08-29'),
(210, 154, 10, 103, '3 Final Tables in August 2013', '2013-08-29'),
(211, 76, 10, 103, '3 Final Tables in August 2013', '2013-08-29'),
(212, 17, 10, 103, '3 Final Tables in August 2013', '2013-08-29'),
(213, 504, 10, 103, '3 Final Tables in August 2013', '2013-08-29'),
(214, 32, 5, 103, '2 Final Tables in August 2013', '2013-08-29'),
(215, 18, 5, 103, '2 Final Tables in August 2013', '2013-08-29'),
(216, 283, 5, 103, '2 Final Tables in August 2013', '2013-08-29'),
(217, 172, 5, 103, '2 Final Tables in August 2013', '2013-08-29'),
(218, 2, 5, 103, '2 Final Tables in August 2013', '2013-08-29'),
(219, 169, 5, 103, '2 Final Tables in August 2013', '2013-08-29'),
(220, 27, 5, 103, '2 Final Tables in August 2013', '2013-08-29'),
(221, 342, 5, 103, '2 Final Tables in August 2013', '2013-08-29'),
(222, 34, 5, 103, '2 Final Tables in August 2013', '2013-08-29'),
(223, 18, 10, 47, '3 Final Tables in January 2013', '2013-01-31'),
(224, 83, 2, 79, NULL, '2013-02-19'),
(225, 18, 4, 79, NULL, '2013-02-19'),
(226, 18, 5, 55, '2 Final Tables in February 2013', '2013-02-28'),
(227, 24, 5, 103, '2 Final Tables in August 2013', '2013-08-29'),
(228, 59, 4, 105, 'Royal Flush', '2013-09-04'),
(229, 12, 2, 110, 'Straight Flush', '2013-09-19'),
(231, 2, 2, 110, 'Straight Flush', '2013-09-19'),
(232, 97, 2, 110, 'Straight Flush', '2013-09-19'),
(233, 76, 2, 112, 'Straight Flush', '2013-09-26'),
(234, 76, 5, 112, '2 Final Tables in September 2013', '2013-09-26'),
(235, 53, 5, 112, '2 Final Tables in September 2013', '2013-09-26'),
(236, 32, 5, 112, '2 Final Tables in September 2013', '2013-09-26'),
(237, 116, 5, 112, '2 Final Tables in September 2013', '2013-09-26'),
(238, 24, 5, 112, '2 Final Tables in September 2013', '2013-09-26'),
(239, 34, 5, 112, '2 Final Tables in September 2013', '2013-09-26'),
(240, 18, 5, 112, '2 Final Tables in September 2013', '2013-09-26'),
(241, 504, 5, 112, '2 Final Tables in September 2013', '2013-09-26'),
(242, 21, 10, 112, '3 Final Tables in September 2013', '2013-09-26'),
(243, 79, 10, 112, '3 Final Tables in September 2013', '2013-09-26'),
(244, 169, 20, 112, '4 Final Tables in September 2013', '2013-09-26'),
(245, 154, 20, 112, '4 Final Tables in September 2013', '2013-09-26'),
(246, 10, 30, 112, '5 Final Tables in September 2013', '2013-09-26'),
(247, 154, 20, 112, 'Player of the Month in September 2013', '2013-09-26'),
(248, 603, 10, 47, '3 Final Tables in January 2013', '2013-01-31'),
(249, 603, 2, 38, NULL, '2013-01-01'),
(250, 602, 5, 89, '2 Final Tables in June 2013', '2013-06-27'),
(251, 840, 2, 102, 'Straight Flush', '2013-08-27'),
(252, 840, 10, 103, '3 Final Tables in August 2013', '2013-08-29'),
(253, 840, 2, 95, 'First Tournament', '2013-07-18'),
(254, 840, 2, 107, 'Straight Flush', '2013-09-10'),
(255, 602, 5, 112, '2 Final Tables in September 2013', '2013-09-26'),
(256, 856, 5, 112, '2 Final Tables in September 2013', '2013-09-26'),
(257, 860, 5, 112, '2 Final Tables in September 2013', '2013-09-26'),
(258, 840, 5, 112, '2 Final Tables in September 2013', '2013-09-26'),
(259, 12, 2, 115, 'Straight Flush', '2013-10-08'),
(260, 535, 2, 116, 'Straight Flush', '2013-10-10'),
(261, 840, 5, 122, '2 Final Tables in October 2013', '2013-10-31'),
(262, 13, 5, 122, '2 Final Tables in October 2013', '2013-10-31'),
(263, 71, 5, 122, '2 Final Tables in October 2013', '2013-10-31'),
(264, 10, 5, 122, '2 Final Tables in October 2013', '2013-10-31'),
(265, 1, 5, 122, '2 Final Tables in October 2013', '2013-10-31'),
(266, 34, 5, 122, '2 Final Tables in October 2013', '2013-10-31'),
(267, 157, 5, 122, '2 Final Tables in October 2013', '2013-10-31'),
(268, 171, 5, 122, '2 Final Tables in October 2013', '2013-10-31'),
(269, 248, 10, 122, '3 Final Tables in October 2013', '2013-10-31'),
(270, 860, 10, 122, '3 Final Tables in October 2013', '2013-10-31'),
(271, 32, 10, 122, '3 Final Tables in October 2013', '2013-10-31'),
(272, 33, 10, 122, '3 Final Tables in October 2013', '2013-10-31'),
(273, 79, 10, 122, '3 Final Tables in October 2013', '2013-10-31'),
(274, 175, 10, 122, '3 Final Tables in October 2013', '2013-10-31'),
(275, 2, 10, 122, '3 Final Tables in October 2013', '2013-10-31'),
(276, 6, 10, 122, '3 Final Tables in October 2013', '2013-10-31'),
(277, 76, 20, 122, '4 Final Tables in October 2013', '2013-10-31'),
(278, 133, 30, 122, '5 Final Tables in October 2013', '2013-10-31'),
(279, 12, 30, 122, '5 Final Tables in October 2013', '2013-10-31'),
(280, 133, 20, 122, 'Player of the Month in October 2013', '2013-10-31'),
(281, 860, 2, 123, 'Straight Flush', '2013-11-05'),
(282, 258, 2, 127, 'Straight Flush', '2013-11-19'),
(283, 169, 30, 128, 'Un mic cadou pentru efortul depus in FL Poker', '2013-11-21'),
(284, 67, 30, 128, 'Un mic cadou pentru efortul depus in FL Poker', '2013-11-21'),
(285, 59, 30, 128, 'Un mic cadou pentru efortul depus in FL Poker', '2013-11-21'),
(286, 154, 30, 128, 'Un mic cadou pentru efortul depus in FL Poker', '2013-11-21'),
(287, 9, 30, 128, 'Un mic cadou pentru efortul depus in FL Poker', '2013-11-21'),
(288, 116, 5, 130, '2 Final Tables in November 2013', '2013-11-28'),
(289, 8, 5, 130, '2 Final Tables in November 2013', '2013-11-28'),
(290, 53, 5, 130, '2 Final Tables in November 2013', '2013-11-28'),
(291, 7, 5, 130, '2 Final Tables in November 2013', '2013-11-28'),
(292, 872, 5, 130, '2 Final Tables in November 2013', '2013-11-28'),
(293, 9, 5, 130, '2 Final Tables in November 2013', '2013-11-28'),
(294, 172, 5, 130, '2 Final Tables in November 2013', '2013-11-28'),
(295, 25, 5, 130, '2 Final Tables in November 2013', '2013-11-28'),
(296, 876, 5, 130, '2 Final Tables in November 2013', '2013-11-28'),
(297, 34, 5, 130, '2 Final Tables in November 2013', '2013-11-28'),
(298, 887, 5, 130, '2 Final Tables in November 2013', '2013-11-28'),
(299, 15, 5, 130, '2 Final Tables in November 2013', '2013-11-28'),
(300, 23, 5, 130, '2 Final Tables in November 2013', '2013-11-28'),
(301, 1, 5, 130, '2 Final Tables in November 2013', '2013-11-28'),
(302, 37, 5, 130, '2 Final Tables in November 2013', '2013-11-28'),
(303, 271, 10, 130, '3 Final Tables in November 2013', '2013-11-28'),
(304, 169, 10, 130, '3 Final Tables in November 2013', '2013-11-28'),
(305, 511, 10, 130, '3 Final Tables in November 2013', '2013-11-28'),
(306, 76, 10, 130, '3 Final Tables in November 2013', '2013-11-28'),
(307, 27, 30, 130, '5 Final Tables in November 2013', '2013-11-28'),
(308, 27, 20, 130, 'Player of the Month in November 2013', '2013-11-28'),
(309, 7, 2, 131, 'Straight Flush', '2013-12-03'),
(310, 142, 30, 128, 'Un mic bonus si mie, ca merit', '2013-11-21'),
(311, 76, 2, 136, 'Straight Flush', '2013-12-19'),
(312, 83, 2, 136, 'Straight Flush', '2013-12-19'),
(313, 11, 2, 136, 'Straight Flush', '2013-12-19'),
(314, 76, 5, 139, '2 Final Tables in December 2013', '2013-12-30'),
(315, 79, 5, 139, '2 Final Tables in December 2013', '2013-12-30'),
(316, 142, 5, 139, '2 Final Tables in December 2013', '2013-12-30'),
(317, 51, 5, 139, '2 Final Tables in December 2013', '2013-12-30'),
(318, 34, 5, 139, '2 Final Tables in December 2013', '2013-12-30'),
(319, 169, 5, 139, '2 Final Tables in December 2013', '2013-12-30'),
(320, 10, 5, 139, '2 Final Tables in December 2013', '2013-12-30'),
(321, 83, 5, 139, '2 Final Tables in December 2013', '2013-12-30'),
(322, 229, 10, 139, '3 Final Tables in December 2013', '2013-12-30'),
(323, 679, 10, 139, '3 Final Tables in December 2013', '2013-12-30'),
(324, 7, 10, 139, '3 Final Tables in December 2013', '2013-12-30'),
(325, 204, 10, 139, '3 Final Tables in December 2013', '2013-12-30'),
(326, 154, 20, 139, '4 Final Tables in December 2013', '2013-12-30'),
(327, 12, 20, 139, '4 Final Tables in December 2013', '2013-12-30'),
(328, 890, 30, 139, '5 Final Tables in December 2013', '2013-12-30'),
(329, 890, 20, 139, 'Player of the Month in December 2013', '2013-12-30'),
(330, 59, 2, 140, 'Straight Flush', '2014-01-02'),
(331, 876, 5, 148, '2 Final Tables in January 2014', '2014-01-30'),
(332, 175, 5, 148, '2 Final Tables in January 2014', '2014-01-30'),
(333, 3, 5, 148, '2 Final Tables in January 2014', '2014-01-30'),
(334, 890, 5, 148, '2 Final Tables in January 2014', '2014-01-30'),
(335, 896, 5, 148, '2 Final Tables in January 2014', '2014-01-30'),
(336, 47, 5, 148, '2 Final Tables in January 2014', '2014-01-30'),
(337, 887, 5, 148, '2 Final Tables in January 2014', '2014-01-30'),
(338, 12, 5, 148, '2 Final Tables in January 2014', '2014-01-30'),
(339, 53, 5, 148, '2 Final Tables in January 2014', '2014-01-30'),
(340, 895, 5, 148, '2 Final Tables in January 2014', '2014-01-30'),
(341, 10, 5, 148, '2 Final Tables in January 2014', '2014-01-30'),
(342, 73, 5, 148, '2 Final Tables in January 2014', '2014-01-30'),
(343, 1, 5, 148, '2 Final Tables in January 2014', '2014-01-30'),
(344, 204, 5, 148, '2 Final Tables in January 2014', '2014-01-30'),
(345, 76, 10, 148, '3 Final Tables in January 2014', '2014-01-30'),
(346, 116, 10, 148, '3 Final Tables in January 2014', '2014-01-30'),
(347, 154, 20, 148, '4 Final Tables in January 2014', '2014-01-30'),
(348, 840, 30, 148, '6 Final Tables in January 2014', '2014-01-30'),
(349, 679, 30, 148, '6 Final Tables in January 2014', '2014-01-30'),
(350, 840, 20, 148, 'Player of the Month in January 2014', '2014-01-30'),
(351, 248, 2, 153, 'Straight Flush', '2014-02-18'),
(352, 83, 2, 155, 'Straight Flush', '2014-02-25'),
(353, 77, 20, 156, '4 Final Tables in February 2014', '2014-02-27'),
(354, 42, 10, 156, '3 Final Tables in February 2014', '2014-02-27'),
(355, 133, 10, 156, '3 Final Tables in February 2014', '2014-02-27'),
(356, 873, 10, 156, '3 Final Tables in February 2014', '2014-02-27'),
(357, 154, 10, 156, '3 Final Tables in February 2014', '2014-02-27'),
(358, 2, 10, 156, '3 Final Tables in February 2014', '2014-02-27'),
(359, 10, 5, 156, '2 Final Tables in February 2014', '2014-02-27'),
(360, 32, 5, 156, '2 Final Tables in February 2014', '2014-02-27'),
(361, 25, 5, 156, '2 Final Tables in February 2014', '2014-02-27'),
(362, 175, 5, 156, '2 Final Tables in February 2014', '2014-02-27'),
(363, 926, 5, 156, '2 Final Tables in February 2014', '2014-02-27'),
(364, 271, 5, 156, '2 Final Tables in February 2014', '2014-02-27'),
(365, 861, 5, 156, '2 Final Tables in February 2014', '2014-02-27'),
(366, 47, 5, 156, '2 Final Tables in February 2014', '2014-02-27'),
(367, 12, 5, 156, '2 Final Tables in February 2014', '2014-02-27'),
(368, 511, 5, 156, '2 Final Tables in February 2014', '2014-02-27'),
(369, 872, 5, 156, '2 Final Tables in February 2014', '2014-02-27'),
(370, 83, 5, 156, '2 Final Tables in February 2014', '2014-02-27'),
(371, 876, 5, 156, '2 Final Tables in February 2014', '2014-02-27'),
(372, 51, 5, 156, '2 Final Tables in February 2014', '2014-02-27'),
(373, 42, 20, 156, 'Player of the Month in February 2014', '2014-02-27'),
(374, 2, 20, 156, 'Player of the Month in February 2014', '2014-02-27'),
(375, 16, 2, 163, 'Straight Flush', '2014-03-25'),
(376, 193, 2, 163, 'Straight Flush', '2014-03-25'),
(377, 141, 2, 163, 'Straight Flush', '2014-03-25'),
(378, 899, 5, 164, '2 Final Tables in March 2014', '2014-03-27'),
(379, 271, 5, 164, '2 Final Tables in March 2014', '2014-03-27'),
(380, 511, 5, 164, '2 Final Tables in March 2014', '2014-03-27'),
(381, 8, 5, 164, '2 Final Tables in March 2014', '2014-03-27'),
(382, 890, 5, 164, '2 Final Tables in March 2014', '2014-03-27'),
(383, 876, 5, 164, '2 Final Tables in March 2014', '2014-03-27'),
(384, 17, 5, 164, '2 Final Tables in March 2014', '2014-03-27'),
(385, 168, 5, 164, '2 Final Tables in March 2014', '2014-03-27'),
(386, 2, 10, 164, '3 Final Tables in March 2014', '2014-03-27'),
(387, 10, 10, 164, '3 Final Tables in March 2014', '2014-03-27'),
(388, 506, 10, 164, '3 Final Tables in March 2014', '2014-03-27'),
(389, 172, 10, 164, '3 Final Tables in March 2014', '2014-03-27'),
(390, 555, 10, 164, '3 Final Tables in March 2014', '2014-03-27'),
(391, 11, 10, 164, '3 Final Tables in March 2014', '2014-03-27'),
(392, 116, 20, 164, '4 Final Tables in March 2014', '2014-03-27'),
(393, 1, 20, 164, '4 Final Tables in March 2014', '2014-03-27'),
(394, 175, 30, 164, '5 Final Tables in March 2014', '2014-03-27'),
(395, 116, 20, 164, 'Player of the Month in March 2014', '2014-03-27'),
(396, 283, 2, 165, 'Straight Flush', '2014-04-01'),
(397, 51, 2, 166, 'Straight Flush', '2014-04-03'),
(398, 2, 2, 171, 'Straight Flush', '2014-04-22'),
(399, 43, 5, 173, '2 Final Tables in April 2014', '2014-04-29'),
(400, 880, 5, 173, '2 Final Tables in April 2014', '2014-04-29'),
(401, 511, 5, 173, '2 Final Tables in April 2014', '2014-04-29'),
(402, 2, 5, 173, '2 Final Tables in April 2014', '2014-04-29'),
(403, 283, 5, 173, '2 Final Tables in April 2014', '2014-04-29'),
(404, 41, 5, 173, '2 Final Tables in April 2014', '2014-04-29'),
(405, 116, 5, 173, '2 Final Tables in April 2014', '2014-04-29'),
(406, 891, 5, 173, '2 Final Tables in April 2014', '2014-04-29'),
(407, 34, 5, 173, '2 Final Tables in April 2014', '2014-04-29'),
(408, 17, 10, 173, '3 Final Tables in April 2014', '2014-04-29'),
(409, 16, 10, 173, '3 Final Tables in April 2014', '2014-04-29'),
(410, 890, 10, 173, '3 Final Tables in April 2014', '2014-04-29'),
(411, 42, 20, 173, '4 Final Tables in April 2014', '2014-04-29'),
(412, 27, 20, 173, '4 Final Tables in April 2014', '2014-04-29'),
(413, 876, 20, 173, '4 Final Tables in April 2014', '2014-04-29'),
(414, 97, 20, 173, '4 Final Tables in April 2014', '2014-04-29'),
(415, 12, 20, 173, '4 Final Tables in April 2014', '2014-04-29'),
(416, 10, 20, 173, '4 Final Tables in April 2014', '2014-04-29'),
(417, 899, 30, 173, '5 Final Tables in April 2014', '2014-04-29'),
(418, 97, 20, 173, 'Player of the Month in April 2014', '2014-04-29'),
(419, 943, 2, 175, 'Straight Flush', '2014-05-06'),
(420, 116, 2, 177, 'Straight Flush', '2014-05-13'),
(421, 887, 4, 178, 'Royal Flush', '2014-05-15'),
(422, 17, 30, 182, '7 Final Tables in May 2014', '2014-05-29'),
(423, 876, 30, 182, '7 Final Tables in May 2014', '2014-05-29'),
(424, 83, 30, 182, '5 Final Tables in May 2014', '2014-05-29'),
(425, 2, 30, 182, '5 Final Tables in May 2014', '2014-05-29'),
(426, 11, 10, 182, '3 Final Tables in May 2014', '2014-05-29'),
(427, 895, 10, 182, '3 Final Tables in May 2014', '2014-05-29'),
(428, 506, 10, 182, '3 Final Tables in May 2014', '2014-05-29'),
(429, 953, 10, 182, '3 Final Tables in May 2014', '2014-05-29'),
(430, 169, 10, 182, '3 Final Tables in May 2014', '2014-05-29'),
(431, 43, 5, 182, '2 Final Tables in May 2014', '2014-05-29'),
(432, 53, 5, 182, '2 Final Tables in May 2014', '2014-05-29'),
(433, 82, 5, 182, '2 Final Tables in May 2014', '2014-05-29'),
(434, 256, 5, 182, '2 Final Tables in May 2014', '2014-05-29'),
(435, 930, 5, 182, '2 Final Tables in May 2014', '2014-05-29'),
(436, 42, 5, 182, '2 Final Tables in May 2014', '2014-05-29'),
(437, 890, 5, 182, '2 Final Tables in May 2014', '2014-05-29'),
(438, 12, 5, 182, '2 Final Tables in May 2014', '2014-05-29'),
(439, 887, 5, 182, '2 Final Tables in May 2014', '2014-05-29'),
(440, 555, 5, 182, '2 Final Tables in May 2014', '2014-05-29'),
(441, 204, 5, 182, '2 Final Tables in May 2014', '2014-05-29'),
(442, 17, 20, 182, 'Player of the Month in May 2014', '2014-05-29'),
(443, 876, 4, 185, 'Royal Flush', '2014-06-10'),
(444, 97, 2, 185, 'Straight Flush', '2014-06-10'),
(445, 169, 4, 186, 'Royal Flush', '2014-06-12'),
(446, 169, 5, 189, '2 Final Tables in June 2014', '2014-06-26'),
(447, 930, 5, 189, '2 Final Tables in June 2014', '2014-06-26'),
(448, 17, 5, 189, '2 Final Tables in June 2014', '2014-06-26'),
(449, 34, 5, 189, '2 Final Tables in June 2014', '2014-06-26'),
(450, 855, 5, 189, '2 Final Tables in June 2014', '2014-06-26'),
(451, 142, 5, 189, '2 Final Tables in June 2014', '2014-06-26'),
(452, 13, 5, 189, '2 Final Tables in June 2014', '2014-06-26'),
(453, 83, 5, 189, '2 Final Tables in June 2014', '2014-06-26'),
(454, 887, 10, 189, '3 Final Tables in June 2014', '2014-06-26'),
(455, 97, 20, 189, '4 Final Tables in June 2014', '2014-06-26'),
(456, 876, 10, 189, '3 Final Tables in June 2014', '2014-06-26'),
(457, 12, 30, 189, '5 Final Tables in June 2014', '2014-06-26'),
(458, 2, 30, 189, '5 Final Tables in June 2014', '2014-06-26'),
(459, 204, 20, 189, '4 Final Tables in June 2014', '2014-06-26'),
(460, 10, 30, 189, '5 Final Tables in June 2014', '2014-06-26'),
(461, 2, 20, 189, 'Player of the Month in June 2014', '2014-06-26'),
(462, 958, 5, 189, '2 Final Tables in June 2014', '2014-06-26'),
(463, 59, 5, 189, '2 Final Tables in June 2014', '2014-06-26'),
(464, 1, 5, 189, '2 Final Tables in June 2014', '2014-06-26'),
(465, 887, 2, 193, 'Straight Flush', '2014-07-08'),
(466, 951, 5, 200, '2 Final Tables in July 2014', '2014-07-31'),
(467, 59, 5, 200, '2 Final Tables in July 2014', '2014-07-31'),
(468, 89, 5, 200, '2 Final Tables in July 2014', '2014-07-31'),
(469, 855, 5, 200, '2 Final Tables in July 2014', '2014-07-31'),
(470, 96, 5, 200, '2 Final Tables in July 2014', '2014-07-31'),
(471, 2, 5, 200, '2 Final Tables in July 2014', '2014-07-31'),
(472, 966, 5, 200, '2 Final Tables in July 2014', '2014-07-31'),
(473, 11, 5, 200, '2 Final Tables in July 2014', '2014-07-31'),
(474, 13, 5, 200, '2 Final Tables in July 2014', '2014-07-31'),
(475, 256, 5, 200, '2 Final Tables in July 2014', '2014-07-31'),
(476, 3, 5, 200, '2 Final Tables in July 2014', '2014-07-31'),
(477, 12, 10, 200, '3 Final Tables in July 2014', '2014-07-31'),
(478, 27, 10, 200, '3 Final Tables in July 2014', '2014-07-31'),
(479, 958, 10, 200, '3 Final Tables in July 2014', '2014-07-31'),
(480, 887, 10, 200, '3 Final Tables in July 2014', '2014-07-31'),
(481, 25, 20, 200, '4 Final Tables in July 2014', '2014-07-31'),
(482, 10, 20, 200, '4 Final Tables in July 2014', '2014-07-31'),
(483, 953, 30, 200, '5 Final Tables in July 2014', '2014-07-31'),
(484, 1, 30, 200, '5 Final Tables in July 2014', '2014-07-31'),
(485, 16, 30, 200, '8 Final Tables in July 2014', '2014-07-31'),
(486, 169, 30, 200, '9 Final Tables in July 2014', '2014-07-31'),
(487, 169, 20, 200, 'Player of the Month in July 2014', '2014-07-31'),
(488, 966, 2, 208, 'Straight Flush', '2014-08-28'),
(489, 89, 5, 208, '2 Final Tables in August 2014', '2014-08-28'),
(490, 876, 5, 208, '2 Final Tables in August 2014', '2014-08-28'),
(491, 854, 5, 208, '2 Final Tables in August 2014', '2014-08-28'),
(492, 2, 5, 208, '2 Final Tables in August 2014', '2014-08-28'),
(493, 972, 5, 208, '2 Final Tables in August 2014', '2014-08-28'),
(494, 969, 5, 208, '2 Final Tables in August 2014', '2014-08-28'),
(495, 28, 5, 208, '2 Final Tables in August 2014', '2014-08-28'),
(496, 27, 5, 208, '2 Final Tables in August 2014', '2014-08-28'),
(497, 204, 10, 208, '3 Final Tables in August 2014', '2014-08-28'),
(498, 34, 10, 208, '3 Final Tables in August 2014', '2014-08-28'),
(499, 10, 10, 208, '3 Final Tables in August 2014', '2014-08-28'),
(500, 48, 10, 208, '3 Final Tables in August 2014', '2014-08-28'),
(501, 968, 20, 208, '4 Final Tables in August 2014', '2014-08-28'),
(502, 169, 30, 208, '5 Final Tables in August 2014', '2014-08-28'),
(503, 97, 30, 208, '5 Final Tables in August 2014', '2014-08-28'),
(504, 966, 30, 208, '6 Final Tables in August 2014', '2014-08-28'),
(505, 12, 30, 208, '6 Final Tables in August 2014', '2014-08-28'),
(506, 12, 20, 208, 'Player of the Month in August 2014', '2014-08-28'),
(507, 97, 2, 209, 'Straight Flush', '2014-09-04'),
(508, 976, 2, 212, 'Straight Flush', '2014-09-16'),
(509, 96, 2, 214, 'Straight Flush', '2014-09-23'),
(510, 27, 5, 216, '2 Final Tables in September 2014', '2014-09-30'),
(511, 289, 5, 216, '2 Final Tables in September 2014', '2014-09-30'),
(512, 204, 5, 216, '2 Final Tables in September 2014', '2014-09-30'),
(513, 695, 5, 216, '2 Final Tables in September 2014', '2014-09-30'),
(514, 13, 5, 216, '2 Final Tables in September 2014', '2014-09-30'),
(515, 96, 5, 216, '2 Final Tables in September 2014', '2014-09-30'),
(516, 876, 5, 216, '2 Final Tables in September 2014', '2014-09-30'),
(517, 978, 5, 216, '2 Final Tables in September 2014', '2014-09-30'),
(518, 2, 10, 216, '3 Final Tables in September 2014', '2014-09-30'),
(519, 966, 10, 216, '3 Final Tables in September 2014', '2014-09-30'),
(520, 41, 10, 216, '3 Final Tables in September 2014', '2014-09-30'),
(521, 840, 10, 216, '3 Final Tables in September 2014', '2014-09-30'),
(522, 55, 10, 216, '3 Final Tables in September 2014', '2014-09-30'),
(523, 79, 20, 216, '4 Final Tables in September 2014', '2014-09-30'),
(524, 97, 20, 216, '4 Final Tables in September 2014', '2014-09-30'),
(525, 169, 30, 216, '8 Final Tables in September 2014', '2014-09-30'),
(526, 169, 20, 216, 'Player of the Month in September 2014', '2014-09-30'),
(527, 27, 2, 224, 'Straight Flush', '2014-10-28'),
(528, 97, 5, 225, '2 Final Tables in October 2014', '2014-10-30'),
(529, 12, 5, 225, '2 Final Tables in October 2014', '2014-10-30'),
(530, 79, 5, 225, '2 Final Tables in October 2014', '2014-10-30'),
(531, 10, 5, 225, '2 Final Tables in October 2014', '2014-10-30'),
(532, 25, 5, 225, '2 Final Tables in October 2014', '2014-10-30'),
(533, 116, 5, 225, '2 Final Tables in October 2014', '2014-10-30'),
(534, 986, 5, 225, '2 Final Tables in October 2014', '2014-10-30'),
(535, 142, 10, 225, '3 Final Tables in October 2014', '2014-10-30'),
(536, 957, 10, 225, '3 Final Tables in October 2014', '2014-10-30'),
(537, 204, 10, 225, '3 Final Tables in October 2014', '2014-10-30'),
(538, 205, 10, 225, '3 Final Tables in October 2014', '2014-10-30'),
(539, 175, 10, 225, '3 Final Tables in October 2014', '2014-10-30'),
(540, 2, 20, 225, '4 Final Tables in October 2014', '2014-10-30'),
(541, 1, 30, 225, '5 Final Tables in October 2014', '2014-10-30'),
(542, 11, 30, 225, '5 Final Tables in October 2014', '2014-10-30'),
(543, 976, 30, 225, '5 Final Tables in October 2014', '2014-10-30'),
(544, 16, 30, 225, '5 Final Tables in October 2014', '2014-10-30'),
(545, 27, 30, 225, '7 Final Tables in October 2014', '2014-10-30'),
(546, 27, 20, 225, 'Player of the Month in October 2014', '2014-10-30'),
(547, 899, 5, 233, '2 Final Tables in November 2014', '2014-11-27'),
(548, 986, 5, 233, '2 Final Tables in November 2014', '2014-11-27'),
(549, 873, 5, 233, '2 Final Tables in November 2014', '2014-11-27'),
(550, 10, 10, 233, '3 Final Tables in November 2014', '2014-11-27'),
(551, 204, 10, 233, '3 Final Tables in November 2014', '2014-11-27'),
(552, 97, 10, 233, '3 Final Tables in November 2014', '2014-11-27'),
(553, 27, 10, 233, '3 Final Tables in November 2014', '2014-11-27'),
(554, 16, 10, 233, '3 Final Tables in November 2014', '2014-11-27'),
(555, 175, 10, 233, '3 Final Tables in November 2014', '2014-11-27'),
(556, 11, 10, 233, '3 Final Tables in November 2014', '2014-11-27'),
(557, 1, 20, 233, '4 Final Tables in November 2014', '2014-11-27'),
(558, 2, 20, 233, '4 Final Tables in November 2014', '2014-11-27'),
(559, 142, 20, 233, '4 Final Tables in November 2014', '2014-11-27'),
(560, 976, 20, 233, '4 Final Tables in November 2014', '2014-11-27'),
(561, 12, 20, 233, '4 Final Tables in November 2014', '2014-11-27'),
(562, 966, 30, 233, '5 Final Tables in November 2014', '2014-11-27'),
(563, 971, 30, 233, '5 Final Tables in November 2014', '2014-11-27'),
(564, 12, 20, 233, 'Player of the Month in November 2014', '2014-11-27'),
(565, 27, 10, 242, 'Christmas Gift', '2014-12-26'),
(566, 169, 10, 242, 'Christmas Gift', '2014-12-26'),
(567, 25, 10, 242, 'Christmas Gift', '2014-12-26'),
(568, 168, 10, 242, 'Christmas Gift', '2014-12-26'),
(569, 976, 10, 242, 'Christmas Gift', '2014-12-26'),
(570, 202, 10, 242, 'Christmas Gift', '2014-12-26'),
(571, 2, 10, 242, 'Christmas Gift', '2014-12-26'),
(572, 1, 10, 242, 'Christmas Gift', '2014-12-26'),
(573, 204, 10, 242, 'Christmas Gift', '2014-12-26'),
(574, 990, 10, 242, 'Christmas Gift', '2014-12-26'),
(575, 971, 10, 242, 'Christmas Gift', '2014-12-26'),
(576, 16, 10, 242, 'Christmas Gift', '2014-12-26'),
(577, 154, 10, 242, 'Christmas Gift', '2014-12-26'),
(578, 193, 10, 242, 'Christmas Gift', '2014-12-26'),
(579, 13, 10, 242, 'Christmas Gift', '2014-12-26'),
(580, 12, 10, 242, 'Christmas Gift', '2014-12-26'),
(581, 807, 10, 242, 'Christmas Gift', '2014-12-26'),
(582, 966, 10, 242, 'Christmas Gift', '2014-12-26'),
(583, 159, 10, 242, 'Christmas Gift', '2014-12-26'),
(584, 41, 10, 242, 'Christmas Gift', '2014-12-26'),
(585, 899, 10, 242, 'Christmas Gift', '2014-12-26'),
(586, 957, 10, 242, 'Christmas Gift', '2014-12-26'),
(587, 504, 10, 242, 'Christmas Gift', '2014-12-26'),
(588, 15, 10, 242, 'Christmas Gift', '2014-12-26'),
(589, 867, 10, 242, 'Christmas Gift', '2014-12-26'),
(590, 11, 10, 242, 'Christmas Gift', '2014-12-26'),
(591, 175, 10, 242, 'Christmas Gift', '2014-12-26'),
(592, 947, 10, 242, 'Christmas Gift', '2014-12-26'),
(593, 17, 10, 242, 'Christmas Gift', '2014-12-26'),
(594, 821, 10, 242, 'Christmas Gift', '2014-12-26'),
(595, 890, 10, 242, 'Christmas Gift', '2014-12-26'),
(596, 894, 10, 242, 'Christmas Gift', '2014-12-26'),
(597, 895, 10, 242, 'Christmas Gift', '2014-12-26'),
(598, 97, 10, 242, 'Christmas Gift', '2014-12-26'),
(599, 10, 10, 242, 'Christmas Gift', '2014-12-26'),
(600, 986, 10, 242, 'Christmas Gift', '2014-12-26'),
(601, 989, 10, 242, 'Christmas Gift', '2014-12-26'),
(602, 873, 10, 242, 'Christmas Gift', '2014-12-26'),
(603, 142, 10, 242, 'Christmas Gift', '2014-12-26'),
(604, 969, 10, 242, 'Christmas Gift', '2014-12-26'),
(605, 61, 10, 242, 'Christmas Gift', '2014-12-26'),
(606, 133, 10, 242, 'Christmas Gift', '2014-12-26'),
(607, 116, 10, 242, 'Christmas Gift', '2014-12-26'),
(608, 930, 10, 242, 'Christmas Gift', '2014-12-26'),
(609, 373, 10, 242, 'Christmas Gift', '2014-12-26'),
(610, 89, 10, 242, 'Christmas Gift', '2014-12-26'),
(611, 927, 10, 242, 'Christmas Gift', '2014-12-26'),
(612, 420, 10, 242, 'Christmas Gift', '2014-12-26'),
(613, 378, 10, 242, 'Christmas Gift', '2014-12-26'),
(614, 991, 10, 242, 'Christmas Gift', '2014-12-26'),
(615, 102, 10, 242, 'Christmas Gift', '2014-12-26'),
(616, 97, 5, 243, '2 Final Tables in December 2014', '2014-12-29'),
(617, 13, 5, 243, '2 Final Tables in December 2014', '2014-12-29'),
(618, 204, 5, 243, '2 Final Tables in December 2014', '2014-12-29'),
(619, 966, 5, 243, '2 Final Tables in December 2014', '2014-12-29'),
(620, 102, 5, 243, '2 Final Tables in December 2014', '2014-12-29'),
(621, 154, 5, 243, '2 Final Tables in December 2014', '2014-12-29'),
(622, 10, 5, 243, '2 Final Tables in December 2014', '2014-12-29'),
(623, 142, 5, 243, '2 Final Tables in December 2014', '2014-12-29'),
(624, 25, 5, 243, '2 Final Tables in December 2014', '2014-12-29'),
(625, 116, 10, 243, '3 Final Tables in December 2014', '2014-12-29'),
(626, 16, 20, 243, '4 Final Tables in December 2014', '2014-12-29'),
(627, 168, 20, 243, '4 Final Tables in December 2014', '2014-12-29'),
(628, 976, 20, 243, '4 Final Tables in December 2014', '2014-12-29'),
(629, 1, 20, 243, '4 Final Tables in December 2014', '2014-12-29'),
(630, 175, 20, 243, '4 Final Tables in December 2014', '2014-12-29'),
(631, 971, 20, 243, '4 Final Tables in December 2014', '2014-12-29'),
(632, 27, 30, 243, '6 Final Tables in December 2014', '2014-12-29'),
(633, 2, 30, 243, '6 Final Tables in December 2014', '2014-12-29'),
(634, 17, 30, 243, '7 Final Tables in December 2014', '2014-12-29'),
(635, 27, 20, 243, 'Player of the Month in December 2014', '2014-12-29'),
(636, 990, 2, 243, 'Straight Flush', '2014-12-29'),
(637, 175, 2, 246, 'Straight Flush', '2015-01-08'),
(638, 13, 2, 248, 'Straight Flush', '2015-01-15'),
(639, 193, 5, 252, '2 Final Tables in January 2015', '2015-01-29'),
(640, 966, 5, 252, '2 Final Tables in January 2015', '2015-01-29'),
(641, 17, 5, 252, '2 Final Tables in January 2015', '2015-01-29'),
(642, 857, 5, 252, '2 Final Tables in January 2015', '2015-01-29'),
(643, 11, 5, 252, '2 Final Tables in January 2015', '2015-01-29'),
(644, 25, 5, 252, '2 Final Tables in January 2015', '2015-01-29'),
(645, 89, 5, 252, '2 Final Tables in January 2015', '2015-01-29'),
(646, 976, 5, 252, '2 Final Tables in January 2015', '2015-01-29'),
(647, 930, 5, 252, '2 Final Tables in January 2015', '2015-01-29'),
(648, 204, 5, 252, '2 Final Tables in January 2015', '2015-01-29'),
(649, 96, 5, 252, '2 Final Tables in January 2015', '2015-01-29'),
(650, 873, 10, 252, '3 Final Tables in January 2015', '2015-01-29'),
(651, 16, 10, 252, '3 Final Tables in January 2015', '2015-01-29'),
(652, 168, 10, 252, '3 Final Tables in January 2015', '2015-01-29'),
(653, 899, 10, 252, '3 Final Tables in January 2015', '2015-01-29'),
(654, 142, 10, 252, '3 Final Tables in January 2015', '2015-01-29'),
(655, 990, 10, 252, '3 Final Tables in January 2015', '2015-01-29'),
(656, 971, 10, 252, '3 Final Tables in January 2015', '2015-01-29'),
(657, 97, 20, 252, '4 Final Tables in January 2015', '2015-01-29'),
(658, 10, 20, 252, '4 Final Tables in January 2015', '2015-01-29'),
(659, 27, 30, 252, '6 Final Tables in January 2015', '2015-01-29'),
(660, 2, 30, 252, '6 Final Tables in January 2015', '2015-01-29'),
(661, 27, 20, 252, 'Player of the Month in January 2015', '2015-01-29'),
(662, 96, 2, 253, 'Straight Flush', '2015-02-03'),
(663, 52, 5, 260, '2 Final Tables in February 2015', '2015-02-26'),
(664, 41, 5, 260, '2 Final Tables in February 2015', '2015-02-26'),
(665, 930, 5, 260, '2 Final Tables in February 2015', '2015-02-26'),
(666, 11, 5, 260, '2 Final Tables in February 2015', '2015-02-26'),
(667, 899, 5, 260, '2 Final Tables in February 2015', '2015-02-26'),
(668, 2, 5, 260, '2 Final Tables in February 2015', '2015-02-26'),
(669, 10, 5, 260, '2 Final Tables in February 2015', '2015-02-26'),
(670, 957, 5, 260, '2 Final Tables in February 2015', '2015-02-26'),
(671, 16, 5, 260, '2 Final Tables in February 2015', '2015-02-26'),
(672, 175, 5, 260, '2 Final Tables in February 2015', '2015-02-26'),
(673, 373, 5, 260, '2 Final Tables in February 2015', '2015-02-26'),
(674, 971, 5, 260, '2 Final Tables in February 2015', '2015-02-26'),
(675, 995, 5, 260, '2 Final Tables in February 2015', '2015-02-26'),
(676, 168, 10, 260, '3 Final Tables in February 2015', '2015-02-26'),
(677, 976, 10, 260, '3 Final Tables in February 2015', '2015-02-26'),
(678, 17, 10, 260, '3 Final Tables in February 2015', '2015-02-26'),
(679, 969, 10, 260, '3 Final Tables in February 2015', '2015-02-26'),
(680, 142, 10, 260, '3 Final Tables in February 2015', '2015-02-26'),
(681, 986, 20, 260, '4 Final Tables in February 2015', '2015-02-26'),
(682, 27, 20, 260, '4 Final Tables in February 2015', '2015-02-26'),
(683, 12, 20, 260, '4 Final Tables in February 2015', '2015-02-26'),
(684, 169, 30, 260, '6 Final Tables in February 2015', '2015-02-26'),
(685, 169, 20, 260, 'Player of the Month in February 2015', '2015-02-26'),
(686, 27, 2, 260, 'Straight Flush', '2015-02-26'),
(687, 17, 2, 267, 'Straight Flush', '2015-03-24'),
(688, 986, 5, 269, '2 Final Tables in March 2015', '2015-03-31'),
(689, 116, 5, 269, '2 Final Tables in March 2015', '2015-03-31'),
(690, 995, 5, 269, '2 Final Tables in March 2015', '2015-03-31'),
(691, 27, 5, 269, '2 Final Tables in March 2015', '2015-03-31'),
(692, 175, 5, 269, '2 Final Tables in March 2015', '2015-03-31'),
(693, 899, 5, 269, '2 Final Tables in March 2015', '2015-03-31'),
(694, 11, 5, 269, '2 Final Tables in March 2015', '2015-03-31'),
(695, 373, 5, 269, '2 Final Tables in March 2015', '2015-03-31'),
(696, 1, 5, 269, '2 Final Tables in March 2015', '2015-03-31'),
(697, 930, 5, 269, '2 Final Tables in March 2015', '2015-03-31'),
(698, 971, 5, 269, '2 Final Tables in March 2015', '2015-03-31'),
(699, 142, 5, 269, '2 Final Tables in March 2015', '2015-03-31'),
(700, 216, 10, 269, '3 Final Tables in March 2015', '2015-03-31'),
(701, 990, 10, 269, '3 Final Tables in March 2015', '2015-03-31'),
(702, 969, 10, 269, '3 Final Tables in March 2015', '2015-03-31'),
(703, 17, 10, 269, '3 Final Tables in March 2015', '2015-03-31'),
(704, 10, 20, 269, '4 Final Tables in March 2015', '2015-03-31'),
(705, 957, 20, 269, '4 Final Tables in March 2015', '2015-03-31'),
(706, 52, 20, 269, '4 Final Tables in March 2015', '2015-03-31'),
(707, 2, 20, 269, '4 Final Tables in March 2015', '2015-03-31'),
(708, 1003, 30, 269, '5 Final Tables in March 2015', '2015-03-31'),
(709, 52, 20, 269, 'Player of the Month in March 2015', '2015-03-31'),
(710, 204, 2, 274, 'Straight Flush', '2015-04-16'),
(711, 1006, 2, 278, 'Straight Flush', '2015-04-30'),
(712, 969, 5, 278, '2 Final Tables in April 2015', '2015-04-30'),
(713, 1006, 5, 278, '2 Final Tables in April 2015', '2015-04-30'),
(714, 971, 5, 278, '2 Final Tables in April 2015', '2015-04-30'),
(715, 930, 5, 278, '2 Final Tables in April 2015', '2015-04-30'),
(716, 216, 5, 278, '2 Final Tables in April 2015', '2015-04-30'),
(717, 12, 5, 278, '2 Final Tables in April 2015', '2015-04-30'),
(718, 957, 5, 278, '2 Final Tables in April 2015', '2015-04-30'),
(719, 53, 5, 278, '2 Final Tables in April 2015', '2015-04-30'),
(720, 10, 5, 278, '2 Final Tables in April 2015', '2015-04-30'),
(721, 52, 5, 278, '2 Final Tables in April 2015', '2015-04-30'),
(722, 28, 5, 278, '2 Final Tables in April 2015', '2015-04-30'),
(723, 2, 5, 278, '2 Final Tables in April 2015', '2015-04-30'),
(724, 175, 10, 278, '3 Final Tables in April 2015', '2015-04-30'),
(725, 46, 10, 278, '3 Final Tables in April 2015', '2015-04-30'),
(726, 16, 10, 278, '3 Final Tables in April 2015', '2015-04-30'),
(727, 11, 10, 278, '3 Final Tables in April 2015', '2015-04-30'),
(728, 204, 10, 278, '3 Final Tables in April 2015', '2015-04-30'),
(729, 17, 10, 278, '3 Final Tables in April 2015', '2015-04-30'),
(730, 986, 10, 278, '3 Final Tables in April 2015', '2015-04-30'),
(731, 966, 10, 278, '3 Final Tables in April 2015', '2015-04-30'),
(732, 247, 20, 278, '4 Final Tables in April 2015', '2015-04-30'),
(733, 97, 30, 278, '5 Final Tables in April 2015', '2015-04-30'),
(734, 27, 30, 278, '8 Final Tables in April 2015', '2015-04-30'),
(735, 27, 20, 278, 'Player of the Month in April 2015', '2015-04-30'),
(736, 46, 5, 286, '2 Final Tables in May 2015', '2015-05-28'),
(737, 142, 5, 286, '2 Final Tables in May 2015', '2015-05-28'),
(738, 895, 5, 286, '2 Final Tables in May 2015', '2015-05-28'),
(739, 61, 5, 286, '2 Final Tables in May 2015', '2015-05-28'),
(740, 930, 5, 286, '2 Final Tables in May 2015', '2015-05-28'),
(741, 53, 5, 286, '2 Final Tables in May 2015', '2015-05-28'),
(742, 204, 5, 286, '2 Final Tables in May 2015', '2015-05-28'),
(743, 52, 10, 286, '3 Final Tables in May 2015', '2015-05-28'),
(744, 11, 10, 286, '3 Final Tables in May 2015', '2015-05-28'),
(745, 27, 10, 286, '3 Final Tables in May 2015', '2015-05-28'),
(746, 10, 10, 286, '3 Final Tables in May 2015', '2015-05-28'),
(747, 971, 10, 286, '3 Final Tables in May 2015', '2015-05-28'),
(748, 1, 10, 286, '3 Final Tables in May 2015', '2015-05-28'),
(749, 41, 10, 286, '3 Final Tables in May 2015', '2015-05-28'),
(750, 1003, 10, 286, '3 Final Tables in May 2015', '2015-05-28'),
(751, 373, 10, 286, '3 Final Tables in May 2015', '2015-05-28'),
(752, 16, 10, 286, '3 Final Tables in May 2015', '2015-05-28'),
(753, 2, 20, 286, '4 Final Tables in May 2015', '2015-05-28'),
(754, 966, 20, 286, '4 Final Tables in May 2015', '2015-05-28'),
(755, 1013, 30, 286, '5 Final Tables in May 2015', '2015-05-28'),
(756, 1, 20, 286, 'Player of the Month in May 2015', '2015-05-28'),
(757, 27, 2, 293, 'Straight Flush', '2015-06-23'),
(758, 971, 2, 295, 'Straight Flush', '2015-07-02'),
(759, 52, 5, 294, '2 Final Tables in June 2015', '2015-06-25'),
(760, 966, 5, 294, '2 Final Tables in June 2015', '2015-06-25'),
(761, 11, 5, 294, '2 Final Tables in June 2015', '2015-06-25'),
(762, 867, 5, 294, '2 Final Tables in June 2015', '2015-06-25'),
(763, 930, 5, 294, '2 Final Tables in June 2015', '2015-06-25'),
(764, 996, 5, 294, '2 Final Tables in June 2015', '2015-06-25'),
(765, 204, 10, 294, '3 Final Tables in June 2015', '2015-06-25'),
(766, 1006, 10, 294, '3 Final Tables in June 2015', '2015-06-25'),
(767, 10, 10, 294, '3 Final Tables in June 2015', '2015-06-25'),
(768, 971, 20, 294, '4 Final Tables in June 2015', '2015-06-25'),
(769, 2, 20, 294, '4 Final Tables in June 2015', '2015-06-25'),
(770, 17, 30, 294, '5 Final Tables in June 2015', '2015-06-25'),
(771, 16, 30, 294, '5 Final Tables in June 2015', '2015-06-25'),
(772, 27, 30, 294, '6 Final Tables in June 2015', '2015-06-25'),
(773, 97, 30, 294, '7 Final Tables in June 2015', '2015-06-25'),
(774, 27, 20, 294, 'Player of the Month in June 2015', '2015-06-25'),
(775, 17, 5, 303, '2 Final Tables in July 2015', '2015-07-30'),
(776, 116, 5, 303, '2 Final Tables in July 2015', '2015-07-30'),
(777, 1015, 5, 303, '2 Final Tables in July 2015', '2015-07-30'),
(778, 154, 5, 303, '2 Final Tables in July 2015', '2015-07-30'),
(779, 971, 5, 303, '2 Final Tables in July 2015', '2015-07-30'),
(780, 996, 10, 303, '3 Final Tables in July 2015', '2015-07-30'),
(781, 2, 10, 303, '3 Final Tables in July 2015', '2015-07-30'),
(782, 957, 10, 303, '3 Final Tables in July 2015', '2015-07-30'),
(783, 97, 20, 303, '4 Final Tables in July 2015', '2015-07-30'),
(784, 142, 20, 303, '4 Final Tables in July 2015', '2015-07-30'),
(785, 986, 20, 303, '4 Final Tables in July 2015', '2015-07-30'),
(786, 16, 30, 303, '5 Final Tables in July 2015', '2015-07-30'),
(787, 11, 30, 303, '5 Final Tables in July 2015', '2015-07-30'),
(788, 27, 30, 303, '6 Final Tables in July 2015', '2015-07-30'),
(789, 10, 30, 303, '7 Final Tables in July 2015', '2015-07-30'),
(790, 11, 20, 303, 'Player of the Month in July 2015', '2015-07-30');

--
-- Dumping data for table `players`
--

INSERT INTO `players` (`player_id`, `name_pokerstars`, `name_filelist`, `id_filelist`, `member_type`, `initial_accumulated_points`, `initial_spent_points`, `join_date`, `is_member_of_club`) VALUES
(1, 'Mariusss007', 'Marius007', 50466, 'regular', 335, 295, '2011-07-21', 1),
(2, 'aCoLyTe90', 'BivY', 209086, 'regular', 197, 250, '2011-07-21', 1),
(3, 'DDanny49', 'now', 514632, 'regular', 176, 0, '2013-05-09', 1),
(4, 'dorumagda', 'dorumagda', 988491, 'regular', 179, 25, '2012-06-25', 1),
(5, 'Andreyu19', 'Andreyy19', 100423, 'regular', 559, 160, '2011-08-22', 1),
(6, 'OldManFL', 'OldMan', 155195, 'regular', 414, 330, '2011-07-18', 1),
(7, 'Mr. Dawayne', 'Dawayne', 373911, 'regular', 317, 250, '2012-12-13', 1),
(8, 'm.toader79', 'mtoader79', 751821, 'regular', 317, 0, '2011-10-16', 1),
(9, 'Robinhon1', 'Robinhon1', 88071, 'regular', 249, 270, '2011-07-18', 1),
(10, 'ovidiugrecia', 'ovidiugrecia', 815756, 'regular', 29, 0, '2012-07-01', 1),
(11, 'constanti441', 'constantin31', 329286, 'regular', 65, 0, '2012-07-10', 1),
(12, 'C.A''1905', 'ForeverBlue', 532230, 'regular', 0, 0, '2013-01-01', 1),
(13, 'y2kkk', 'y2kkk', 42217, 'regular', 169, 250, '2011-10-27', 1),
(14, 'aragornflro', 'stalker18', 844961, 'regular', 450, 270, '2011-07-18', 1),
(15, 'bratu uzzy', 'bratu94', 933736, 'regular', 38, 0, '2012-05-08', 1),
(16, 'calin1973', 'Emanuela09', 252255, 'regular', 97, 0, '2012-03-12', 1),
(17, 'euRO.stAr99', 'euRO17', 641452, 'regular', 236, 45, '2012-09-07', 1),
(18, 'Cypry@nCCU', 'cypryan11', 1031222, 'regular', 0, 0, '2013-01-10', 1),
(19, 'mnemosyN1', 'mnemosyN1', 846264, 'regular', 106, 80, '2012-08-21', 1),
(20, 'mrallex361', 'tm_35', 527496, 'regular', 64, 0, '2012-08-21', 1),
(21, 'turba1722', 'turba1722', 190958, 'regular', 51, 0, '2011-07-20', 1),
(22, 'petrea757', 'petrea757', 616247, 'regular', 216, 0, '2011-09-13', 1),
(23, 'tisandreasa', 'tisandreas', 621656, 'regular', 152, 0, '2012-01-03', 1),
(24, 'pkr4ever91', 'DarkStarzz', 984797, 'regular', 56, 0, '2012-07-03', 1),
(25, 'redd0g88', 'redd0g88', 797348, 'regular', 0, 0, '2012-12-30', 1),
(26, 'devildom999', 'devildom999', 572745, 'regular', 65, 250, '2011-10-28', 1),
(27, 'mikygigi', 'mikygigi', 197438, 'regular', 253, 0, '2012-02-25', 1),
(28, 'rzraul', 'beelphegor', 150654, 'regular', 91, 330, '2011-07-20', 1),
(29, 'B3nJY8888', 'B3nJY88', 388702, 'regular', 216, 100, '2011-07-25', 1),
(30, 'Cezar Med2', '2bad', 126385, 'regular', 34, 320, NULL, 0),
(31, 'Anymatoru', 'Anymatoru', 565906, 'regular', 27, 250, '2012-01-11', 1),
(32, 'roscamarco', 'marco19', 265068, 'regular', 8, 0, '2012-08-07', 1),
(33, 'jho666', 'jhosecond', 970507, 'regular', 0, 0, '2013-01-03', 1),
(34, 'M4g1cPlayer', 'magicplayer', 133050, 'regular', 186, 490, '2011-07-19', 1),
(35, '~*vallly7*~', 'albrosu', 271259, 'regular', 202, 135, '2011-07-21', 1),
(36, 'Alex.fanzone', 'fanzone', 486144, 'regular', 57, 60, '2013-05-09', 1),
(37, 'parazitu_cs9', 'juncanaru', 510579, 'regular', 14, 0, '2012-07-26', 1),
(38, 'awesome2113', 'awesome21', 500854, 'regular', 226, 0, '2011-07-18', 1),
(39, 'Yexela91', 'Yexela', 333318, 'regular', 84, 80, '2011-07-19', 1),
(40, 'B0REX', 'C-Note', 988559, 'regular', 197, 205, '2012-08-25', 1),
(41, 'NSXfan', 'Falken95', 790050, 'regular', 95, 0, '2012-04-03', 1),
(42, 'redboy00', 'redman00', 711085, 'regular', 16, 0, '2012-06-26', 1),
(43, 'Syncr0', 'radu122', 427575, 'regular', 186, 0, '2011-07-31', 1),
(44, 'romy_rko93', 'romyboss93', 437832, 'regular', 188, 250, '2013-09-19', 1),
(45, 'carmelo543', 'ODB', 191790, 'regular', 202, 80, '2011-10-02', 1),
(46, 'sorry68', 'SorrY68', 487351, 'regular', 98, 0, '2011-09-12', 1),
(47, 'Cristiii13', 'chrissu01', 887743, 'regular', 38, 0, '2012-07-24', 1),
(48, 'babyface200', 'babyfacekiller', 145778, 'regular', 205, 135, '2011-07-21', 1),
(49, 'Xstinct14', 'tiesto43v3r', 130543, 'regular', 204, 0, '2011-07-19', 1),
(50, 'Duty004', 'helenutza', 458039, 'regular', 139, 0, '2012-01-24', 1),
(51, 'no name713', 'noname713', 534957, 'regular', 17, 275, '2011-10-03', 1),
(52, 'kuwamaly', 'COLLECTION', 316467, 'regular', 59, 0, '2012-04-27', 1),
(53, 'valytzu8259', 'valytzu8254', 419325, 'regular', 50, 100, '2011-08-05', 1),
(54, 'circiprian', 'circiprian', 767861, 'regular', 179, 0, '2011-12-29', 1),
(55, 'Hiltss', 'Hilts', 999067, 'regular', 38, 0, '2013-01-22', 1),
(56, 'kykkylik', 'kykyw', 100743, 'regular', 135, 100, '2011-07-19', 1),
(57, '17quaresma17', 'kobe24', 328396, 'regular', 145, 180, '2011-07-20', 1),
(58, 'Tiyawn', 'TheWizardOfLove', 477566, 'regular', 170, 0, '2011-08-17', 1),
(59, 'XE3NDeR', 'XE3NDeR', 737316, 'admin', 83, 0, '2012-01-23', 1),
(60, 'ShOoPyk', 'ShOoPy', 402035, 'regular', 165, 0, '2012-04-01', 1),
(61, 'mihaip86', 'mihaip86', 147422, 'regular', 214, 330, '2011-08-07', 1),
(62, 'Sir-NyCkY', 'Sir-NyCkY', 596066, 'regular', 83, 250, '2011-09-21', 1),
(63, 'gheorghita_2', 'gheorghitastrong', 324430, 'regular', 166, 30, NULL, 0),
(64, 'endler_18', 'endler', 989187, 'regular', 16, 0, '2012-06-28', 1),
(65, 'TylerD1999', 'TylerDurrden', 239982, 'regular', 148, 80, '2011-12-17', 1),
(66, 'spikee44', 'spike44', 524667, 'regular', 76, 70, '2012-06-03', 1),
(67, '96mindi', 'Mindi96', 474343, 'regular', 110, 250, '2012-09-08', 1),
(68, 'F1rsT-FL', 'F1rsT', 109649, 'regular', 134, 135, '2011-07-18', 1),
(69, 'NELOLEN', 'Nelu27', 228634, 'regular', 0, 0, '2013-01-05', 1),
(70, 'KmN92', 'KmN', 741691, 'regular', 19, 0, '2012-02-09', 1),
(71, 'prikindika', 'flavius216', 487963, 'regular', 144, 0, '2011-08-17', 1),
(72, 'valy93T', 'valy93t', 598867, 'regular', 142, 0, '2011-10-18', 1),
(73, 'Pum26', 'avioncumotor', 213575, 'regular', 137, 0, '2011-12-05', 1),
(74, 'adimarica', 'adimarica', 454039, 'regular', 49, 0, '2011-08-04', 1),
(75, 'HighStake18', 'WhoAmI', 290509, 'regular', 61, 0, '2012-06-20', 1),
(76, 'VooDooTM', 'VooDoo_DE', 887340, 'regular', 10, 0, '2012-08-02', 1),
(77, 'BogdyFL', 'edd2k', 426079, 'regular', 0, 0, '2012-12-07', 1),
(78, NULL, 'h3llspawnFL', 507643, 'regular', 131, 0, NULL, 0),
(79, 'Finalecupe', 'totty10000', 129152, 'regular', 5, 250, '2012-04-09', 1),
(80, 'vlaad20', 'vlad20', 349534, 'regular', 69, 0, '2011-07-21', 1),
(81, 'Poker.Alyn', 'AalynN', 358744, 'regular', 129, 0, '2011-08-04', 1),
(82, 'warchieff', 'warchieff', 697998, 'regular', 0, 0, '2013-05-22', 1),
(83, 'bogdaN0-31 ', 'bogdaN-', 701894, 'regular', 0, 0, '2012-08-24', 1),
(84, 'Rapidistul13', 'gabinho', 562412, 'regular', 107, 0, '2011-10-11', 1),
(85, 'subvii', 'soimA', 300912, 'regular', 224, 0, '2011-07-22', 1),
(86, 'rolex180FL', 'rolex180', 650311, 'regular', 0, 0, '2013-01-10', 1),
(87, NULL, 'PhenomHD', 565322, 'regular', 124, 0, NULL, 0),
(88, 'Chrysk2', 'Chrys', 111849, 'regular', 30, 100, '2011-07-19', 1),
(89, 'Senzatzii', 'Senzatzii', 341642, 'regular', 111, 0, '2011-12-23', 1),
(90, 'bulibasha77', 'rick_1977', 490109, 'regular', 0, 0, '2013-02-04', 1),
(91, 'gheburaS', 'gheburaS', 449483, 'regular', 270, 0, '2011-08-11', 1),
(92, 'angelodacian', 'angelodacian', 429759, 'regular', 39, 250, '2011-07-19', 1),
(93, 'elfomania', 'olalas', 989432, 'regular', 5, 0, '2012-08-21', 1),
(94, 'Clericu1', 'Clericust', 666204, 'regular', 117, 0, '2012-03-04', 1),
(95, 'undertakerfl', 'und3r74k3r91', 281639, 'regular', 166, 115, '2011-07-22', 1),
(96, 'bacrs', 'CristiaNNNN', 143792, 'regular', 238, 100, '2011-07-20', 1),
(97, 'gamer9221', 'gamer2192', 154567, 'admin', 0, 0, '2013-04-04', 1),
(98, 'Ciucku', 'Ciucku', 164644, 'regular', 114, 20, '2011-07-20', 1),
(99, 'JapcaRulz', 'Maryusrulz', 348264, 'regular', 100, 0, '2011-08-11', 1),
(100, 'ccionut', 'cimbruciprian', 554215, 'regular', 110, 0, '2012-05-15', 1),
(101, 'picuiulian', 'picuiulian', 10475, 'regular', 18, 0, NULL, 0),
(102, 'Zalenik', 'JQKAndrei', 685325, 'regular', 106, 0, '2011-09-09', 1),
(103, 'kywu', 'kywu', 241196, 'regular', 60, 0, '2012-04-05', 1),
(104, 'BigRaphy', 'Raphy', 626158, 'regular', 80, 0, '2013-01-10', 1),
(105, 'sansir0', 'sansir0', 290300, 'regular', 69, 330, '2011-07-18', 1),
(106, 'TooBizarre', 'TooBizarre', 247263, 'regular', 101, 0, '2011-07-21', 1),
(107, 'Just.Andy165', 'JustAndy94', 496548, 'regular', 98, 0, '2011-12-02', 1),
(108, 'petrean93', 'petrean93', 404523, 'regular', 79, 20, '2011-07-19', 1),
(109, 'IronMaidenFL', 'IronMaiden89', 233064, 'regular', 78, 10, '2012-06-07', 1),
(110, 'waszp', 'waszp', 186099, 'regular', 95, 0, '2012-01-12', 1),
(111, 'dicabrais', 'brais', 295505, 'regular', 188, 0, '2011-10-14', 1),
(112, 'VlaaddVladuS', 'VlaaddVladuS', 994767, 'regular', 0, 0, '2013-03-08', 1),
(113, 'CS.Mrs', 'MosSe', 16111, 'regular', 188, 295, '2011-09-13', 1),
(114, NULL, 'BoboRock', 453274, 'regular', 92, 0, NULL, 0),
(115, 'ryuma2k7', 'ryuma2k7', 64806, 'regular', 39, 0, '2011-07-20', 1),
(116, 'Razzzvanelu', 'L-e-Y-t-O', 204918, 'regular', 14, 250, '2012-01-11', 1),
(117, 'alexpilot2', 'alexpilot', 438490, 'regular', 31, 250, '2012-06-08', 1),
(118, 'csmlive57', 'cosmin2smart4u', 99721, 'regular', 54, 0, '2011-07-21', 1),
(119, 'M3xyknu', 'MM23FCF', 961342, 'regular', 0, 0, '2012-09-06', 1),
(120, 'touscoz', 'touscoz', 1020334, 'regular', 0, 0, '2013-01-08', 1),
(121, 'adryana2016', 'Adryanacrystyna', 899380, 'regular', 57, 0, '2013-03-05', 1),
(122, 'SpeciiAL_br', 'BumBum1994', 379305, 'regular', 0, 0, '2012-12-15', 1),
(123, 'b3ngal3zu', 'b3ngal3zu', 372502, 'regular', 39, 0, '2012-03-11', 1),
(124, 'blureyFL', 'blurey', 510708, 'regular', 26, 0, '2011-09-07', 1),
(125, 'dydutz', 'dydutz', 76355, 'regular', 0, 0, '2012-10-09', 1),
(126, 'catalin560', 'catalin560', 134975, 'regular', 72, 0, '2011-08-31', 1),
(127, 'ionel21238', 'cioky21', 781053, 'regular', 72, 0, '2011-11-15', 1),
(128, 'g36rg3', 'g36rg3', 880756, 'regular', 76, 0, '2011-10-04', 1),
(129, 'Ovydyu10', 'Ovydyu10', 368247, 'regular', 26, 0, '2012-04-22', 1),
(130, 'flaviush22', 'flaviush22', 182794, 'regular', 0, 0, '2012-03-05', 1),
(131, 'adrianbigman', 'adrian7up', 254574, 'regular', 0, 0, '2013-02-06', 1),
(132, 'Dublaa', 'CLICkisback', 326798, 'regular', 26, 0, '2012-08-04', 1),
(133, 'nevami', 'nevami', 181883, 'regular', 3, 0, '2013-02-24', 1),
(134, 'mihaitaeugen', 'mihaitaeugen', 736780, 'regular', 69, 0, '2011-10-03', 0),
(135, 'skymanftw', 'skyman', 17365, 'regular', 0, 0, '2012-12-10', 1),
(136, 'AdyY_13x', 'adysorr1995', 839875, 'regular', 62, 0, '2013-09-05', 0),
(137, 'futaidomnesc', 'Claudyyyu', 516100, 'regular', 68, 0, '2011-11-03', 1),
(138, 'stavix', 'stavix', 173077, 'regular', 0, 0, '2012-06-06', 1),
(139, 'bogdanTimo94', 'bogdantimo94', 843452, 'regular', 24, 0, '2012-04-19', 1),
(140, 'StressFL', 'StressExtrem', 438760, 'regular', 66, 0, '2011-07-19', 1),
(141, 'toby325', 'toby', 492884, 'regular', 60, 0, '2011-07-20', 1),
(142, 'Marcony201', 'SoboLAN', 16476, 'admin', 169, 45, '2011-08-11', 1),
(143, 'endriuftw', 'endriuftw', 678302, 'regular', 63, 0, '2011-07-20', 1),
(144, NULL, 'pbdaniel', 430172, 'regular', 62, 0, NULL, 0),
(145, 'dantiberiu5', 'danutz2010', 445765, 'regular', 61, 0, '2013-02-08', 1),
(146, 'punctuletz88', 'barbucostin1988', 540598, 'regular', 0, 0, '2013-02-05', 1),
(147, 'kmkz3alex', 'Beginner', 204655, 'regular', 0, 0, '2011-10-14', 1),
(148, 'biancalov', 'biancalove', 809591, 'regular', 24, 174, '2012-02-19', 1),
(149, 'nFlorinN', 'florinbun', 644629, 'regular', 22, 0, NULL, 0),
(150, 'SyinnK', 'synn', 236332, 'regular', 57, 0, '2012-01-31', 1),
(151, 'jimilika', 'jimilika', 746094, 'regular', 56, 250, '2011-10-11', 1),
(152, 'xXx69Asu', 'Asu69', 483344, 'regular', 56, 0, '2011-08-21', 1),
(153, 'igla71', 'igla71', 926963, 'regular', 19, 0, '2012-05-05', 1),
(154, 'adyB77', 'Th3GambL3r', 649015, 'regular', 28, 0, '2012-07-02', 1),
(155, 'A2Hm', 'A2Hm', 498622, 'regular', 55, 0, '2011-08-15', 1),
(156, 'DanielX03', 'danutz95', 105960, 'regular', 55, 0, '2012-01-25', 1),
(157, 'M1cuTzU', 'M1cuTzU', 171291, 'regular', 55, 0, '2011-07-27', 1),
(158, NULL, 'opr3a', 176010, 'regular', 55, 0, NULL, 0),
(159, 'claudiud109', 'claudiud109', 12896, 'regular', 2, 0, '2012-08-28', 1),
(160, 'MysticSTR8', 'MysticSTR8', 582749, 'regular', 54, 0, '2011-07-20', 1),
(161, 'AssAssiN120', 'catalangeorge', 478706, 'regular', 53, 250, '2011-10-06', 1),
(162, 'p0ker_k1d20', 'solobanu', 496547, 'regular', 53, 100, '2013-02-14', 1),
(163, 'robbii28', 'robbii28', 562193, 'regular', 17, 0, '2012-08-03', 1),
(164, 'LP205', 'fergusonu', 560765, 'regular', 52, 0, '2011-09-10', 1),
(165, NULL, 'jOyS', 489705, 'regular', 38, 0, NULL, 0),
(166, '16.nxt', 'ON', 533743, 'regular', 52, 0, '2011-07-24', 1),
(167, 'gLitcH86', 'gLitcH', 826858, 'regular', 20, 0, '2012-01-09', 1),
(168, 'skeciu007', 'skeciu007', 483659, 'regular', 271, 25, '2011-09-01', 1),
(169, 'Adrian9712', 'Biosh0ck', 470461, 'admin', 0, 0, '2013-01-10', 1),
(170, 'silviu_1784', 'silviu1784', 412199, 'regular', 45, 20, '2011-07-20', 1),
(171, 'iic19', 'iic19', 209471, 'regular', 51, 0, '2012-02-28', 1),
(172, 'bizarro11', 'chelseaAK47', 559518, 'regular', 0, 0, '2013-04-16', 1),
(173, 'IceCoolMC', 'icecool10', 418470, 'regular', 31, 0, '2012-07-24', 1),
(174, NULL, 'NoXiouS', 231269, 'regular', 50, 0, NULL, 0),
(175, 'danihdv', 'danihdv', 771021, 'regular', 0, 0, '2012-04-05', 1),
(176, 'Florian844', 'FlorianKML', 136754, 'regular', 0, 0, '2012-11-23', 1),
(177, NULL, 'pbcata10', 314245, 'regular', 49, 0, NULL, 0),
(178, 'atudor22', 'Atudor', 291930, 'regular', 85, 265, '2012-10-17', 1),
(179, 'JolyJokerFL', 'JolyJoker', 645912, 'regular', 11, 135, '2011-08-05', 1),
(180, 'zigovat0', 'zigovat', 77585, 'regular', 45, 15, '2011-07-19', 1),
(181, 'corin809', 'Corinnn', 527675, 'regular', 28, 120, '2011-07-20', 1),
(182, 'yosilviu95', '95vipper', 898175, 'regular', 0, 0, '2013-11-05', 1),
(183, 'n1tr000', 'n1tr0radu', 493289, 'regular', 43, 10, '2012-04-14', 1),
(184, NULL, 'HussleOne', 391813, 'regular', 42, 270, NULL, 0),
(185, 'Deto96', 'Deto96', 705817, 'regular', 0, 0, '2012-09-26', 1),
(186, 'Gautrek', 'Gautrek', 1121404, 'regular', 0, 0, '2013-03-28', 1),
(187, 'abc50de', 'abc50de', 707482, 'regular', 2, 0, '2011-09-07', 1),
(188, 'aLx925', 'LX05', 502974, 'regular', 39, 0, '2011-09-16', 1),
(189, 'Xeenophob', 'Xenophob', 1114310, 'regular', 0, 0, '2013-01-01', 1),
(190, 'axelgodpoker', 'alecsx17', 649623, 'regular', 50, 0, '2013-10-09', 1),
(191, 'Bbobbo08', 'Bobo08', 482057, 'regular', 38, 0, '2012-01-10', 1),
(192, 'tomycta', 'tomycta', 77248, 'regular', 38, 0, '2011-07-27', 1),
(193, 'AkkaD736', 'Khronic', 386989, 'regular', 206, 0, '2012-04-11', 1),
(194, 'b1nlad3en', 'sirsasuke', 736081, 'regular', 0, 0, '2012-12-24', 1),
(195, 'ChipThief228', 'cr4ck3l', 309499, 'regular', 0, 0, '2012-09-14', 1),
(196, 'haspeishere', 'haspe', 159723, 'regular', 37, 0, '2011-07-18', 1),
(197, 'nebunu989', 'nebunu899', 929303, 'regular', 17, 0, '2012-07-12', 1),
(198, 'RoBi KU990i', 'rbSt', 461958, 'regular', 36, 0, '2011-11-21', 1),
(199, 'Paranaens316', 'RkoEvolution', 625192, 'regular', 0, 0, '2012-09-22', 1),
(200, 'Tiris1', 'Tiris', 88260, 'regular', 35, 100, '2011-07-18', 1),
(201, 'claud1uop', 'claud1uop', 162193, 'regular', 35, 0, '2012-06-03', 1),
(202, 'aziap', 'aziap', 877608, 'regular', 1, 0, '2012-08-05', 1),
(203, 'R23GT', 'R23', 449422, 'regular', 0, 0, '2012-09-18', 1),
(204, 'tessio414', 'tessio', 303852, 'regular', 1, 0, '2012-01-10', 1),
(205, 'robertg11 ', 'ryker', 507515, 'regular', 10, 45, '2011-10-11', 1),
(206, 'Andrei9513', 'Ifty', 646686, 'regular', 12, 0, '2012-08-08', 1),
(207, 'mihaivlad92', 'TheOmen', 503672, 'regular', 33, 0, '2011-11-13', 1),
(208, 'Pyanopsion', 'bobbypacino', 286213, 'regular', 0, 0, '2012-11-26', 1),
(209, 'Mechanic006', 'soareccuaripi', 748518, 'regular', 21, 0, '2012-07-29', 1),
(210, NULL, 'Sh1nN', 455494, 'regular', 31, 0, NULL, 0),
(211, 'Vecinu27', 'Vecinu27', 133834, 'regular', 31, 0, '2011-07-21', 1),
(212, 'badluck713', 'sunlight', 117074, 'regular', 15, 85, '2012-09-21', 1),
(213, 'carabasa90', 'Madalin2901', 843845, 'regular', 30, 0, '2012-01-19', 1),
(214, 'Soldier6661', 'Soldier666', 496815, 'regular', 30, 0, '2011-07-20', 1),
(215, 'niposs2', NULL, -1, 'regular', 0, 0, '2012-10-11', 1),
(216, 'radacina19', 'zbenghi', 644276, 'regular', 216, 0, '2011-08-02', 1),
(217, 'andreismiley', 'andreismiley', 244081, 'regular', 29, 0, '2012-03-18', 1),
(218, NULL, 'MiNNNNNT', 312251, 'regular', 29, 0, NULL, 0),
(219, 'Pshyco_666', 'pshyco_666', 852542, 'regular', 28, 0, '2012-01-27', 1),
(220, 'alexno3', 'adyshorule', 283454, 'regular', 2, 0, '2013-03-19', 1),
(221, 'corinnn1', 'Corinnn', 527675, 'regular', 28, 120, '2011-07-21', 1),
(222, 'laurfzr777', 'lauryk92', 124963, 'regular', 28, 0, '2012-06-16', 1),
(223, 'PaulQQAA', 'Paul199313', 213561, 'regular', 0, 0, '2012-11-20', 1),
(224, 'Gravano90', 'Scarface2011', 593940, 'regular', 28, 0, '2011-10-21', 1),
(225, '7eus7', 'Spartacus888', 273094, 'regular', 28, 0, '2011-08-25', 1),
(226, 'Juventiknow', 'Griciu', 7446, 'regular', 0, 0, '2013-04-03', 1),
(227, 'floryk10', 'FlorinDKz', 444711, 'regular', 27, 10, '2011-07-18', 1),
(228, NULL, 'bautch', 450164, 'regular', 27, 0, NULL, 0),
(229, 'Yocozome', 'lucfal', 421571, 'regular', 18, 0, '2012-09-17', 1),
(230, 'manutza7', 'manutza1988', 182425, 'regular', 27, 0, '2013-09-23', 1),
(231, 'ove_bv', 'oveee', 346286, 'regular', 26, 0, '2011-12-22', 1),
(232, 'Doamne0Doamn', 'Doamne0Doamne', 272204, 'regular', 26, 15, '2012-08-04', 1),
(233, NULL, 'balazsrichard', 295271, 'regular', 26, 0, NULL, 0),
(234, 'Tataienstein', 'Canttouchthis', 261347, 'regular', 26, 0, '2011-07-31', 1),
(235, 'PikeHunter68', 'PikeHunter', 786882, 'regular', 32, 0, '2012-01-23', 1),
(236, 'SkyBlue-Fl', 'SkyBlue', 522208, 'regular', 25, 250, '2011-09-27', 1),
(237, 'bogdan9310', 'DrBogdan93', 301994, 'regular', 25, 0, '2012-01-09', 1),
(238, 'FireCube28', 'FireCube', 474014, 'regular', 25, 0, '2012-08-10', 1),
(239, 'sorin.srn', 'sorin_daniel', 481505, 'regular', 25, 0, '2011-10-23', 1),
(240, NULL, 'versace', 513580, 'regular', 25, 0, NULL, 0),
(241, 'doggy18poker', 'doggy18', 98064, 'admin', 0, 302, '2011-07-18', 1),
(242, 'alexanderm99', 'alexander1800', 270287, 'regular', 0, 0, '2012-09-08', 1),
(243, 'xmanro', 'anonimo', 862086, 'regular', 0, 0, '2012-10-23', 1),
(244, 'RavenQ2', 'RevanQ', 232602, 'regular', 3, 0, '2012-06-05', 1),
(245, NULL, 'seNns', 428468, 'regular', 24, 0, NULL, 0),
(246, 'clau89suciu', 'ClaVudiu', 605525, 'regular', 0, 0, '2012-09-24', 1),
(247, 'coddy500', 'coddy007', 1014497, 'regular', 7, 0, '2012-08-16', 1),
(248, 'VaaDx', 'vaadx', 467256, 'regular', 66, 250, '2011-07-26', 1),
(249, 'RobertCCU', 'AditaMessi', 580004, 'regular', 0, 0, NULL, 0),
(250, 'Kr00s277', 'Grafitte277', 645027, 'regular', 23, 0, '2012-07-21', 1),
(251, 'KagaN-FL', 'KagaN', 171037, 'regular', 5, 0, '2011-09-01', 1),
(252, 'veritat', 'mariusikah', -1, 'regular', 23, 0, '2012-04-17', 1),
(253, 'Pufiloi', 'Tzipirica18', 14002, 'regular', 0, 0, '2013-02-05', 1),
(254, 'TomyGT1002', 'TomyGT', 935843, 'regular', 0, 0, '2013-03-19', 1),
(255, 'MosHuBM', 'radu33', 107253, 'regular', 0, 0, '2012-12-09', 1),
(256, 'rodul', 'al3xdyablo', 86171, 'regular', 0, 0, '2012-12-27', 1),
(257, 'thugking94', 'thugking94', 17663, 'regular', 22, 100, '2011-08-02', 1),
(258, 'manias007', 'manias', 473939, 'regular', 0, 0, '2012-07-24', 1),
(259, 'meganu700', 'minim', 158658, 'regular', 22, 0, '2011-07-26', 1),
(260, 'seby123456', 'seby123456', 315795, 'regular', 22, 0, '2012-06-08', 1),
(261, 'Dany3010q', 'Dany3010q', 538372, 'regular', 16, 0, '2011-08-11', 1),
(262, 'Flnmms', 'Flnmms', 182757, 'regular', 133, 0, '2012-04-03', 1),
(263, 'Mitzsa07', 'Mitzsa', 565787, 'regular', 21, 0, '2011-07-23', 1),
(264, 'CrisstinaMe', 'pauLL86', 716868, 'regular', 0, 0, '2012-11-28', 1),
(265, NULL, 'PettyMyth', 54437, 'regular', 21, 0, NULL, 0),
(266, 'KaveNNN', 'darktupac', 105005, 'regular', 0, 0, '2012-01-29', 1),
(267, 'crunkkid666', 'CrunkKid', 468147, 'regular', 0, 0, '2013-03-23', 1),
(268, NULL, 'robbyy10', 441193, 'regular', 20, 15, NULL, 0),
(270, 'Cosmin90FL', 'Cosmin90', 588356, 'regular', 20, 0, '2011-10-02', 1),
(271, 'DeepKiss69', 'DeepKiss', 471693, 'regular', 20, 0, '2013-11-03', 1),
(272, 'criste346', 'georgi_ever10', 691176, 'regular', 20, 0, '2012-04-18', 1),
(273, 'mihailevi', 'mitza_boy', 487145, 'regular', 20, 0, '2011-11-15', 1),
(274, 'D0rU168', 'D0rU16', 596305, 'regular', 0, 0, '2012-08-08', 1),
(275, NULL, 'and87', 276355, 'regular', 19, 0, NULL, 0),
(276, NULL, 'iuliano4girls', 451597, 'regular', 19, 0, NULL, 0),
(277, 'jijitzu', 'jijitzu', 265985, 'regular', 19, 0, '2011-08-14', 1),
(278, 'PetitMafioso', 'PetitMafioso', 965172, 'regular', 19, 0, '2012-05-28', 1),
(279, 'grozaewb', 'qristi', 483734, 'regular', 19, 0, '2011-12-29', 1),
(280, 'Kid*radu', 'radu322413', 407684, 'regular', 13, 0, '2011-07-23', 1),
(281, NULL, 'scorpioro', 485584, 'regular', 19, 0, NULL, 0),
(282, NULL, 'stelioBB', 413916, 'regular', 19, 0, NULL, 0),
(283, 'ClaudiaS1', 'Silv3rFang', 863962, 'regular', 0, 0, '2012-09-13', 1),
(284, NULL, 'balexis', 278095, 'regular', 18, 0, NULL, 0),
(285, NULL, 'Baluba15', 281087, 'regular', 18, 0, NULL, 0),
(286, NULL, 'd3ro', 76646, 'regular', 18, 0, NULL, 0),
(287, 'omsqo26', 'oMSQo26', 302679, 'regular', 0, 0, '2012-11-20', 1),
(288, NULL, 'zambaret', 8646, 'regular', 18, 0, NULL, 0),
(289, 'Coracer', 'Coracer2005', 445769, 'regular', 17, 100, '2011-07-18', 1),
(290, NULL, 'alexutzu10', 158208, 'regular', 17, 0, NULL, 0),
(291, 'chisca89', 'corbu', 24362, 'regular', 17, 0, '2012-06-28', 1),
(292, NULL, 'DjElectro', 234278, 'regular', 17, 0, NULL, 0),
(293, 'ImparaT688', 'florea1985', 144236, 'regular', 17, 0, '2012-06-12', 1),
(294, 'ghighi666', 'grigore18', 424564, 'regular', 17, 0, '2011-09-10', 1),
(295, NULL, 'iulia001', 52530, 'regular', 0, 0, NULL, 0),
(296, 'ShrekanBoRO', 'Shrekan', 526011, 'regular', 17, 0, '2011-08-17', 1),
(297, 'vladtzzz', 'vladtz', 410189, 'regular', 17, 0, '2011-11-29', 1),
(298, 'CRiCU90', 'CRiCU', 144720, 'regular', 0, 0, '2013-03-07', 1),
(299, 'joltytech', 'joltytech', 90517, 'regular', 36, 0, '2012-05-10', 1),
(300, NULL, 'ValyTM23', 395341, 'regular', 16, 10, NULL, 0),
(301, 'ZeusJR1994', 'crystylaurentyu', 753433, 'regular', 16, 0, '2011-10-29', 1),
(302, 'reikkoo', 'CRYTEK', 18677, 'regular', 16, 0, '2012-01-15', 1),
(303, 'Curseinc', 'Curseinc', 992455, 'regular', 16, 0, '2012-07-03', 1),
(304, NULL, 'winnetou3', 145288, 'regular', 16, 0, NULL, 1),
(305, NULL, 'cLeaN', 485438, 'regular', 15, 30, NULL, 1),
(306, 'alinbulina', 'alinbulina', 290030, 'regular', 15, 25, '2011-07-19', 1),
(307, '_BoDi_92', 'Bogdan_Aiud', 679783, 'regular', 0, 0, '2012-08-30', 1),
(308, NULL, '1NF3C7ED', 450081, 'regular', 15, 0, NULL, 1),
(309, 'valyca26', 'hugahuga', 343215, 'regular', 10, 0, '2011-11-22', 1),
(310, NULL, 'Iustitia', 434406, 'regular', 15, 0, NULL, 1),
(311, 'ktr1nel', 'ktr1nel', 628956, 'regular', 15, 0, '2011-12-27', 1),
(312, 'Mada_Cr7', 'petcu_mada', 790760, 'regular', 0, 0, '2013-01-30', 1),
(313, 'Raizen45', 'raizen45', 542358, 'regular', 15, 0, '2011-10-13', 1),
(314, 'breaz_v95', 'salazar95', 244192, 'regular', 15, 0, '2012-07-12', 1),
(315, 'valramys', 'valeriu1991', 554778, 'regular', 0, 0, '2012-11-20', 1),
(316, 'H_xpthck', 'Alexanderson', 42748, 'regular', 0, 0, '2012-09-18', 1),
(317, 'AdrianC94', 'MiNNNNNT', 312251, 'regular', 29, 0, '2013-06-16', 1),
(318, 'Adryano13', 'Apocalypto', 394661, 'regular', 13, 0, '2012-03-01', 1),
(319, NULL, 'capdenuca', 253226, 'regular', 14, 0, NULL, 1),
(320, 'cosmin930', 'cosmin93', 479814, 'regular', 14, 0, '2011-08-18', 1),
(321, 'Coster23', 'coster23', 41560, 'regular', 14, 0, '2011-09-15', 1),
(322, NULL, 'HooSoo', 183268, 'regular', 14, 0, NULL, 1),
(323, NULL, 'Ionutcr79', 402699, 'regular', 0, 0, NULL, 1),
(324, 'ktz695', 'ktz695a', 460032, 'regular', 14, 0, '2012-06-24', 1),
(325, 'tavynio', 'nick91', 272609, 'regular', 14, 0, '2012-06-01', 1),
(326, 'Ione24', 'QLx', 480240, 'regular', 14, 0, '2011-07-22', 1),
(327, 'Tra1an', 'TRaian899', NULL, 'regular', 5, 0, '2012-04-10', 1),
(328, 'cra5e7x', 'rOmaNx3m', 225422, 'regular', 0, 0, '2011-12-08', 1),
(329, 'KenZz0r', 'kezz', 431668, 'regular', 13, 100, '2011-07-19', 1),
(330, NULL, 'fictive', 98283, 'regular', 8, 0, NULL, 1),
(331, NULL, 'ghyoo111', 492882, 'regular', 13, 0, NULL, 1),
(332, 'haosel', 'haosel', NULL, 'regular', 0, 0, '2012-09-18', 1),
(333, NULL, 'Ionutz24', 217297, 'regular', 14, 0, NULL, 1),
(334, NULL, 'lauciungu', 331979, 'regular', 13, 0, NULL, 1),
(335, 'Mischiu', 'Mischiu', 479460, 'regular', 0, 0, '2012-10-13', 1),
(336, NULL, 'nicknameunknown', 314899, 'regular', 13, 0, NULL, 1),
(337, 'TheLegist', NULL, NULL, 'regular', 0, 0, '2013-03-29', 1),
(338, 'i@Ny17', 'BESTIAHD', 121677, 'regular', 0, 0, '2012-11-19', 1),
(339, NULL, 'sllikzor', 376251, 'regular', 12, 25, NULL, 1),
(340, 'MosCracanila', 'MosCracanila', 254665, 'regular', 12, 5, '2011-10-13', 1),
(341, 'badelff', 'badelf', 542709, 'regular', 12, 0, '2011-08-28', 1),
(342, 'Barbon333', 'Barbon33', 412656, 'regular', 0, 0, '2012-10-13', 1),
(343, NULL, 'cosminfotbalistu', 97624, 'regular', 12, 0, NULL, 1),
(344, NULL, 'CristianV', 388884, 'regular', 12, 0, NULL, 1),
(345, NULL, 'purcelul', 441019, 'regular', 12, 0, NULL, 1),
(346, 'bricheta11', 'razvanelvlad', 522849, 'regular', 0, 0, '2012-12-20', 1),
(347, NULL, 'saydfv', 149683, 'regular', 12, 0, NULL, 1),
(348, 'andreisro2', '1n3x', 444591, 'regular', 0, 0, '2012-09-26', 1),
(349, NULL, 'anto93s', 479470, 'regular', 11, 0, NULL, 1),
(350, 'Arabu101', 'Arabu101', 923181, 'regular', 0, 0, '2012-04-17', 1),
(351, 'broasca21', 'broasca21', 556401, 'regular', 0, 0, '2012-07-07', 1),
(352, NULL, 'Cristal312', 451729, 'regular', 11, 0, NULL, 1),
(353, 'Ted Bundi', 'CYoung', 675765, 'regular', 11, 0, '2011-11-18', 1),
(354, 'mRn1993', 'marianparaschiv93', 733320, 'regular', 11, 0, '2012-07-13', 1),
(355, 'Mita83FL', 'Mita83', 236898, 'regular', 11, 0, '2012-03-21', 1),
(356, NULL, 'SmocK', 25213, 'regular', 11, 0, NULL, 1),
(357, NULL, 'un3', 237734, 'regular', 11, 0, NULL, 1),
(358, 'alinush777', 'alinush01', 414525, 'regular', 0, 0, '2013-03-15', 1),
(359, 'CLICKIT1993', 'CLICKIT', 109681, 'regular', 10, 45, '2011-11-22', 1),
(360, 'anarchy20', 'anarchyboy', 371783, 'regular', 10, 0, '2011-07-24', 1),
(361, NULL, 'dny00', 479632, 'regular', 10, 0, NULL, 1),
(362, NULL, 'Jakkal', 189114, 'regular', 10, 0, NULL, 1),
(363, 'kosty2491', 'kosty91', 667570, 'regular', 10, 0, '2011-11-29', 1),
(364, 'malkaff', 'malkaff', 268503, 'regular', 10, 0, '2011-07-26', 1),
(365, 'razvano10', 'Razvano10', 994736, 'regular', 10, 0, '2012-08-07', 1),
(366, 'Coldblood94', 'adrianBK', 80930, 'regular', 0, 0, '2013-05-14', 1),
(367, NULL, 'bogdan16', 296971, 'regular', 9, 30, NULL, 1),
(368, 'almaryus', 'almaryus', 436871, 'regular', 9, 25, '2013-04-11', 1),
(369, 'bladeutza', 'alex0382', 371241, 'regular', 9, 0, '2011-09-23', 1),
(370, 'bborcau', 'borcau', 83075, 'regular', 9, 0, '2013-09-23', 1),
(371, NULL, 'cyprysrk', 476144, 'regular', 9, 0, NULL, 1),
(372, NULL, 'danysorhent', 387001, 'regular', 9, 0, NULL, 1),
(373, 'rjins@ne', 'lungau', 361270, 'regular', 9, 0, NULL, 1),
(374, 'PeTrY.07', 'petry_2807', 803358, 'regular', 9, 0, '2011-12-08', 1),
(375, 'Raillici', 'Raillici', 272883, 'regular', 9, 0, '2012-03-24', 1),
(376, NULL, 'Savior', 270401, 'regular', 9, 0, NULL, 1),
(377, 'robb_billy', 'sirbillyboy', 239252, 'regular', 0, 0, '2012-08-14', 1),
(378, 'subtensiune', 'eustachees', 1119734, 'regular', 0, 0, '2013-04-07', 1),
(379, 'ag3nt00', 'alinPLAY', 338652, 'regular', 2, 0, '2013-03-27', 1),
(380, NULL, 'alex599', 81369, 'regular', 8, 15, NULL, 1),
(381, 'MiYsTyC', 'Cristy28', 475972, 'regular', 8, 10, '2011-11-21', 1),
(382, 'costa488', 'costaone', 746823, 'regular', 8, 0, '2011-11-05', 1),
(383, 'FilipRisnita', 'FilipRisnita', 656919, 'regular', 8, 0, '2012-06-24', 1),
(384, 'Pampard', 'GearMan', 906838, 'regular', 2, 0, '2012-05-31', 1),
(385, NULL, 'lexu00', 323773, 'regular', 8, 0, NULL, 1),
(386, NULL, 'marian91moro', 464716, 'regular', 8, 0, NULL, 1),
(387, 'mihaimica', 'mihaimica', 607748, 'regular', 8, 0, '2012-02-06', 1),
(388, 'allannya', 'nya', 7768, 'regular', 8, 0, '2012-02-08', 1),
(389, NULL, 'salvari', 416153, 'regular', 8, 0, NULL, 1),
(390, NULL, 'Sp8ky', 291201, 'regular', 8, 0, NULL, 1),
(391, NULL, 'Symbyan', 222016, 'regular', 8, 0, NULL, 1),
(392, NULL, 'yonut16', 355840, 'regular', 8, 0, NULL, 1),
(393, 'pac3191', 'makaveli71', 170396, 'regular', 0, 0, '2012-09-07', 1),
(394, '2fish2play', 'Advenio', 569211, 'regular', 7, 25, '2013-02-19', 1),
(395, 'SyMBy0t3', 'Symby0t3', 246049, 'regular', 7, 15, '2013-09-23', 1),
(396, NULL, 'alecsutz', 10910, 'regular', 7, 0, NULL, 1),
(397, NULL, 'andreihdv', NULL, 'regular', 0, 0, NULL, 1),
(398, NULL, 'FRTz', 146833, 'regular', 7, 0, NULL, 1),
(399, NULL, 'hidrogeNN', 449669, 'regular', 7, 0, NULL, 1),
(400, NULL, 'izm0', 268506, 'regular', 7, 0, NULL, 1),
(401, NULL, 'L3goLas', 413179, 'regular', 7, 0, NULL, 1),
(402, NULL, 'Reborn123', 197732, 'regular', 7, 0, NULL, 1),
(403, 'Roxy0', 'Roxy0', 271557, 'regular', 7, 0, '2012-06-05', 1),
(404, 'OzzY.Bakura', 'Schram', 470253, 'regular', 7, 0, '2012-07-05', 1),
(405, NULL, 'steaua123', 369966, 'regular', 7, 0, NULL, 1),
(406, 'xchelu', 'xchelu', 823643, 'regular', 7, 0, '2011-12-30', 1),
(407, NULL, 'vastoone', 460629, 'regular', 6, 10, NULL, 1),
(408, 'psantonio17', 'skywalkerton', 114599, 'regular', 0, 0, '2012-10-17', 1),
(409, 'omarqias002', 'andreiutzu95', 369794, 'regular', 6, 0, '2011-09-14', 1),
(410, NULL, 'ANk3r', 280591, 'regular', 6, 0, NULL, 1),
(411, NULL, 'BarbaRosie', 46337, 'regular', 6, 0, NULL, 1),
(412, NULL, 'Cristinelll', 352469, 'regular', 6, 0, NULL, 1),
(413, 'Eldesten', 'EldesT', 304091, 'regular', 6, 0, '2013-09-25', 1),
(414, NULL, 'GGHon', 385464, 'regular', 6, 0, NULL, 1),
(415, NULL, 'LegolasT', 636753, 'regular', 6, 0, NULL, 1),
(416, NULL, 'mane007', 454456, 'regular', 6, 0, NULL, 1),
(417, NULL, 'onciulalexandru', 179180, 'regular', 6, 0, NULL, 1),
(418, 'MasterAlex26', 'Raizo26', 529801, 'regular', 6, 0, '2012-03-01', 1),
(419, NULL, 'tudortudor80', 152185, 'regular', 6, 0, NULL, 1),
(420, 'speeddoom', 'cryss19', 1033101, 'regular', 0, 0, '2013-03-25', 1),
(421, 'mexicanu1990', NULL, NULL, 'regular', 0, 0, '2013-06-17', 1),
(422, 'gaby_zarny', 'gaby_zarny', 475245, 'regular', 3, 0, '2013-03-03', 1),
(423, 'bulbi91', 'bogdybossu', 538816, 'regular', 5, 100, '2011-11-28', 1),
(424, 'mk225_fl', 'mk225', 871702, 'regular', 17, 0, '2012-03-29', 1),
(425, 'abc95de', 'abc95de', 494448, 'regular', 5, 0, '2011-09-07', 1),
(426, 'dinulike', 'al3kzandEr', 560756, 'regular', 0, 0, '2012-10-18', 1),
(427, 'c7audiu', 'c7audiu', 478713, 'regular', 5, 0, '2011-07-25', 1),
(428, 'cezu03', 'Cezu', 148105, 'regular', 5, 0, '2013-09-24', 1),
(429, NULL, 'Cosminho9', NULL, 'regular', 5, 0, NULL, 1),
(430, NULL, 'Dariusz0rseN', 469482, 'regular', 5, 0, NULL, 1),
(431, NULL, 'djskull', 158609, 'regular', 5, 0, NULL, 1),
(432, NULL, 'floryn97', 366042, 'regular', 5, 0, NULL, 1),
(433, NULL, 'jeorge', 182974, 'regular', 5, 0, NULL, 1),
(434, NULL, 'lampardd', 396394, 'regular', 5, 0, NULL, 1),
(435, 'MaDaLLiN08', 'MaDaLLiN08', 316302, 'regular', 5, 0, '2011-08-24', 1),
(436, NULL, 'map3cz', 84315, 'regular', 5, 0, NULL, 1),
(437, 'mariustiger1', 'mariustiger', 586390, 'regular', 5, 0, '2012-07-18', 1),
(438, 'lungu9', 'nanesudhop', 434956, 'regular', 5, 0, '2011-09-16', 1),
(439, NULL, 'nightcrowler89', 322300, 'regular', 5, 0, NULL, 1),
(440, NULL, 'pupharina', 148728, 'regular', 5, 0, NULL, 1),
(441, 'StephenRO', 'StephenRO', 558215, 'regular', 0, 0, '2012-08-21', 1),
(442, 'Dragos Taz', 'TAzZ333', 284197, 'regular', 5, 0, '2013-08-22', 1),
(443, 'Maximus094', 'KILLERTAY', 201332, 'regular', 0, 0, '2013-02-12', 1),
(444, NULL, '91katalyn91', 450291, 'regular', 4, 0, NULL, 1),
(445, 'r3on', 'AlbuStracci', 151857, 'regular', 4, 0, '2012-04-03', 1),
(446, NULL, 'BamssyBad', 465536, 'regular', 4, 0, NULL, 1),
(447, NULL, 'bandes', 177394, 'regular', 4, 0, NULL, 1),
(448, NULL, 'Blur19', 248683, 'regular', 4, 0, NULL, 1),
(449, NULL, 'dannymix', 414100, 'regular', 4, 0, NULL, 1),
(450, NULL, 'dittzzuu?', 457205, 'regular', 4, 0, NULL, 1),
(451, NULL, 'djdaci', 357703, 'regular', 4, 0, NULL, 1),
(452, 'enecosmin91', 'ZaIrXXL', 815966, 'regular', 0, 0, '2012-08-13', 1),
(453, 'sorin_mb', 'romanasu1', 126640, 'regular', 4, 0, '2012-06-03', 1),
(454, 'ScippeR1', 'ScippeR1', 890145, 'regular', 4, 0, '2012-03-31', 1),
(455, NULL, 'sholanu18', 341646, 'regular', 4, 0, NULL, 1),
(456, NULL, 'uacy', 394543, 'regular', 4, 0, NULL, 1),
(457, NULL, 'viorax', 103980, 'regular', 4, 0, NULL, 1),
(458, 'xwoman2010', 'xwoman', 522065, 'regular', 0, 0, '2012-10-30', 1),
(459, 'rebelu07', 'rebelu07', 469652, 'regular', 0, 0, '2012-12-29', 1),
(460, 'SamyCl', 'Saammy', 913305, 'regular', 0, 0, '2013-05-30', 1),
(461, 'alynutzu21', 'alynutzu21', 275083, 'regular', 3, 50, '2011-08-01', 1),
(462, NULL, 'alen', 115084, 'regular', 3, 0, NULL, 1),
(463, NULL, 'aloop', 290481, 'regular', 3, 0, NULL, 1),
(464, NULL, 'andreiru', 93582, 'regular', 3, 0, NULL, 1),
(465, 'ASR13', 'ASR13', 302177, 'regular', 3, 0, '2013-09-24', 1),
(466, NULL, 'b0gdan', 8733, 'regular', 3, 0, NULL, 1),
(467, NULL, 'beaubere', 103026, 'regular', 3, 0, NULL, 1),
(468, 'brotheru13', 'brotheru13', 731621, 'regular', 3, 0, '2012-05-14', 1),
(469, NULL, 'Claoo12nep', 189656, 'regular', 3, 0, NULL, 1),
(470, 'crisysable', 'crisysable', 594589, 'regular', 0, 0, '2012-11-07', 1),
(471, NULL, 'cucubau97', 477667, 'regular', 3, 0, NULL, 1),
(472, 'lovendal86', 'DaftPunk', 494767, 'regular', 0, 0, '2012-10-14', 1),
(473, NULL, 'diabolik88', 216669, 'regular', 3, 0, NULL, 1),
(474, NULL, 'eastinfecter', 402147, 'regular', 3, 0, NULL, 1),
(475, NULL, 'ekKo', 108399, 'regular', 3, 0, NULL, 1),
(476, NULL, 'GeorgeDaniel', 529633, 'regular', 3, 0, NULL, 1),
(477, NULL, 'kme', 167619, 'regular', 3, 0, NULL, 1),
(478, 'PBAkrestos', 'krestos', 120360, 'regular', 3, 0, '2013-09-23', 1),
(479, NULL, 'Leka', 126883, 'regular', 3, 0, NULL, 1),
(480, NULL, 'leon12', 122409, 'regular', 3, 0, NULL, 1),
(481, NULL, 'Magnificul10', 450803, 'regular', 3, 0, NULL, 1),
(482, NULL, 'mariuspiticu1', 245713, 'regular', 3, 0, NULL, 1),
(483, NULL, 'Mutulik10', 443434, 'regular', 3, 0, NULL, 1),
(484, NULL, 'Naka7a', 68859, 'regular', 3, 0, NULL, 1),
(485, NULL, 'PicincuA', 169541, 'regular', 3, 0, NULL, 1),
(486, NULL, 'pootzamik', 117048, 'regular', 3, 0, NULL, 1),
(487, NULL, 'razvan2you', 292221, 'regular', 3, 0, NULL, 1),
(488, NULL, 'razvanbld', 161430, 'regular', 3, 0, NULL, 1),
(489, NULL, 'RoAres', 477722, 'regular', 3, 0, NULL, 1),
(490, 'Roman alexan', 'romanalexandru', 421695, 'regular', 0, 0, '2012-11-02', 1),
(491, 'sabin2394', 'sabin2394', 526679, 'regular', 0, 0, '2012-12-27', 1),
(492, NULL, 'shadowterror', 217784, 'regular', 3, 0, NULL, 1),
(493, NULL, 'ShakeShakeAdy', 204077, 'regular', 3, 0, NULL, 1),
(494, NULL, 'stefanlazar', 148635, 'regular', 3, 0, NULL, 1),
(495, NULL, 'Teneros', 65678, 'regular', 3, 0, NULL, 1),
(496, NULL, 'TheKillerG', 165705, 'regular', 3, 0, NULL, 1),
(497, NULL, 'TheLegendary', 452426, 'regular', 3, 0, NULL, 1),
(498, NULL, 'uglykidsatan', 36031, 'regular', 3, 0, NULL, 1),
(499, NULL, 'wh173t1g3r', 183176, 'regular', 3, 0, NULL, 1),
(500, NULL, 'wwwasds', 367130, 'regular', 3, 0, NULL, 1),
(501, 'xmanro2012', 'xman', 145567, 'regular', 2, 0, '2012-11-30', 1),
(502, NULL, 'Yeezy', 474231, 'regular', 3, 0, NULL, 1),
(503, 'LAUBOSS26', 'lau95', 448786, 'regular', 0, 0, '2013-05-28', 1),
(504, 'baboi77', 'adriani77', 896506, 'regular', 0, 0, '2013-07-11', 1),
(505, 'AdriAdrian06', 'AdRiaN0696', 484428, 'regular', 0, 0, '2013-03-11', 1),
(506, 's1r.FL', 'S1r1us', 286966, 'regular', 10, 0, '2012-08-07', 1),
(507, 'EterNo-RO', 'EterNo', 520823, 'regular', 0, 0, '2013-01-29', 1),
(508, 'TheK-PAXian', 'TheKPAXian', 95021, 'regular', 0, 0, '2012-11-08', 1),
(509, 'costy_ph89', 'daredevil66', 479691, 'regular', 0, 0, '2013-01-15', 1),
(510, 'madax969', 'PinheadT', 646734, 'regular', 0, 0, '2013-01-31', 1),
(511, '[RO]adygeo', 'libertyman', 547684, 'regular', 0, 0, '2012-06-08', 1),
(512, 'DarkEditiion', 'DarkEdition', 605049, 'regular', 2, 25, '2011-12-22', 1),
(513, NULL, 'Deian14', 507562, 'regular', 2, 10, NULL, 1),
(514, NULL, 'Akuro', 375663, 'regular', 2, 0, NULL, 1),
(515, NULL, 'alexutzucool09', 440790, 'regular', 2, 0, NULL, 1),
(516, 'petrolualex', 'alexx18', 295040, 'regular', 2, 0, '2013-09-23', 1),
(518, NULL, 'AnDr3Y08', 190401, 'regular', 2, 0, NULL, 1),
(519, NULL, 'Aniytza247', 274265, 'regular', 2, 0, NULL, 1),
(520, 'KoRTeX246', 'Cernesti9', 375238, 'regular', 0, 0, '2013-01-30', 1),
(521, NULL, 'changes', 463494, 'regular', 2, 0, NULL, 1),
(522, NULL, 'cyocyu', 67893, 'regular', 2, 0, NULL, 1),
(523, 'daniD93', 'daniIG', 1067299, 'regular', 0, 0, '2013-01-24', 1),
(524, 'UnderSRL', 'dark2013', 566725, 'regular', 0, 0, '2013-01-31', 1),
(525, NULL, 'DECOSTAR', 333399, 'regular', 2, 0, NULL, 1),
(526, 'filelist11', 'filelist111', 458117, 'regular', 2, 0, '2011-07-27', 1),
(527, 'Floris79', 'Floris1979Romania', NULL, 'regular', 0, 0, '2012-09-16', 1),
(528, NULL, 'GeorgeClaudiu1994', 464069, 'regular', 2, 0, NULL, 1),
(529, NULL, 'gheorghita', 31756, 'regular', 2, 0, NULL, 1),
(530, NULL, 'greekuuu', 77124, 'regular', 2, 0, NULL, 1),
(531, NULL, 'iPoco', 379759, 'regular', 2, 0, NULL, 1),
(532, 'Jdey0', 'Jdey', 649040, 'regular', 0, 0, '2013-01-20', 1),
(533, NULL, 'joga', 69551, 'regular', 2, 0, NULL, 1),
(534, NULL, 'k3r0s3x', 143260, 'regular', 2, 0, NULL, 1),
(535, 'kyro233', 'kyro', 152251, 'regular', 2, 0, '2013-09-24', 1),
(536, NULL, 'MateRiaLLo', 407003, 'regular', 2, 0, NULL, 1),
(537, NULL, 'mattster93', 252489, 'regular', 2, 0, NULL, 1),
(538, NULL, 'mfcata', 322919, 'regular', 2, 0, NULL, 1),
(539, 'drg.stefan', 'MiNG', 477258, 'regular', 2, 0, '2012-02-01', 1),
(540, NULL, 'MrCarter', 333072, 'regular', 2, 0, NULL, 1),
(541, NULL, 'Omaar', 156447, 'regular', 2, 0, NULL, 1),
(542, NULL, 'ovidyuszz', 157095, 'regular', 2, 0, NULL, 1),
(543, NULL, 'Potera', 429513, 'regular', 2, 0, NULL, 1),
(544, 'axell_2210', 'raimond', 237254, 'regular', 0, 0, '2012-12-11', 1),
(545, 'WOWcristiWOW', 'randyyyy', 92583, 'regular', 0, 0, '2013-02-03', 1),
(546, NULL, 'REda', 390504, 'regular', 2, 0, NULL, 1),
(547, NULL, 'Rostov', 464138, 'regular', 2, 0, NULL, 1),
(548, 'thefenomeno1', 'thefenomeno1', 614535, 'regular', 0, 0, '2012-10-06', 1),
(549, NULL, 'tibigrecu', 122635, 'regular', 2, 0, NULL, 1),
(550, NULL, 'Tksandman', 329887, 'regular', 2, 0, NULL, 1),
(551, 'Trelekus', 'Trelekus', 93970, 'regular', 2, 0, '2011-11-04', 1),
(552, 'VishuMic', 'vishus', 961217, 'regular', 0, 0, '2013-02-20', 1),
(553, 'ghimpe123', 'ghimpe123', 982555, 'regular', 0, 0, '2013-03-22', 1),
(554, 'CuPy1', 'CuPy', 94470, 'regular', 0, 0, '2013-03-20', 1),
(555, 'marrianne_fd', 'marianne', 433763, 'regular', 0, 0, '2013-03-28', 1),
(556, 'IustitaFL', 'Iustitia', 434406, 'regular', 15, 0, '2013-03-28', 1),
(557, 'morbidan', 'morbidan', 477988, 'regular', 0, 0, '2013-04-09', 1),
(558, 'Jok3r0n3', 'Ghereton', 640923, 'regular', 0, 0, '2013-04-02', 1),
(559, 'Usb123s', 'usb123', 690354, 'regular', 0, 0, '2013-05-09', 1),
(560, 'pok3rk1ing', 'cinci1', 299211, 'regular', 0, 0, '2013-05-08', 1),
(561, 'zgtmc2', 'drgak47', 848242, 'regular', 0, 0, '2013-05-14', 1),
(562, 'DnXdEnYx', 'DnXdEnYx', 319990, 'regular', 182, 60, '2012-01-05', 1),
(563, 'the_jok3r999', 'jok3r999', 654215, 'regular', 0, 0, '2012-09-08', 1),
(564, NULL, 'alynkiddxx', 472766, 'regular', 1, 0, NULL, 1),
(565, NULL, 'aveclaudiu21', 301717, 'regular', 1, 0, NULL, 1),
(566, NULL, 'blondu19', 274453, 'regular', 1, 0, NULL, 1),
(567, NULL, 'Bocshy', 114553, 'regular', 1, 0, NULL, 1),
(568, NULL, 'Bosty', 120064, 'regular', 1, 0, NULL, 1),
(569, NULL, 'Catalinfelipe', 159025, 'regular', 1, 0, NULL, 1),
(570, 'ccristianooo', 'ccristianooo', NULL, 'regular', 0, 0, '2012-08-23', 1),
(571, NULL, 'CobrasRO', 281520, 'regular', 1, 0, NULL, 1),
(572, NULL, 'colza', 321530, 'regular', 1, 0, NULL, 1),
(573, NULL, 'crocobarza', NULL, 'regular', 1, 0, NULL, 1),
(574, NULL, 'dannyd7', 248020, 'regular', 1, 0, NULL, 1),
(575, NULL, 'djlucyan', 40010, 'regular', 1, 0, NULL, 1),
(576, NULL, 'Dott', 352165, 'regular', 1, 0, NULL, 1),
(577, NULL, 'HeadHunter', 513016, 'regular', 1, 0, NULL, 1),
(578, 'hypronix', 'hypronix', 142888, 'regular', 1, 0, '2011-12-15', 1),
(579, NULL, 'hzzd', 364291, 'regular', 1, 0, NULL, 1),
(580, NULL, 'ilie88', 303257, 'regular', 1, 0, NULL, 1),
(581, NULL, 'Mus1c8', 476424, 'regular', 1, 0, NULL, 1),
(582, NULL, 'razvanlg', 247975, 'regular', 1, 0, NULL, 1),
(583, NULL, 'Redmarkrmk', 215457, 'regular', 1, 0, NULL, 1),
(584, NULL, 'replayzor', 12444, 'regular', 1, 0, NULL, 1),
(585, 'Robertinio96', 'Robertinio96', 980281, 'regular', 1, 0, '2012-06-28', 1),
(586, NULL, 'Sebbas', 76072, 'regular', 1, 0, NULL, 1),
(587, NULL, 'SkullDemon', 150691, 'regular', 1, 0, NULL, 1),
(588, NULL, 'SpRstR', 494716, 'regular', 1, 0, NULL, 1),
(589, 'sbttt', 'subit', 280848, 'regular', 1, 0, '2011-10-13', 1),
(590, NULL, 'TDK94', 222207, 'regular', 1, 0, NULL, 1),
(591, NULL, 'thedarkmen', 270202, 'regular', 1, 0, NULL, 1),
(592, 'zbebe91', 'TheGuardian', 177291, 'regular', 1, 0, '2011-07-21', 1),
(593, NULL, 'tontul', 262064, 'regular', 1, 0, NULL, 1),
(594, NULL, 'trazuu', 252835, 'regular', 1, 0, NULL, 1),
(595, NULL, 'tzibrishooor', 286020, 'regular', 1, 0, NULL, 1),
(596, NULL, 'visaninho', 57162, 'regular', 1, 0, NULL, 1),
(597, NULL, 'VRossi46', 277442, 'regular', 1, 0, NULL, 1),
(598, NULL, 'whattheworldwillnevertake', 309036, 'regular', 1, 0, NULL, 1),
(599, NULL, 'WhooKidMihai', 311361, 'regular', 1, 0, NULL, 1),
(600, 'yomisimie', 'yomisimie', 535297, 'regular', 1, 0, '2011-08-03', 1),
(601, 'Ciprilik', 'Ciprilik', 341876, 'regular', 0, 0, '2011-08-17', 1),
(602, 'geobosss', 'georgika', 511274, 'regular', 59, 250, '2011-09-09', 1),
(603, 'relyus', 'relyus', 478678, 'regular', 279, 0, '2011-07-20', 1),
(604, NULL, 'iHORRO', 462775, 'regular', 0, 25, NULL, 1),
(605, 'kastorynho', 'KastoR', 481148, 'regular', 0, 15, '2012-01-13', 1),
(607, 'Dannyto69', '8800GTX', 1073070, 'regular', 0, 0, '2012-11-28', 1),
(608, 'Raresian', 'acelasi', 414999, 'regular', 0, 0, '2011-08-03', 1),
(609, 'cozy103', 'ACH', 670884, 'regular', 0, 0, '2012-11-21', 1),
(610, NULL, 'Adiy91', 334737, 'regular', 0, 0, NULL, 1),
(611, 'SovereignRO', 'ady93c', 85799, 'regular', 0, 0, '2012-09-22', 1),
(612, NULL, 'AdyHax', 350829, 'regular', 0, 0, NULL, 1),
(613, NULL, 'adyultras', 35136, 'regular', 0, 0, NULL, 1),
(614, 'alecsutzu91', 'alecsutzu91', 229222, 'regular', 0, 0, '2012-09-25', 1),
(615, 'Pinkman007', 'Alexine', 196758, 'regular', 0, 0, '2011-11-26', 1),
(616, 'alexis tex', 'alexis tex', 278272, 'regular', 0, 0, '2012-10-11', 1),
(617, NULL, 'alexutz09', 383702, 'regular', 0, 0, NULL, 1),
(618, 'Bumtzi.90', 'alexVcatalina', 727423, 'regular', 0, 0, '2013-01-30', 1),
(619, 'skullzor1970', 'alinadm', 212174, 'regular', 0, 0, '2012-10-29', 1),
(620, 'andreiu16', 'andrei3790', 375603, 'regular', 0, 0, '2011-12-11', 1),
(621, NULL, 'andreiii93', 426205, 'regular', 0, 0, NULL, 1),
(622, 'Perv10', 'andreim10', 700102, 'regular', 0, 0, '2012-09-26', 1),
(623, 'andrewjulyan', 'andrewjulyan', 683424, 'regular', 0, 0, '2012-10-09', 1),
(624, NULL, 'Apacer', 156691, 'regular', 0, 0, NULL, 1),
(625, NULL, 'Assu', 514508, 'regular', 0, 0, NULL, 1),
(626, 'Detectiv3 ', 'Detectiv3 ', 334450, 'regular', 0, 0, NULL, 1),
(627, 'azanarh', 'AzAnArH', 537688, 'regular', 0, 0, '2013-01-08', 1),
(628, 'azandu10', 'azandu10', 310556, 'regular', 0, 0, '2012-11-29', 1),
(629, 'bebelu99', 'bebelu', 118453, 'regular', 0, 0, '2012-11-20', 1),
(630, 'biciusca94', 'biciusca94', 493583, 'regular', 0, 0, '2012-10-09', 1),
(631, 'Maestrul96', 'Bitalau', 809899, 'regular', 0, 0, '2012-11-27', 1),
(632, NULL, 'black86', 232726, 'regular', 0, 0, NULL, 1),
(633, 'BlackLoTuS78', 'BlackLoTuS78', 620, 'regular', 0, 0, '2012-11-01', 1),
(634, 'bobi_cdg', 'bobi7', 1000257, 'regular', 0, 0, '2013-01-22', 1),
(635, 'FCDinADN1948', 'boby_yoghi', 1099436, 'regular', 0, 0, '2012-11-20', 1),
(636, NULL, 'bodoem99', 119348, 'regular', 0, 0, NULL, 1),
(637, 'bologa', 'Bologa', 348075, 'regular', 0, 0, '2012-10-03', 1),
(638, 'vladu123', 'bon3s', 348849, 'regular', 0, 0, '2012-10-07', 1),
(639, 'catalindan87', 'c4t4l1n', 151069, 'regular', 0, 0, '2013-01-03', 1),
(640, 'cam3.FL', 'cam3', 222635, 'regular', 0, 0, '2012-09-11', 1),
(641, 'cata18lin', 'cata18lin', 847270, 'regular', 0, 0, '2012-11-24', 1),
(642, NULL, 'chersinmarian', NULL, 'regular', 0, 0, NULL, 1),
(643, NULL, 'cip89', 286372, 'regular', 0, 0, NULL, 1),
(644, 'Lapte221', 'clau93', 176679, 'regular', 0, 0, '2012-12-03', 1),
(645, NULL, 'cojoman', 114779, 'regular', 0, 0, NULL, 1),
(646, 'skiwiis', 'constantin', 94115, 'regular', 0, 0, '2012-12-13', 1),
(647, NULL, 'costeltonu', 368690, 'regular', 0, 0, NULL, 1),
(648, 'N3v3ral0n3', 'cristi11', 502645, 'regular', 0, 0, '2013-01-31', 1),
(649, 'VIP70', 'cristian660', 595048, 'regular', 0, 0, '2013-01-05', 1),
(650, 'cristianos21', 'cristianos1990', 312750, 'regular', 0, 0, '2012-09-07', 1),
(651, 'Spicediliu', 'cservice', 324831, 'regular', 0, 0, '2012-12-06', 1),
(652, 'dbm.dk', 'd0b3rm4n', 171025, 'regular', 0, 0, '2012-11-27', 1),
(653, 'danezu2pac', 'danezu_2pac', 992786, 'regular', 0, 0, '2012-08-28', 1),
(654, 'danu7y', 'danu7y', 470549, 'regular', 0, 0, '2012-11-21', 1),
(655, 'dariusd79', 'dariusd79', 958242, 'regular', 0, 0, '2012-10-17', 1),
(656, 'davidtumblr', 'DavidPetrache', 416341, 'regular', 0, 0, '2013-01-26', 1),
(657, NULL, 'dio69', 106936, 'regular', 0, 0, NULL, 1),
(658, NULL, 'dizy', 91967, 'regular', 0, 0, NULL, 1),
(659, 'DooN333', 'DooN', 861680, 'regular', 0, 0, '2012-11-25', 1),
(660, NULL, 'Dragoniada', 373480, 'regular', 0, 0, NULL, 1),
(661, NULL, 'Ducanu90', 409644, 'regular', 0, 0, NULL, 1),
(662, 'eddyeheel', 'eddyematador', 892894, 'regular', 0, 0, '2013-01-07', 1),
(663, NULL, 'elenaele', 286398, 'regular', 0, 0, NULL, 1),
(664, 'elnino2018', 'elnino20', 638746, 'regular', 0, 0, '2012-11-12', 1),
(665, 'emilsimira', 'emil31', 1074874, 'regular', 0, 0, '2012-11-30', 1),
(666, 'Rujiicaa', 'emotion1995', 514010, 'regular', 0, 0, '2012-11-29', 1),
(667, NULL, 'EnQuiZ', 497142, 'regular', 0, 0, NULL, 1),
(668, 'Florinense', 'EulLiric17', 485440, 'regular', 0, 0, '2012-09-27', 1),
(669, 'Lemurianu20', 'exemplar18', 732826, 'regular', 0, 0, '2012-10-11', 1),
(670, 'failb0xxx', 'failb0x', 1028461, 'regular', 0, 0, '2012-12-16', 1),
(671, NULL, 'fankerboi', 365445, 'regular', 0, 0, NULL, 1),
(672, 'FloriNNN23', 'FloriNNN23', 533456, 'regular', 0, 0, '2012-11-02', 1),
(673, 'mixed209', 'FlorinSalamREGELE', 1027849, 'regular', 0, 0, '2012-09-26', 1),
(674, 'frederikooo', 'frederikooo', 81995, 'regular', 0, 0, '2012-11-06', 1),
(675, 'Gaboncz', 'Gaboncz', 1010903, 'regular', 0, 0, '2012-09-26', 1),
(676, 'indianu82', 'gabulas', 352648, 'regular', 0, 0, '2012-09-29', 1),
(677, 'GacheCrist68', 'Gache95', 1060951, 'regular', 0, 0, '2013-01-08', 1),
(678, 'GkY202', 'gagici', 357723, 'regular', 0, 0, '2013-01-18', 1),
(679, 'gamerul', 'bgM', 317430, 'regular', 0, 0, '2012-12-03', 1),
(680, 'georgesandu1', 'georgesandu1', 322710, 'regular', 0, 0, '2012-09-26', 1),
(681, NULL, 'GrasuTm', 171917, 'regular', 0, 0, NULL, 1),
(682, 'dinamo450', 'grecu', 680837, 'regular', 0, 0, '2012-10-15', 1),
(683, NULL, 'guale', 478551, 'regular', 0, 0, NULL, 1),
(684, 'guzu2', 'guuzu', 488542, 'regular', 0, 0, '2012-09-25', 1),
(685, 'hanucatalin', 'hanucatalin', 459621, 'regular', 0, 0, '2013-01-04', 1),
(686, 'AdyX100', 'Hellas', 286493, 'regular', 0, 0, '2012-09-29', 1),
(687, NULL, 'horatiu95', 432029, 'regular', 0, 0, NULL, 1),
(688, 'Hun3R91', 'Hunt3R91', 223873, 'regular', 0, 0, '2012-10-06', 1),
(689, 'iannyman01', 'iannyman', 558694, 'regular', 0, 0, '2013-02-02', 1),
(690, 'icewizard333', 'icewizard333', 195893, 'regular', 0, 0, '2012-11-14', 1),
(691, 'Imbry', 'Imbry', NULL, 'regular', 0, 0, '2012-09-19', 1),
(692, NULL, 'ionutzz727', 470946, 'regular', 0, 0, NULL, 1),
(693, 'Shad00w', 'ionyy', 455025, 'regular', 0, 0, '2012-08-29', 1),
(694, NULL, 'Italianul', 496037, 'regular', 0, 0, NULL, 1),
(695, 'ThinFold', 'ecstasyman', 1022881, 'regular', 0, 0, NULL, 1),
(696, 'jilaveanu79', 'jilaveanu1979', 726465, 'regular', 0, 0, '2012-10-30', 1),
(697, 'justyn22', 'justyn22', 192323, 'regular', 0, 0, '2012-10-30', 1),
(698, 'upbiz', 'Juvie22', 516099, 'regular', 0, 0, '2012-08-28', 1),
(699, 'zaanderr', 'klaus4', 382944, 'regular', 0, 0, '2012-12-01', 1),
(700, 'kosmin09', 'kosmin007', 516321, 'regular', 0, 0, '2012-10-08', 1),
(701, NULL, 'l3utzu', 183606, 'regular', 0, 0, NULL, 1),
(702, 'Nightwolf_bv', 'Lakertown', 375533, 'regular', 0, 0, '2012-10-03', 1),
(703, 'LeBron952', 'LeBron87', 233282, 'regular', 0, 0, '2013-01-02', 1),
(704, 'smoke_flow89', 'leontica', 243895, 'regular', 0, 0, '2013-01-05', 1),
(705, NULL, 'LilWeezy', 476936, 'regular', 0, 0, NULL, 1),
(706, 'TeamzReal', 'lion7', 1103041, 'regular', 0, 0, '2012-11-29', 1),
(707, 'Palabl00d', 'Llegolas', 478606, 'regular', 0, 0, '2013-01-11', 1),
(708, 'luigy666', 'Luciann', 468762, 'regular', 0, 0, '2013-01-25', 1),
(709, 'Lurker311', 'lurker31', 577793, 'regular', 0, 0, '2012-12-04', 1),
(710, 'C03US', 'mada15', 270917, 'regular', 0, 0, '2013-02-04', 1),
(711, 'iosif76', 'magnific91', 1095127, 'regular', 0, 0, '2012-11-27', 1),
(712, 'KalenzoZzio', 'MaisterOrigin', NULL, 'regular', 0, 0, '2012-09-15', 1),
(713, 'Malasorte16', 'Malasorte', 528232, 'regular', 0, 0, '2012-10-06', 1),
(714, 'maniaflorin', 'mania_swift', 506876, 'regular', 0, 0, '2012-11-18', 1),
(715, NULL, 'Manuu92', 232180, 'regular', 0, 0, NULL, 1),
(716, 'Many1974', 'Many', 482674, 'regular', 0, 0, '2012-11-20', 1),
(717, 'PokrKidDream', 'max242009', 393415, 'regular', 0, 0, '2012-10-04', 1),
(718, 'marianix1995', 'marianbruma', 609008, 'regular', 0, 0, '2012-08-22', 1),
(719, 'marinescuadi', 'marinescuadi', 980682, 'regular', 0, 0, '2012-11-01', 1),
(720, 'nanomuku', 'mariusno1990', 520300, 'regular', 0, 0, '2012-09-28', 1),
(721, 'mastercretu', 'mastercretu', 675331, 'regular', 0, 0, '2012-10-30', 1),
(722, NULL, 'masterix', 292792, 'regular', 0, 0, NULL, 1),
(723, 'amarildo2070', 'matei418', 91770, 'regular', 0, 0, '2013-01-13', 1),
(724, NULL, 'Maverik15', 493580, 'regular', 0, 0, NULL, 1),
(725, NULL, 'mdmmdm', 384216, 'regular', 0, 0, NULL, 1),
(726, 'gotkffs', 'mINimaL93', 459185, 'regular', 0, 0, '2012-10-05', 1),
(727, 'miriboy', 'miriboy', 295900, 'regular', 0, 0, NULL, 1),
(728, NULL, 'mityalex', 505775, 'regular', 0, 0, NULL, 1),
(729, 'Mnmll_89', 'Mnml', 586633, 'regular', 0, 0, '2012-11-24', 1),
(730, 'mocanuth', 'mocanuth', 504484, 'regular', 0, 0, '2012-11-23', 1),
(731, NULL, 'My92hay', 193847, 'regular', 0, 0, NULL, 1),
(732, 'myuse', 'myuser', 1054719, 'regular', 0, 0, '2012-09-29', 1),
(733, 'Nazgkul', 'Nazgkul', 494254, 'regular', 0, 0, '2012-06-14', 1),
(734, NULL, 'Negatiw', 356378, 'regular', 0, 0, NULL, 1),
(735, NULL, 'Numbyy', 995474, 'regular', 0, 0, NULL, 1),
(736, 'OldBoy91', 'OldBoy', 802781, 'regular', 0, 0, '2012-10-14', 1),
(737, 'alexflorea13', 'onytzza', 674609, 'regular', 0, 0, '2013-01-29', 1),
(738, 'Otostaroto', 'Otostaroto', 897434, 'regular', 0, 0, '2012-11-02', 1);
INSERT INTO `players` (`player_id`, `name_pokerstars`, `name_filelist`, `id_filelist`, `member_type`, `initial_accumulated_points`, `initial_spent_points`, `join_date`, `is_member_of_club`) VALUES
(739, 'oTToEm', 'oTToEm', 891710, 'regular', 0, 0, '2012-11-03', 1),
(740, 'ovidiu05', 'ovidiu05', 533593, 'regular', 0, 0, NULL, 1),
(741, 'Ovidiu Steff', 'ovidiusteffan', 5619774, 'regular', 0, 0, '2012-09-11', 1),
(742, NULL, 'petru94petru94', 338605, 'regular', 0, 0, NULL, 1),
(743, NULL, 'pimpx', 235043, 'regular', 0, 0, NULL, 1),
(744, 'Radu315', 'Pjanovic', 383517, 'regular', 0, 0, '2012-11-17', 1),
(745, 'LuckyN7Star', 'Playmaker77', 536046, 'regular', 0, 0, '2012-11-15', 1),
(746, 'poloneo8', 'Poloneo2', 703130, 'regular', 0, 0, '2013-09-21', 1),
(747, 'protoalex01', 'protoalex', 643283, 'regular', 0, 0, '2012-10-31', 1),
(749, NULL, 'r3albobby', 384917, 'regular', 0, 0, NULL, 1),
(750, 'Twister670', 'Raavi', 353841, 'regular', 0, 0, '2012-10-05', 1),
(751, 'RealMadri166', 'RealMadrid2011', 506220, 'regular', 0, 0, '2012-09-14', 1),
(752, 'RedJohn0824', 'RedJohn0824', 1074844, 'regular', 0, 0, '2012-11-01', 1),
(753, NULL, 'residentt', 473818, 'regular', 0, 0, NULL, 1),
(754, 'evildeeds17', 'Robertt93', 270156, 'regular', 0, 0, '2012-08-19', 1),
(755, '17RONALD0', 'RONALDO', 1105711, 'regular', 0, 0, '2012-11-27', 1),
(756, NULL, 'ronet', 291997, 'regular', 0, 0, NULL, 1),
(757, 'Saitheone', 'Saitheone', 508965, 'regular', 0, 0, '2012-11-11', 1),
(758, 'saloman1921', 'saloman', 339028, 'regular', 0, 0, '2012-09-27', 1),
(759, 'GeorgeGGS', 'sandorgeorge', 547658, 'regular', 0, 0, '2012-11-26', 1),
(760, 'Santos00-TVD', 'Santos000', 481298, 'regular', 0, 0, '2013-01-15', 1),
(761, NULL, 'sebysin', 239070, 'regular', 0, 0, NULL, 1),
(762, 'serjoo90', 'serj90', 465477, 'regular', 0, 0, '2012-11-30', 1),
(763, NULL, 'SGO', 396345, 'regular', 0, 0, NULL, 1),
(764, 'Shogwon', 'shogwon98', 521884, 'regular', 0, 0, '2012-11-23', 1),
(765, NULL, 'shooter2bad', 293101, 'regular', 0, 0, NULL, 1),
(766, NULL, 'sicilianul', 281207, 'regular', 0, 0, NULL, 1),
(767, 'SilverRock25', 'SilverRock', 183560, 'regular', 0, 0, '2012-11-12', 1),
(768, NULL, 'silviu9221', 201872, 'regular', 0, 0, NULL, 1),
(769, '$tar$1994', 'sorinioan', 47702, 'regular', 0, 0, '2013-01-10', 1),
(770, NULL, 'spike992', 378185, 'regular', 0, 0, NULL, 1),
(771, 'leizevlad', 'starliciouss', 319977, 'regular', 0, 0, '2012-10-13', 1),
(772, NULL, 'TalibanuHD', 482864, 'regular', 0, 0, NULL, 1),
(773, 'Tanutzu', 'tano', 28532, 'regular', 0, 0, '2013-09-30', 1),
(774, 'ValiRO92', 'TheJoker23', 466348, 'regular', 0, 0, '2013-09-30', 1),
(775, 'Cline963', 'TheLichKing', 241567, 'regular', 0, 0, '2012-09-17', 1),
(776, NULL, 'thoa', 374024, 'regular', 0, 0, NULL, 1),
(777, NULL, 'tMk', 89, 'regular', 0, 0, NULL, 1),
(778, 'tudor2454', 'tud0r24', 1037246, 'regular', 0, 0, '2012-12-21', 1),
(779, 'tomashini', 'user', 54993, 'regular', 0, 0, '2012-12-20', 1),
(780, 'buriaj', 'victoryno', 862135, 'regular', 0, 0, '2013-01-15', 1),
(781, NULL, 'Vlad132', 328640, 'regular', 0, 0, NULL, 1),
(782, 'un1q10', 'VR6', 375043, 'regular', 0, 0, '2012-09-20', 1),
(783, 'ziprianu', 'vudu', 218830, 'regular', 0, 0, '2011-09-26', 1),
(784, 'vyrusake', 'vyrusake', 668934, 'regular', 0, 0, '2012-10-04', 1),
(785, NULL, 'wadeionut', 135343, 'regular', 0, 0, NULL, 1),
(786, 'wenitzer06', 'wenitzer', 538628, 'regular', 0, 0, NULL, 1),
(787, 'wo0t1923', 'wo0t', 514378, 'regular', 0, 0, '2012-10-15', 1),
(788, 'wraithdesign', 'wraithdesigner', NULL, 'regular', 0, 0, '2012-09-05', 1),
(789, NULL, 'xy', 54724, 'regular', 0, 0, NULL, 1),
(790, 'yoboss2000', 'yoboss2000', 449894, 'regular', 0, 0, '2013-01-30', 1),
(791, NULL, 'YonutzCR7', 480071, 'regular', 0, 0, NULL, 1),
(792, 'QzDeLL', 'zonebronx', 194191, 'regular', 0, 0, '2012-11-25', 1),
(793, 'GiRo14', 'GiRo', 470673, 'regular', 0, 0, '2011-12-13', 1),
(794, 'w2kclan', 'suspect34', 838822, 'regular', 0, 0, '2013-02-16', 1),
(795, 'Mitzoo91', 'Reactor', 11943, 'regular', 0, 0, '2013-02-24', 1),
(796, 'Gaara.Ak47', 'ShocKwave7', 743417, 'regular', 0, 0, '2013-03-02', 1),
(797, 'schummyy', 'schummyy', 375356, 'regular', 0, 0, '2013-03-01', 1),
(798, 'twtykois', 'twtykois', 173550, 'regular', 0, 0, '2013-02-28', 1),
(799, 'claudiu.guzu', 'guuzu', 994767, 'regular', 0, 0, '2013-03-08', 1),
(800, 'v.gabriel94', '6843783282', 645315, 'regular', 0, 0, NULL, 1),
(801, 'Duraloo', 'vipermaryan', 211293, 'regular', 0, 0, '2013-03-05', 1),
(802, 'PerfectStyl3', 'PerfectStyle', 643211, 'regular', 0, 0, '2013-03-05', 1),
(803, 'robertino129', 'dworak', 674554, 'regular', 0, 0, '2013-03-15', 1),
(804, 'pisu.adr', 'shadowadiRomania', 544949, 'regular', 0, 0, NULL, 1),
(805, 'sorin010', 'killer50cent', 522098, 'regular', 0, 0, '2013-03-27', 1),
(806, 'miky2510', 'miky25', 275713, 'regular', 0, 0, '2013-03-26', 1),
(807, 'bogdan.fds', 'NemeSyno', 250929, 'regular', 0, 0, '2013-03-31', 1),
(808, 'CristianV13', 'CristianV', 388884, 'regular', 0, 0, '2013-04-11', 1),
(809, 'Teo_193', 'bublex', 282411, 'regular', 0, 0, '2013-04-09', 1),
(810, 'Sheptica', 'ghorn', 128826, 'regular', 0, 0, '2013-04-08', 1),
(811, 'mariusradu4', 'mariusradu4', 1119919, 'regular', 0, 0, '2013-04-09', 1),
(812, 'PaulTalent', 'PaulTalent', 1120237, 'regular', 0, 0, NULL, 1),
(813, 'Mr.AfroHead', 'Adelin001', 958962, 'regular', 0, 0, '2013-04-18', 1),
(814, 'AxL1885', 'Xboxpitbull', 894148, 'regular', 0, 0, '2013-05-01', 1),
(815, 'stormfury', 'Stormfury', 85500, 'regular', 0, 0, NULL, 1),
(816, 'Mr.Oliver11', 'IonutAlex18', 743135, 'regular', 0, 0, '2013-05-07', 1),
(817, 'Weyd', 'Newcastle', 663636, 'regular', 0, 0, '2013-05-10', 1),
(818, 'Rares008', 'rookie', 336894, 'regular', 0, 0, '2013-05-10', 1),
(819, 'beswaax', 'RasAlGhul', 1120509, 'regular', 0, 0, '2013-05-11', 1),
(820, 'niklaus21', 'IPwnYouCry', 569293, 'regular', 0, 0, '2013-05-16', 1),
(821, 'faniknastasa', 'faniknastasa', 1121239, 'regular', 0, 0, '2013-05-22', 1),
(822, 'PROkidpok3r', 'justconfusion', 362799, 'regular', 0, 0, '2013-06-04', 1),
(823, 'mihai441', 'mihai441', 929528, 'regular', 0, 0, '2013-06-01', 1),
(824, 'florinho12', 'florinho12', 342555, 'regular', 0, 0, '2013-06-10', 1),
(825, 'oberica', 'ober', 659637, 'regular', 0, 0, '2013-06-10', 1),
(826, 'optimus777', 'ionut_bv', 689154, 'regular', 0, 0, '2012-09-21', 1),
(827, 'thebm93', 'bm93', 371451, 'regular', 0, 0, '2013-06-24', 1),
(828, 'A.deyu9', 'andrey_deyu94', 876649, 'regular', 0, 0, '2013-09-19', 1),
(829, 'flokenson', 'flokenson', 343482, 'regular', 0, 0, '2013-06-28', 1),
(830, 'TacheNZ1', 'TacheN1', 598067, 'regular', 0, 0, '2013-06-27', 1),
(831, 'Alexynyo13', 'Alexynyo1', 627116, 'regular', 0, 0, '2013-06-01', 1),
(832, 'Mocton', 'marcotigru', 449614, 'regular', 0, 0, '2013-06-06', 1),
(833, 'cristemar308', 'georgi_ever10', 691176, 'regular', 0, 0, '2013-07-02', 1),
(834, 'bosdanyx', 'bosdanyx', 45095, 'regular', 0, 0, '2013-06-29', 1),
(835, 'iBl3nd', 'iBl3nd', 602873, 'regular', 0, 0, '2013-07-06', 1),
(836, 'izKlaus', 'iTzKlaus', 218394, 'regular', 0, 0, '2013-07-11', 1),
(837, 'SociopathFL', 'Sociopath', 689303, 'regular', 0, 0, '2013-07-04', 1),
(838, 'Adytzu088', 'zizu111', 859827, 'regular', 0, 0, '2013-07-16', 1),
(839, 'Grimmjow08', 'Grimmjow06', 951382, 'regular', 0, 0, '2013-07-16', 1),
(840, '~ex1t-s~', 'exitstef92', 518216, 'regular', 0, 0, '2013-07-18', 1),
(841, NULL, 'adymondialu93', 424574, 'regular', -1, 0, NULL, 1),
(842, NULL, 'C1prY', 479636, 'regular', -1, 0, NULL, 1),
(843, NULL, 'player7k', 358220, 'regular', -1, 0, NULL, 1),
(845, NULL, 'thegodoftorrents', 308331, 'regular', -1, 0, NULL, 1),
(846, NULL, 'MataoanuGABRIEL', 485881, 'regular', -2, 0, NULL, 1),
(847, NULL, 'th1nk', 118745, 'regular', -2, 0, NULL, 1),
(848, 'Fabuloasa', 'Amelie', 135182, 'regular', -4, 0, '2012-01-07', 1),
(849, 'Lexynus', 'All3xz', 380345, 'regular', 0, 0, '2013-07-26', 1),
(850, 'bonvolo', 'bonvolo', 266900, 'regular', 0, 0, '2013-07-25', 1),
(851, 'georgycaz', 'georgycaz', 482870, 'regular', 0, 0, '2013-07-25', 1),
(852, 'mihaipsturcu', 'mihaiturcu93', 896174, 'regular', 0, 0, '2013-07-27', 1),
(853, 'SASEASASINI', 'SASEASASINI', 489475, 'regular', 0, 0, '2013-08-05', 1),
(854, 'klausmaster1', 'celmaimareboss', 824493, 'regular', 0, 0, '2013-08-01', 1),
(855, 'MtsMrsSrn', 'MariusCopac', 566282, 'regular', 0, 0, '2013-08-06', 1),
(856, 'McKenZy23', 'SenseY23', 505915, 'regular', 0, 0, '2013-08-12', 1),
(857, 'otelaru10', 'ionutzk', 207343, 'regular', 0, 0, '2013-08-14', 1),
(858, 'Raton66621', 'redforcecs', 250624, 'regular', 0, 0, '2013-08-13', 1),
(859, 'Comi001', 'serban001', 472705, 'regular', 0, 0, '2013-07-27', 1),
(860, 'V12DnD', 'siclo', 48019, 'regular', 0, 0, '2013-08-18', 1),
(861, 'snniperxxa', 'snniperxxa', 783063, 'regular', 0, 0, '2013-08-18', 1),
(862, 'Coxtin90', 'Coxtin', 195650, 'regular', 0, 0, '2013-08-17', 1),
(863, 'Atenus14', 'Atenus14', 468220, 'regular', 0, 0, '2013-08-20', 1),
(864, 'littlemanfl', 'littleman', 618998, 'regular', 0, 0, '2013-08-19', 1),
(865, 'catalin28c', 'catalin28c', 832143, 'regular', 0, 0, '2013-08-17', 1),
(866, 'Edinson980', 'BlEetT', 644856, 'regular', 0, 0, '2013-08-20', 1),
(867, 'CanibalCorps', 'emacica', 574935, 'regular', 0, 0, '2013-08-25', 1),
(868, 'Tysek10', 'Mycky08', 282654, 'regular', 0, 0, '2013-08-21', 1),
(869, 'paul194570', 'quiksilver09', 322700, 'regular', 0, 0, '2013-08-25', 1),
(870, 'adytza0808', 'adytza98', 580951, 'regular', 0, 0, '2013-08-25', 1),
(871, 'MrrrrTony', 'Mrrrr', 211583, 'regular', 0, 0, '2013-08-28', 1),
(872, 'aLLy0506', 'hussein121', 269450, 'regular', 0, 0, '2013-08-27', 1),
(873, 'klileru', 'kilerusteaua', 1030619, 'regular', 0, 0, '2013-09-03', 1),
(874, 'toxikzor', 'toxikzorRomania', 475349, 'regular', 0, 0, '2013-09-04', 1),
(875, 'bysqit93', 'bysquit3', 818102, 'regular', 0, 0, '2013-09-05', 1),
(876, 'Gyckeqq', 'Gycke', 1123609, 'regular', 0, 0, '2013-09-08', 1),
(877, 'Heavensentx', 'Heavensent', 542666, 'regular', 0, 0, '2013-09-08', 1),
(878, 'XPanTerX', 'PanTer', 1049476, 'regular', 0, 0, '2013-09-09', 1),
(879, 'Gabone-FL', 'gabyREVINE', 323759, 'regular', 0, 0, '2013-09-15', 1),
(880, 'Edmilson4', 'EDm1LsoN', 381016, 'regular', 0, 0, '2013-09-12', 1),
(881, 'K3chaO', 'K3chaO', 588612, 'regular', 0, 0, '2013-09-12', 1),
(882, 'preddator ss', 'preddator', 761399, 'regular', 0, 0, '2013-09-19', 1),
(883, 'F4nNy23', 'miufanel', 781254, 'regular', 0, 0, '2013-09-21', 1),
(884, 'sebylaw', 'sebyshadow', 708159, 'regular', 0, 0, '2013-10-06', 1),
(885, 'Durtrim', 'sserjyone', 351206, 'regular', 0, 0, '2013-10-06', 1),
(886, 'kenzo1991', 'Kenzo', 434475, 'regular', 0, 0, '2013-10-06', 1),
(887, 'Victor94S', 'casper', 357178, 'regular', 0, 0, '2013-10-06', 1),
(888, 'samivama', 'samivama', 1120884, 'regular', 0, 0, '2013-10-01', 1),
(889, 'sik26', 'alexmessy', 1122435, 'regular', 0, 0, '2013-10-08', 1),
(890, 'FILIP_CL', 'filipCL', 396905, 'regular', 0, 0, '2013-10-09', 1),
(891, 'bawbaw24', 'bawbaw24', 450165, 'regular', 0, 0, '2013-10-09', 1),
(892, 'marius1ka', 'Baird', 241364, 'regular', 0, 0, '2013-10-09', 1),
(893, 'YoMaryus18', 'YoMaryus', 1124593, 'regular', 0, 0, '2013-10-12', 1),
(894, 'flaviufcd', 'flaviu1234flaviu', 497649, 'regular', 0, 0, '2012-06-27', 1),
(895, 'fulalin', 'yoalin', 853596, 'regular', 0, 0, '2013-10-13', 1),
(896, 'omnyada', 'omnya98', 1125327, 'regular', 0, 0, '2013-10-15', 1),
(897, 'Mindfuck13', 'Mindfuck', 747232, 'regular', 0, 0, '2013-10-15', 1),
(898, 'Ardxxx', 'daniel_ardx', 684578, 'regular', 0, 0, '2013-08-25', 1),
(899, 'andrei197017', 'd17091970', 802382, 'regular', 0, 0, '2013-10-22', 1),
(900, 'laaaurentiu', 'gnerex2', 594424, 'regular', 0, 0, '2013-10-24', 1),
(901, 'icyu9', 'kewly', 404740, 'regular', 0, 0, '2013-10-31', 1),
(902, 'mepionu', 'mepionu', 99941, 'regular', 0, 0, '2013-10-31', 1),
(903, 'cncosmin', 'cncosmin', 854412, 'regular', 0, 0, '2013-11-02', 1),
(904, 'ALEX_rey', 'alexstelistu95', 1125817, 'regular', 0, 0, '2013-11-05', 1),
(905, 'Kse7en7', 'Kseven', 67718, 'regular', 0, 0, '2013-11-05', 1),
(906, 'adelu806', 'adrian2', 720825, 'regular', 0, 0, '2013-11-05', 1),
(907, 'D4N3L93', 'ManiackMFD', 173360, 'regular', 0, 0, '2013-11-08', 1),
(908, 'dracmic', 'dracmic', 274248, 'regular', 0, 0, '2013-11-05', 1),
(909, 'gugucris', 'gugucoca', 560600, 'regular', 0, 0, '2013-11-01', 1),
(910, 'DeFuZe_MW2', 'Alberto94', 173340, 'regular', 0, 0, '2013-11-14', 1),
(911, 'verdey2000', 'joker199', 1124179, 'regular', 0, 0, '2013-12-10', 1),
(912, 'Ubisoft_fl', 'Ubisoft', 1126452, 'regular', 0, 0, '2013-11-26', 1),
(913, 'CostyZZZ', 'Lil_wizzy94', 515778, 'regular', 0, 0, '2013-11-28', 1),
(914, 'scorpion13th', 'fardetrabant', 341381, 'regular', 0, 0, '2013-12-03', 1),
(915, 'alexandrukol', 'alexandrukol93', 1125778, 'regular', 0, 0, '2013-12-03', 1),
(916, 'Dennys9107', 'lovingDenis', 355029, 'regular', 0, 0, '2013-12-07', 1),
(917, 'bad_wolf250', 'Joker_ccu', 1127166, 'regular', 0, 0, '2013-12-07', 1),
(918, 'AMG * Freakz', 'AMG13', 714936, 'regular', 0, 0, '2013-12-17', 1),
(919, 'valeria.2014', 'martupanca', 414195, 'regular', 0, 0, '2013-12-23', 1),
(920, 'SMihaitza', 'PiXxX', 7593078, 'regular', 0, 0, '2013-12-26', 1),
(921, 'Syncpp', 'FragersCreative', 462612, 'regular', 0, 0, '2014-01-02', 1),
(922, 'ZUZU1308', 'Zuzu1308', 1128790, 'regular', 0, 0, '2014-01-09', 1),
(923, 'YelllouClaw', 'mielubuc', 710274, 'regular', 0, 0, '2014-01-12', 1),
(924, 'kristh507', 'Kristh', 987135, 'regular', 0, 0, '2014-01-12', 1),
(925, 'Cojoc@riuFlx', 'cojocariufl', 885037, 'regular', 0, 0, '2014-01-23', 1),
(926, 'shuz89', 'ayase', 217841, 'regular', 0, 0, '2014-01-30', 1),
(927, 'Senzatiefac', 'bgeo', 536569, 'regular', 0, 0, '2014-01-30', 1),
(928, 'czfrn', 'florinx', 34342, 'regular', 0, 0, '2014-01-30', 1),
(929, 'yooooo28', 'yooooo28', 8323168, 'regular', 0, 0, '2014-01-30', 1),
(930, 'rebelzone21', 'rebelzone21', 860194, 'regular', 0, 0, '2014-01-30', 1),
(931, '2xf_viorel', 'fviorel', 1115194, 'regular', 0, 0, '2014-01-05', 1),
(932, 'andreyka3008', 'amfisa', 643991, 'regular', 0, 0, '2014-01-31', 1),
(933, 'ProAlecks', 'ElectronicBoy11', 538227, 'regular', 0, 0, '2014-01-09', 1),
(934, 'RaduCGeorge', 'RaduGeorgee', 1122678, 'regular', 0, 0, '2014-01-10', 1),
(935, 'ReluTM', 'relucu88', 957133, 'regular', 0, 0, '2014-02-15', 1),
(936, 'Warrchief', 'Idy', 596210, 'regular', 0, 0, '2014-02-18', 1),
(937, 'Crsbanimaker', 'KCristian', 591803, 'regular', 0, 0, '2014-02-25', 1),
(938, 'TommelRO', 'Tommel', 461838, 'regular', 0, 0, '2014-02-28', 1),
(939, 'CocorMarian', 'Yuukimaru', 892239, 'regular', 0, 0, '2014-03-04', 1),
(940, 'CryGhostCry', 'GhostCry', 311970, 'regular', 0, 0, '2014-03-12', 1),
(941, 'Stresszu', 'raygner', 166991, 'regular', 0, 0, '2014-03-15', 1),
(942, 'a3dess', 'a3dess', 343640, 'regular', 0, 0, '2014-02-18', 1),
(943, 'pokerstarlle', 'lucianman11', 546726, 'regular', 0, 0, '2014-03-25', 1),
(944, 'EagleC95', 'catalin100000', 452288, 'regular', 0, 0, '2014-03-26', 1),
(945, 'Lord.Alex9', 'PopShop', 1128440, 'regular', 0, 0, '2014-04-09', 1),
(946, '47zmeu', 'george93bb', 923564, 'regular', 0, 0, '2014-03-18', 1),
(947, 'DUDU130788', 'madlain', 405323, 'regular', 0, 0, '2014-03-31', 1),
(948, 'wickeddog69', 'wickeddog', 323950, 'regular', 0, 0, '2014-04-06', 1),
(949, 'BlueGun11', 'andrey0510', 593179, 'regular', 0, 0, '2014-04-18', 1),
(950, 'pop.nicolae9', 'popnicolae', 702483, 'regular', 0, 0, '2014-04-23', 1),
(951, 'andreiromani', 'fifacs09', 438048, 'regular', 0, 0, '2014-04-28', 1),
(952, 'SirFish77', 'splashqw', 346273, 'regular', 0, 0, '2014-05-04', 1),
(953, 'D1g1TaL888', 'adana10', 887741, 'regular', 0, 0, '2014-05-12', 1),
(954, 'y0nut77', 'y0nutzz', 221897, 'regular', 0, 0, '2014-05-12', 1),
(955, 'xenonzilla22', 'x3nNoN', 104330, 'regular', 0, 0, '2014-05-15', 1),
(956, 'visadinho123', 'visadi', 264989, 'regular', 0, 0, '2014-05-16', 1),
(957, 'auryk4bitza', 'auryk4bitza', 729912, 'regular', 0, 0, '2014-05-17', 1),
(958, 'popa17', 'popaionel17021979', 1088311, 'regular', 0, 0, '2014-05-17', 1),
(959, 'Marchisio666', 'Emirates', 1113159, 'regular', 0, 0, '2014-05-18', 1),
(960, 'sorin2407', 'sorin_smekeru', 1120691, 'regular', 0, 0, '2014-05-29', 1),
(961, 'KataLin.12', 'Mandra000', 484455, 'regular', 0, 0, '2014-06-06', 1),
(962, 'dnx_ros', 'denis1996', 792145, 'regular', 0, 0, '2014-06-08', 1),
(963, 'coovmi', 'jersey9', 852947, 'regular', 0, 0, '2014-06-27', 1),
(964, 'Cobr@_fl', 'Cobra', 477210, 'regular', 0, 0, '2014-06-27', 1),
(965, 'dodolinhio', 'dodolinhio', 93858, 'regular', 0, 0, '2014-06-30', 1),
(966, 'eQu!|!br!uM', 'I27A', 1038493, 'regular', 0, 0, '2014-07-27', 1),
(967, 'kritiquews', 'THIEF1', 556821, 'regular', 0, 0, '2014-08-02', 1),
(968, 'Glontz10', 'Glontz10', 686627, 'regular', 0, 0, '2014-08-04', 1),
(969, 'MaryaBucur', 'MaryaBucur', 1135074, 'regular', 0, 0, '2014-08-05', 1),
(970, 'Shortcut1234', 'Shortcut1234', 826281, 'regular', 0, 0, '2014-08-12', 1),
(971, 'Malefico76 ', 'DlNimeni', 1135133, 'regular', 0, 0, '2014-08-14', 1),
(972, 'flavius056', 'ALFw0w', 518645, 'regular', 0, 0, '2014-08-19', 1),
(973, 'cobrachris10', 'CobraChris', 1133990, 'regular', 0, 0, '2014-08-28', 1),
(974, 'DependenTT', 'DependenTT', 1138670, 'regular', 0, 0, '2014-09-04', 1),
(975, 'LittUp_FL', 'Litt', 1135739, 'regular', 0, 0, '2014-09-04', 1),
(976, 'Grz.Alin', 'bymba4u', 1012874, 'regular', 0, 0, '2014-09-08', 1),
(977, 'RaZvYxXx7', 'RaZvYxXx', 1138790, 'regular', 0, 0, '2014-09-09', 1),
(978, 'Clapeyr0n09', 'dragonfly', 179125, 'regular', 0, 0, '2014-09-11', 1),
(979, 'andreiSwat', 'BivolaruDK', 319286, 'regular', 0, 0, '2014-09-12', 1),
(980, 'Scriebliz', 'Blizing', 597005, 'regular', 0, 0, '2014-09-12', 1),
(981, 'ALLStaR301', 'IovanovSava', 1193532, 'regular', 0, 0, '2014-09-15', 1),
(982, 'Po|sonLord', 'PoIsonLord', 1210413, 'regular', 0, 0, '2014-09-17', 1),
(983, 'xXDonJonXx', 'DonJon', 1144780, 'regular', 0, 0, '2014-09-17', 1),
(984, 'CatalinFi', 'gforce', 114208, 'regular', 0, 0, '2014-09-17', 1),
(985, 'angheluta1st', 'DANIELw', 431434, 'regular', 0, 0, '2014-09-19', 1),
(986, 'harciog70', 'HARCIOG70', 1135474, 'regular', 0, 0, '2014-09-21', 1),
(987, '712ronny712', 'roby712', 389717, 'regular', 0, 0, '2014-09-28', 1),
(988, '5abu', '5abu', 1151527, 'regular', 0, 0, '2014-09-28', 1),
(989, 'justkain2014', 'justkain', 323226, 'regular', 0, 0, '2014-10-16', 1),
(990, 'belicosus', 'handleman', 907616, 'regular', 0, 0, '2014-10-17', 1),
(991, 'WuNsar', 'WuNsar', 491664, 'regular', 0, 0, '2014-11-20', 1),
(992, 'adytza2812', 'adytza2812', 430814, 'regular', 0, 0, '2015-01-01', 1),
(993, 'insomNia9215', 'coLors92', 614211, 'regular', 0, 0, '2015-01-02', 1),
(994, 'WulfStrike', 'LaOu', 442974, 'regular', 0, 0, '2015-01-13', 1),
(995, 'BlueMix20', 'szili666', 1199271, 'regular', 0, 0, '2015-01-27', 1),
(996, 'nicusorhd', 'niko7', 1205803, 'regular', 0, 0, '2015-01-29', 1),
(997, '0ut0fMercy', 'Ryno', 209587, 'regular', 0, 0, '2015-01-29', 1),
(998, 'NavayoFFS', 'DiabloSsj3', 654039, 'regular', 0, 0, '2015-01-29', 1),
(999, 'Sibby1994', 'Razvy14', 290062, 'regular', 0, 0, '2015-02-10', 1),
(1000, 'mireltrufin', 'mireltrufin', 1078028, 'regular', 0, 0, '2015-02-11', 1),
(1001, 'DogeTorrent', 'DogeTorrent', 1205170, 'regular', 0, 0, '2015-02-12', 1),
(1002, 'bchris93', 'Crystyanooo', 89130, 'regular', 0, 0, '2015-02-12', 1),
(1003, 'tinika20', 'tinika20', 1155181, 'regular', 0, 0, '2015-02-17', 1),
(1004, 'bailando211', 'master100', 966363, 'regular', 0, 0, '2015-03-01', 1),
(1005, 'nariam17', 'nariam17', 1215653, 'regular', 0, 0, '2015-03-04', 1),
(1006, 'Mecooh', 'mecooh', 1169492, 'regular', 0, 0, '2015-03-22', 1),
(1007, 'alin.stelist', 'Alynzizu', 1136816, 'regular', 0, 0, '2015-03-25', 1),
(1008, 'MariuS3092', 'dEzAsTeRcstrike', 316360, 'regular', 0, 0, '2015-03-26', 1),
(1009, 'ValiM476', 'AdrianoKaka22', 413195, 'regular', 0, 0, '2015-03-26', 1),
(1010, 'lawpokerstd', 'Bocascity', 601695, 'regular', 0, 0, '2015-04-01', 1),
(1011, 'darky20757', 'darkii', 353366, 'regular', 0, 0, '2015-04-17', 1),
(1012, 'aldoli75', 'aldoli', 931940, 'regular', 0, 0, '2015-04-28', 1),
(1013, 'A.B.F.23 ', 'Bogzoiu23', 935642, 'regular', 0, 0, '2015-05-08', 1),
(1014, 'ManuAAM', 'vondutch', 494622, 'regular', 0, 0, '2015-05-08', 1),
(1015, 'pokerhol286', 'xxxfalcoxxx', 1212794, 'regular', 0, 0, '2015-05-11', 1),
(1016, 'FedescuAlexR', 'Al3xbd', 627441, 'regular', 0, 0, '2015-05-14', 1),
(1017, 'LuanLoko22', 'LuanLoko', 1141029, 'regular', 0, 0, '2015-05-22', 1),
(1018, 'godminoS21', 'godminoS', 1087357, 'regular', 0, 0, '2015-05-29', 1),
(1019, 'TARYCel', 'tanasealin', 653711, 'regular', 0, 0, '2015-06-23', 1),
(1020, 'Nairam02', 'Bogzoiu', 666792, 'regular', 0, 0, '2015-07-08', 1);

--
-- Dumping data for table `players_of_the_month`
--

INSERT INTO `players_of_the_month` (`player_of_the_month_id`, `player_id`, `award_month`, `award_year`) VALUES
(1, 3, 1, 2013),
(2, 11, 2, 2013),
(3, 111, 3, 2013),
(4, 3, 4, 2013),
(5, 12, 5, 2013),
(6, 25, 6, 2013),
(7, 10, 7, 2013),
(8, 76, 8, 2013),
(9, 154, 9, 2013),
(10, 133, 10, 2013),
(11, 27, 11, 2013),
(12, 890, 12, 2013),
(13, 840, 1, 2014),
(14, 42, 2, 2014),
(15, 2, 2, 2014),
(16, 116, 3, 2014),
(17, 97, 4, 2014),
(18, 17, 5, 2014),
(19, 2, 6, 2014),
(20, 169, 7, 2014),
(21, 12, 8, 2014),
(22, 169, 9, 2014),
(23, 27, 10, 2014),
(24, 12, 11, 2014),
(25, 27, 12, 2014),
(26, 27, 1, 2015),
(27, 169, 2, 2015),
(28, 52, 3, 2015),
(29, 27, 4, 2015),
(30, 1, 5, 2015),
(31, 27, 6, 2015),
(32, 11, 7, 2015);

--
-- Dumping data for table `prizes`
--

INSERT INTO `prizes` (`prize_id`, `player_id`, `prize`, `cost`, `date_bought`, `prize_type`) VALUES
(1, 2, 'Rebuy Main Event', 5, NULL, 'old'),
(2, 3, 'Permanent VIP', 250, NULL, 'old'),
(3, 5, 'FileList Account Name Change', 80, NULL, 'old'),
(4, 6, 'FileList Account Name Change', 80, NULL, 'old'),
(5, 6, 'FileList Account Name Change', 80, NULL, 'old'),
(6, 7, 'FileList Account Name Change', 80, NULL, 'old'),
(7, 7, 'Rebuy Main Event', 5, NULL, 'old'),
(8, 8, 'Permanent VIP', 250, NULL, 'old'),
(9, 9, 'Warn Removal', 45, NULL, 'old'),
(10, 9, 'Rebuy Main Event', 5, NULL, 'old'),
(11, 10, '100 GB Upload', 25, NULL, 'old'),
(12, 10, '500 GB Upload', 120, NULL, 'old'),
(13, 11, 'Rebuy Main Event', 5, NULL, 'old'),
(14, 11, 'Permanent VIP', 250, NULL, 'old'),
(15, 13, 'Donor Star', 80, NULL, 'old'),
(16, 13, 'FileList Account Name Change', 80, NULL, 'old'),
(17, 14, 'Donor Star', 80, NULL, 'old'),
(18, 17, 'Permanent VIP', 250, NULL, 'old'),
(19, 17, '1TB Upload', 120, NULL, 'old'),
(20, 17, 'Donor Star', 80, NULL, 'old'),
(21, 17, '2 Invitations', 35, NULL, 'old'),
(22, 17, 'Rebuy Main Event', 5, NULL, 'old'),
(23, 20, 'Rebuy Main Event', 5, NULL, 'old'),
(24, 27, 'Permanent VIP', 250, NULL, 'old'),
(25, 27, '8 Invitations', 140, NULL, 'old'),
(26, 30, '1 Invitation', 60, NULL, 'old'),
(27, 30, '4 Invitations', 70, NULL, 'old'),
(28, 34, '2.5 TB Upload', 310, NULL, 'old'),
(29, 34, 'Donor Star', 80, NULL, 'old'),
(30, 36, 'Warn Removal', 45, NULL, 'old'),
(31, 36, 'Avatar Request', 12, NULL, 'old'),
(32, 36, 'Avatar Request', 12, NULL, 'old'),
(33, 43, 'IPT Invitation', 60, NULL, 'old'),
(34, 45, 'Permanent VIP', 250, NULL, 'old'),
(35, 45, 'Donor Star', 80, NULL, 'old'),
(36, 46, 'FileList Account Name Change', 80, NULL, 'old'),
(37, 55, 'FileList Account Name Change', 80, NULL, 'old'),
(38, 61, '1TB Upload', 120, NULL, 'old'),
(39, 61, '4 Invitations', 70, NULL, 'old'),
(40, 66, 'Rebuy Main Event', 5, NULL, 'old'),
(41, 79, '750GB Upload', 115, NULL, 'old'),
(42, 79, 'Donor Star', 80, NULL, 'old'),
(43, 83, '1TB Upload', 120, NULL, 'old'),
(44, 85, 'Permanent VIP', 250, NULL, 'old'),
(45, 91, 'Permanent VIP', 250, NULL, 'old'),
(46, 96, 'Permanent VIP', 250, NULL, 'old'),
(47, 104, 'VIP 6 Months', 100, NULL, 'old'),
(48, 113, '1TB Upload', 120, NULL, 'old'),
(49, 116, 'Donor Star', 80, NULL, 'old'),
(50, 116, 'Rebuy Main Event', 5, NULL, 'old'),
(51, 132, 'Donor Star', 80, NULL, 'old'),
(52, 142, 'Permanent VIP', 250, NULL, 'old'),
(53, 148, '100GB Upload', 25, NULL, 'old'),
(54, 154, 'Donor Star', 80, NULL, 'old'),
(55, 154, 'Rebuy Main Event', 5, NULL, 'old'),
(56, 168, 'Permanent VIP', 250, NULL, 'old'),
(57, 178, 'Donor Star', 80, NULL, 'old'),
(58, 178, 'Rebuy Main Event', 5, NULL, 'old'),
(59, 190, 'Tracker Invitation', 60, NULL, 'old'),
(60, 190, '100GB Upload', 25, NULL, 'old'),
(61, 193, 'Permanent VIP', 250, NULL, 'old'),
(62, 202, '500GB Upload', 120, NULL, 'old'),
(63, 216, 'Permanent VIP', 250, NULL, 'old'),
(64, 235, 'Donor Star', 80, NULL, 'old'),
(65, 235, '500GB Upload', 70, NULL, 'old'),
(66, 241, 'Rebuy Main Event', 5, NULL, 'old'),
(67, 262, 'Donor Star', 150, NULL, 'old'),
(68, 299, 'VIP 6 Months', 100, NULL, 'old'),
(69, 307, '100GB Upload', 25, NULL, 'old'),
(70, 424, 'Avatar Request', 12, NULL, 'old'),
(71, 506, 'Rebuy Main Event', 5, NULL, 'old'),
(72, 506, 'Donor Star', 80, NULL, 'old'),
(73, 562, 'Permanent VIP', 250, NULL, 'old'),
(74, 83, 'Permanent VIP', 400, NULL, 'new'),
(75, 111, 'Permanent VIP', 400, NULL, 'new'),
(76, 121, 'Permanent VIP', 400, NULL, 'new'),
(77, 154, 'Permanent VIP', 400, NULL, 'new'),
(78, 159, 'Permanent VIP', 400, NULL, 'new'),
(79, 212, 'Permanent VIP', 400, NULL, 'new'),
(80, 12, NULL, 200, NULL, 'new'),
(81, 116, 'FileList Account Name Change', 200, NULL, 'new'),
(82, 178, '8 Invitations', 200, NULL, 'new'),
(83, 193, 'FileList Account Name Change', 200, NULL, 'new'),
(84, 63, 'Sending Invitation', 50, NULL, 'new'),
(85, 95, '2 Invitations', 50, NULL, 'new'),
(86, 248, '2 Invitations', 50, NULL, 'new'),
(87, 18, 'Avatar Request', 20, NULL, 'new'),
(88, 506, 'Permanent VIP', 400, NULL, 'new'),
(89, 12, 'Permanent VIP', 400, '2013-08-16', 'new'),
(90, 18, 'Permanent VIP', 400, '2013-09-01', 'new'),
(91, 21, 'Permanent VIP', 400, '2013-09-27', 'new'),
(92, 603, NULL, 250, NULL, 'new'),
(93, 603, 'Donor Star', 150, NULL, 'new'),
(94, 602, 'Donor Star', 150, NULL, 'new'),
(95, 24, 'Permanent VIP', 400, '2013-09-29', 'new'),
(96, 37, 'VIP 6 months', 250, '2013-09-29', 'new'),
(97, 883, '100 GB Upload', 40, '2013-10-02', 'new'),
(98, 136, '250 GB Upload', 60, '2013-10-06', 'new'),
(99, 18, '2 Invitations', 50, '2013-10-09', 'new'),
(100, 248, '2 Invitations', 50, '2013-10-26', 'new'),
(101, 50, '1 TB Upload', 200, '2013-10-31', 'new'),
(102, 27, '2 TB Upload', 300, '2013-11-01', 'new'),
(103, 76, 'Permanent VIP', 400, '2013-11-01', 'new'),
(104, 10, '1 TB Upload', 200, '2013-11-05', 'new'),
(105, 32, 'Permanent VIP', 400, '2013-11-05', 'new'),
(106, 15, 'Permanent VIP', 400, '2013-11-07', 'new'),
(107, 25, 'Permanent VIP', 400, '2013-11-13', 'new'),
(108, 20, 'Permanent VIP', 400, '2013-11-23', 'new'),
(109, 154, 'FileList Account Name Change', 200, '2013-12-17', 'new'),
(110, 45, 'FileList Account Name Change', 200, '2013-12-21', 'new'),
(111, 169, 'Permanent VIP', 400, '2014-01-15', 'new'),
(112, 16, 'Permanent VIP', 400, '2014-01-17', 'new'),
(113, 12, 'FileList Account Name Change', 200, '2014-01-22', 'new'),
(114, 840, 'Permanent VIP', 400, '2014-02-01', 'new'),
(115, 10, '2 TB Upload', 300, '2014-02-09', 'new'),
(116, 18, '2 Invitations', 50, '2014-02-24', 'new'),
(117, 77, 'FileList Account Name Change', 200, '2014-02-26', 'new'),
(119, 511, '1 TB Upload', 200, '2014-03-22', 'new'),
(120, 204, '2 TB Upload', 300, '2014-04-02', 'new'),
(121, 182, '100 GB Upload', 40, '2014-04-06', 'new'),
(122, 1, '6 TB Upload', 900, '2014-04-09', 'new'),
(123, 248, '2 Invitations', 50, '2014-04-13', 'new'),
(124, 880, 'Invitation on private external tracker', 100, '2014-04-18', 'new'),
(125, 37, 'Invitation on private external tracker', 100, '2014-04-18', 'new'),
(126, 33, '2 TB Upload', 300, '2014-04-18', 'new'),
(127, 175, '2 TB Upload', 300, '2014-04-30', 'new'),
(128, 12, 'Invitation on private external tracker', 130, '2014-05-01', 'new'),
(129, 283, '500 GB Upload', 150, '2014-05-09', 'new'),
(130, 896, 'Invitation on private external tracker', 100, '2014-05-16', 'new'),
(131, 98, '500 GB Upload', 150, '2014-05-24', 'new'),
(132, 53, 'VIP for 40 days', 350, '2014-05-27', 'new'),
(133, 133, 'Invitation on private external tracker', 100, '2014-06-17', 'new'),
(134, 83, '2 TB Upload', 300, '2014-06-27', 'new'),
(135, 12, '2 TB Upload', 300, '2014-07-06', 'new'),
(136, 3, '2 Invitations', 100, '2014-07-18', 'new'),
(137, 169, '2 TB Upload', 300, '2014-08-01', 'new'),
(138, 17, '4 TB Upload', 600, '2014-08-15', 'new'),
(139, 17, 'Invitation on private external tracker', 130, '2014-08-15', 'new'),
(141, 169, '2 Invitations', 100, '2014-09-02', 'new'),
(142, 204, '250 GB Upload', 120, '2014-09-02', 'new'),
(143, 34, '4 TB Upload', 600, '2014-09-02', 'new'),
(144, 79, '2 TB Upload', 300, '2014-09-02', 'new'),
(145, 79, '2 Invitations', 100, '2014-09-02', 'new'),
(146, 97, 'VIP for 40 days', 350, '2014-09-02', 'new'),
(147, 97, 'Invitation of private external tracker', 130, '2014-09-02', 'new'),
(148, 96, '500 GB Upload', 150, '2014-09-02', 'new'),
(149, 154, '2 TB Upload', 300, '2014-09-02', 'new'),
(150, 59, '2 TB Upload', 300, '2014-09-02', 'new'),
(151, 59, '2 Invitations', 100, '2014-09-02', 'new'),
(152, 102, '100GB Upload', 90, '2014-10-31', 'new'),
(153, 966, '500 GB Upload', 150, '2014-11-16', 'new'),
(154, 93, '500 GB Upload', 150, '2014-12-18', 'new'),
(155, 141, '500 GB Upload', 150, '2015-01-26', 'new'),
(156, 861, '500 GB Upload', 150, '2015-02-07', 'new'),
(157, 930, '250 GB Upload', 120, '2015-02-10', 'new'),
(158, 969, 'Trimitere unei invitatii', 100, '2015-03-01', 'new'),
(159, 169, '2 TB Upload', 300, '2015-03-01', 'new'),
(160, 175, '2 TB Upload', 300, '2015-03-22', 'new'),
(161, 97, 'VIP for 40 days', 350, '2015-04-17', 'new'),
(162, 1003, 'Trimiterea unei invitati', 100, '2015-04-28', 'new'),
(163, 12, '2 TB Upload', 300, '2015-04-29', 'new'),
(164, 12, '2 invitatii pe cont', 100, '2015-04-29', 'new'),
(165, 971, '2 TB Upload', 300, '2015-06-01', 'new'),
(166, 204, '2 TB Upload', 300, '2015-07-10', 'new'),
(167, 930, '500 Gb upload', 150, '2015-07-16', 'new'),
(168, 11, '24 de invitatii', 1200, '2015-07-22', 'new'),
(169, 976, 'Trimiterea unei invitatii', 100, '2015-07-22', 'new'),
(170, 16, '2 invitatii', 100, '2015-07-25', 'new');

--
-- Dumping data for table `results`
--

INSERT INTO `results` (`player_id`, `tournament_id`, `points`, `position`) VALUES
(3, 1, 5, 16),
(4, 1, 14, 7),
(7, 1, 19, 2),
(17, 1, 13, 8),
(31, 1, 2, 19),
(36, 1, 20, 1),
(37, 1, 18, 3),
(43, 1, 15, 6),
(55, 1, 16, 5),
(56, 1, 8, 13),
(74, 1, 7, 14),
(93, 1, 12, 9),
(154, 1, 3, 18),
(163, 1, 10, 11),
(178, 1, 4, 17),
(209, 1, 11, 10),
(216, 1, 6, 15),
(235, 1, 17, 4),
(377, 1, 9, 12),
(570, 1, 1, 20),
(1, 2, 21, 3),
(3, 2, 1, 23),
(4, 2, 12, 12),
(8, 2, 23, 1),
(10, 2, 17, 7),
(26, 2, 16, 8),
(29, 2, 3, 21),
(34, 2, 20, 4),
(36, 2, 14, 10),
(37, 2, 2, 22),
(40, 2, 19, 5),
(42, 2, 15, 9),
(43, 2, 4, 20),
(51, 2, 7, 17),
(54, 2, 5, 19),
(61, 2, 22, 2),
(67, 2, 10, 14),
(79, 2, 6, 18),
(111, 2, 8, 16),
(116, 2, 9, 15),
(154, 2, 18, 6),
(187, 2, 13, 11),
(351, 2, 11, 13),
(1, 3, 12, 7),
(4, 3, 15, 4),
(5, 3, 10, 9),
(8, 3, 1, 18),
(17, 3, 7, 12),
(24, 3, 17, 2),
(27, 3, 8, 11),
(29, 3, 4, 15),
(31, 3, 11, 8),
(34, 3, 18, 1),
(36, 3, 3, 16),
(79, 3, 6, 13),
(83, 3, 14, 5),
(116, 3, 16, 3),
(121, 3, 9, 10),
(154, 3, 13, 6),
(441, 3, 5, 14),
(602, 3, 2, 17),
(4, 4, 12, 16),
(5, 4, 26, 8),
(7, 4, 14, 14),
(10, 4, 18, 12),
(11, 4, 28, 7),
(17, 4, 4, 20),
(26, 4, 38, 2),
(30, 4, 20, 11),
(31, 4, 30, 6),
(34, 4, 24, 9),
(36, 4, 8, 18),
(47, 4, 16, 13),
(55, 4, 38, 3),
(80, 4, 10, 17),
(85, 4, 32, 5),
(113, 4, 22, 10),
(132, 4, 34, 4),
(136, 4, 6, 19),
(159, 4, 2, 21),
(165, 4, 14, 15),
(178, 4, 40, 1),
(1, 5, 7, 19),
(3, 5, 13, 13),
(10, 5, 6, 20),
(11, 5, 5, 21),
(19, 5, 12, 14),
(26, 5, 17, 9),
(29, 5, 16, 10),
(30, 5, 24, 2),
(34, 5, 21, 5),
(36, 5, 22, 4),
(44, 5, 2, 24),
(47, 5, 10, 16),
(66, 5, 4, 22),
(83, 5, 15, 11),
(96, 5, 19, 7),
(124, 5, 3, 23),
(149, 5, 11, 15),
(153, 5, 9, 17),
(154, 5, 14, 12),
(173, 5, 18, 8),
(178, 5, 25, 1),
(187, 5, 1, 25),
(190, 5, 8, 18),
(202, 5, 20, 6),
(235, 5, 23, 3),
(4, 6, 23, 1),
(6, 6, 11, 13),
(7, 6, 4, 20),
(8, 6, 9, 15),
(10, 6, 22, 2),
(11, 6, 21, 3),
(16, 6, 7, 17),
(17, 6, 5, 19),
(26, 6, 18, 6),
(29, 6, 14, 10),
(31, 6, 20, 4),
(43, 6, 13, 11),
(67, 6, 2, 22),
(76, 6, 3, 21),
(79, 6, 12, 12),
(83, 6, 15, 9),
(116, 6, 10, 14),
(132, 6, 8, 16),
(159, 6, 19, 5),
(173, 6, 1, 23),
(235, 6, 16, 8),
(280, 6, 6, 18),
(299, 6, 17, 7),
(5, 7, 4, 21),
(6, 7, 13, 13),
(8, 7, 12, 14),
(10, 7, 1, 24),
(13, 7, 14, 12),
(17, 7, 10, 16),
(24, 7, 25, 2),
(32, 7, 27, 1),
(34, 7, 17, 9),
(35, 7, 18, 8),
(47, 7, 24, 3),
(55, 7, 11, 15),
(61, 7, 6, 19),
(79, 7, 2, 23),
(83, 7, 8, 17),
(93, 7, 7, 18),
(96, 7, 22, 4),
(104, 7, 19, 7),
(111, 7, 5, 20),
(142, 7, 15, 11),
(154, 7, 20, 6),
(206, 7, 21, 5),
(235, 7, 3, 22),
(562, 7, 16, 10),
(1, 8, 22, 5),
(2, 8, 9, 18),
(4, 8, 5, 22),
(5, 8, 19, 8),
(8, 8, 25, 2),
(10, 8, 23, 4),
(13, 8, 17, 10),
(17, 8, 10, 17),
(27, 8, 18, 9),
(34, 8, 11, 16),
(44, 8, 4, 23),
(47, 8, 14, 13),
(51, 8, 15, 12),
(55, 8, 21, 6),
(62, 8, 7, 20),
(64, 8, 3, 24),
(76, 8, 6, 21),
(79, 8, 8, 19),
(92, 8, 12, 15),
(93, 8, 16, 11),
(116, 8, 24, 3),
(178, 8, 26, 1),
(235, 8, 2, 25),
(506, 8, 13, 14),
(562, 8, 20, 7),
(563, 8, 1, 26),
(4, 9, 12, 16),
(7, 9, 1, 27),
(10, 9, 5, 23),
(11, 9, 2, 26),
(16, 9, 15, 13),
(17, 9, 8, 20),
(27, 9, 14, 14),
(29, 9, 17, 11),
(30, 9, 20, 8),
(32, 9, 13, 15),
(34, 9, 21, 7),
(41, 9, 10, 18),
(51, 9, 24, 4),
(61, 9, 4, 24),
(64, 9, 27, 1),
(67, 9, 9, 19),
(83, 9, 11, 17),
(93, 9, 22, 6),
(96, 9, 19, 9),
(104, 9, 3, 25),
(121, 9, 26, 2),
(130, 9, 25, 3),
(154, 9, 18, 10),
(193, 9, 6, 22),
(195, 9, 16, 12),
(203, 9, 7, 21),
(506, 9, 23, 5),
(2, 10, 6, 23),
(4, 10, 9, 20),
(5, 10, 22, 8),
(7, 10, 1, 28),
(8, 10, 7, 22),
(11, 10, 14, 15),
(13, 10, 13, 16),
(17, 10, 12, 17),
(24, 10, 5, 24),
(27, 10, 8, 21),
(34, 10, 19, 10),
(37, 10, 10, 19),
(44, 10, 29, 1),
(47, 10, 11, 18),
(79, 10, 28, 2),
(83, 10, 25, 5),
(88, 10, 15, 14),
(103, 10, 3, 26),
(113, 10, 2, 27),
(159, 10, 16, 13),
(178, 10, 26, 4),
(195, 10, 21, 9),
(199, 10, 4, 25),
(202, 10, 18, 11),
(205, 10, 23, 7),
(212, 10, 17, 12),
(242, 10, 24, 6),
(307, 10, 27, 3),
(1, 11, 3, 26),
(3, 11, 26, 4),
(8, 11, 1, 29),
(10, 11, 14, 15),
(11, 11, 19, 11),
(15, 11, 18, 12),
(17, 11, 6, 23),
(21, 11, 15, 14),
(24, 11, 24, 6),
(28, 11, 25, 5),
(31, 11, 17, 13),
(34, 11, 20, 10),
(36, 11, 2, 27),
(42, 11, 10, 19),
(47, 11, 7, 22),
(79, 11, 21, 9),
(83, 11, 22, 8),
(91, 11, 8, 21),
(93, 11, 27, 3),
(109, 11, 2, 28),
(127, 11, 4, 25),
(130, 11, 5, 24),
(138, 11, 29, 1),
(187, 11, 23, 7),
(197, 11, 13, 16),
(212, 11, 9, 20),
(307, 11, 12, 17),
(350, 11, 11, 18),
(562, 11, 28, 2),
(4, 12, 15, 14),
(8, 12, 28, 1),
(10, 12, 21, 8),
(11, 12, 25, 4),
(21, 12, 3, 26),
(26, 12, 23, 6),
(31, 12, 22, 7),
(34, 12, 20, 9),
(37, 12, 8, 21),
(42, 12, 6, 23),
(47, 12, 10, 19),
(51, 12, 14, 15),
(64, 12, 9, 20),
(74, 12, 1, 28),
(79, 12, 19, 10),
(83, 12, 27, 2),
(96, 12, 2, 27),
(103, 12, 13, 16),
(109, 12, 16, 13),
(119, 12, 12, 17),
(124, 12, 24, 5),
(126, 12, 4, 25),
(138, 12, 26, 3),
(148, 12, 18, 11),
(178, 12, 17, 12),
(348, 12, 11, 18),
(397, 12, 7, 22),
(562, 12, 5, 24),
(1, 13, 23, 5),
(2, 13, 14, 14),
(3, 13, 10, 18),
(4, 13, 24, 4),
(5, 13, 1, 27),
(7, 13, 17, 11),
(10, 13, 9, 19),
(15, 13, 22, 6),
(16, 13, 5, 23),
(17, 13, 6, 22),
(21, 13, 20, 8),
(26, 13, 15, 13),
(27, 13, 26, 2),
(36, 13, 8, 20),
(39, 13, 18, 10),
(53, 13, 13, 15),
(61, 13, 12, 16),
(62, 13, 27, 1),
(67, 13, 3, 25),
(92, 13, 2, 26),
(115, 13, 16, 12),
(116, 13, 4, 24),
(129, 13, 25, 3),
(142, 13, 21, 7),
(153, 13, 11, 17),
(154, 13, 7, 21),
(202, 13, 19, 9),
(5, 14, 3, 26),
(8, 14, 26, 3),
(11, 14, 21, 8),
(15, 14, 11, 18),
(17, 14, 13, 16),
(24, 14, 14, 15),
(27, 14, 8, 21),
(32, 14, 19, 10),
(34, 14, 16, 13),
(37, 14, 15, 14),
(42, 14, 12, 17),
(45, 14, 10, 19),
(47, 14, 27, 2),
(61, 14, 6, 23),
(85, 14, 25, 4),
(91, 14, 23, 6),
(101, 14, 4, 25),
(116, 14, 7, 22),
(124, 14, 24, 5),
(142, 14, 18, 11),
(149, 14, 5, 24),
(153, 14, 17, 12),
(178, 14, 28, 1),
(199, 14, 20, 9),
(212, 14, 22, 7),
(229, 14, 9, 20),
(307, 14, 1, 28),
(548, 14, 2, 27),
(2, 15, 15, 13),
(4, 15, 21, 7),
(7, 15, 25, 3),
(8, 15, 24, 4),
(11, 15, 16, 12),
(17, 15, 14, 14),
(28, 15, 18, 10),
(32, 15, 3, 25),
(34, 15, 22, 6),
(36, 15, 2, 26),
(42, 15, 13, 15),
(43, 15, 19, 9),
(45, 15, 20, 8),
(53, 15, 11, 17),
(63, 15, 5, 23),
(70, 15, 1, 27),
(74, 15, 23, 5),
(79, 15, 26, 2),
(83, 15, 6, 22),
(92, 15, 10, 18),
(103, 15, 4, 24),
(115, 15, 12, 16),
(119, 15, 17, 11),
(154, 15, 7, 21),
(199, 15, 9, 19),
(203, 15, 27, 1),
(506, 15, 8, 20),
(4, 16, 15, 10),
(6, 16, 9, 16),
(10, 16, 12, 13),
(13, 16, 2, 23),
(26, 16, 16, 9),
(28, 16, 1, 24),
(34, 16, 3, 22),
(36, 16, 23, 2),
(47, 16, 21, 4),
(51, 16, 18, 7),
(63, 16, 10, 15),
(64, 16, 22, 3),
(67, 16, 11, 14),
(74, 16, 8, 17),
(89, 16, 7, 18),
(96, 16, 5, 20),
(117, 16, 17, 8),
(119, 16, 20, 5),
(121, 16, 24, 1),
(149, 16, 19, 6),
(235, 16, 14, 11),
(295, 16, 13, 12),
(384, 16, 4, 21),
(506, 16, 6, 19),
(2, 17, 17, 12),
(4, 17, 23, 6),
(6, 17, 25, 4),
(7, 17, 13, 16),
(8, 17, 26, 3),
(15, 17, 16, 13),
(17, 17, 9, 20),
(21, 17, 2, 27),
(27, 17, 10, 19),
(28, 17, 3, 26),
(30, 17, 28, 1),
(31, 17, 8, 21),
(42, 17, 21, 8),
(45, 17, 1, 28),
(74, 17, 7, 22),
(83, 17, 14, 15),
(91, 17, 22, 7),
(121, 17, 15, 14),
(132, 17, 24, 5),
(154, 17, 27, 2),
(202, 17, 19, 10),
(212, 17, 18, 11),
(295, 17, 4, 25),
(299, 17, 20, 9),
(309, 17, 5, 24),
(342, 17, 12, 17),
(408, 17, 6, 23),
(603, 17, 11, 18),
(1, 18, 22, 9),
(2, 18, 27, 4),
(3, 18, 30, 1),
(4, 18, 8, 23),
(6, 18, 11, 20),
(8, 18, 4, 27),
(9, 18, 15, 16),
(10, 18, 21, 10),
(11, 18, 17, 14),
(16, 18, 3, 28),
(17, 18, 12, 19),
(20, 18, 24, 7),
(21, 18, 10, 21),
(24, 18, 25, 6),
(27, 18, 28, 3),
(31, 18, 16, 15),
(45, 18, 29, 2),
(47, 18, 13, 18),
(53, 18, 20, 11),
(55, 18, 2, 29),
(79, 18, 6, 25),
(101, 18, 19, 12),
(111, 18, 5, 26),
(116, 18, 26, 5),
(130, 18, 23, 8),
(178, 18, 9, 22),
(202, 18, 14, 17),
(258, 18, 7, 24),
(299, 18, 18, 13),
(506, 18, 1, 30),
(3, 19, 4, 24),
(4, 19, 9, 19),
(6, 19, 27, 1),
(8, 19, 6, 22),
(16, 19, 18, 10),
(17, 19, 26, 2),
(20, 19, 22, 6),
(21, 19, 13, 15),
(27, 19, 17, 11),
(32, 19, 5, 23),
(34, 19, 2, 26),
(36, 19, 11, 17),
(46, 19, 15, 13),
(55, 19, 20, 8),
(66, 19, 1, 27),
(79, 19, 16, 12),
(91, 19, 12, 16),
(96, 19, 8, 20),
(104, 19, 21, 7),
(116, 19, 19, 9),
(125, 19, 25, 3),
(132, 19, 14, 14),
(138, 19, 7, 21),
(212, 19, 23, 5),
(243, 19, 24, 4),
(251, 19, 10, 18),
(472, 19, 3, 25),
(4, 20, 15, 8),
(6, 20, 10, 13),
(8, 20, 18, 5),
(10, 20, 4, 19),
(11, 20, 11, 12),
(13, 20, 7, 16),
(17, 20, 13, 10),
(20, 20, 1, 22),
(26, 20, 21, 2),
(27, 20, 22, 1),
(31, 20, 12, 11),
(32, 20, 8, 15),
(45, 20, 20, 3),
(91, 20, 5, 18),
(104, 20, 17, 6),
(116, 20, 9, 14),
(117, 20, 2, 21),
(125, 20, 16, 7),
(142, 20, 19, 4),
(197, 20, 6, 17),
(235, 20, 3, 20),
(506, 20, 14, 9),
(4, 21, 15, 9),
(6, 21, 3, 21),
(7, 21, 17, 7),
(10, 21, 14, 10),
(11, 21, 16, 8),
(13, 21, 18, 6),
(17, 21, 6, 18),
(21, 21, 8, 16),
(32, 21, 20, 4),
(42, 21, 5, 19),
(45, 21, 22, 2),
(52, 21, 1, 23),
(65, 21, 4, 20),
(85, 21, 11, 13),
(99, 21, 13, 11),
(104, 21, 19, 5),
(125, 21, 23, 1),
(129, 21, 12, 12),
(159, 21, 9, 15),
(212, 21, 10, 14),
(244, 21, 21, 3),
(328, 21, 7, 17),
(384, 21, 2, 22),
(1, 23, 2, NULL),
(4, 23, 1, NULL),
(6, 23, 3, NULL),
(9, 23, 2, NULL),
(17, 23, 1, NULL),
(24, 23, 2, NULL),
(30, 23, 2, NULL),
(34, 23, 1, NULL),
(36, 23, 3, NULL),
(40, 23, 2, NULL),
(53, 23, 5, NULL),
(56, 23, 2, NULL),
(65, 23, -2, NULL),
(66, 23, 1, NULL),
(67, 23, 2, NULL),
(83, 23, 1, NULL),
(85, 23, 3, NULL),
(116, 23, 2, NULL),
(119, 23, 16, NULL),
(125, 23, 13, NULL),
(154, 23, 2, NULL),
(159, 23, 12, NULL),
(170, 23, 6, NULL),
(178, 23, -2, NULL),
(179, 23, 5, NULL),
(190, 23, 2, NULL),
(199, 23, 3, NULL),
(299, 23, 2, NULL),
(3, 24, 6, 21),
(4, 24, 11, 16),
(7, 24, 19, 8),
(8, 24, 13, 14),
(10, 24, 10, 17),
(11, 24, 14, 13),
(13, 24, 3, 24),
(16, 24, 2, 25),
(17, 24, 21, 6),
(21, 24, 15, 12),
(26, 24, 20, 7),
(40, 24, 12, 15),
(42, 24, 17, 10),
(45, 24, 23, 4),
(69, 24, 5, 22),
(79, 24, 24, 3),
(83, 24, 16, 11),
(85, 24, 22, 5),
(92, 24, 4, 23),
(105, 24, 7, 20),
(132, 24, 9, 18),
(178, 24, 18, 9),
(190, 24, 25, 2),
(251, 24, 8, 19),
(506, 24, 26, 1),
(603, 24, 1, 26),
(3, 25, 20, 7),
(4, 25, 6, 21),
(6, 25, 10, 17),
(8, 25, 24, 3),
(10, 25, 17, 10),
(13, 25, 1, 26),
(15, 25, 4, 23),
(17, 25, 8, 19),
(26, 25, 18, 9),
(27, 25, 21, 6),
(28, 25, 16, 11),
(36, 25, 14, 13),
(45, 25, 23, 4),
(56, 25, 9, 18),
(61, 25, 19, 8),
(76, 25, 5, 22),
(79, 25, 15, 12),
(96, 25, 25, 2),
(132, 25, 11, 16),
(138, 25, 3, 24),
(159, 25, 2, 25),
(212, 25, 22, 5),
(235, 25, 7, 20),
(299, 25, 12, 15),
(332, 25, 13, 14),
(506, 25, 26, 1),
(6, 26, 10, 21),
(9, 26, 29, 2),
(10, 26, 12, 19),
(13, 26, 20, 11),
(17, 26, 27, 4),
(20, 26, 9, 22),
(26, 26, 5, 26),
(31, 26, 7, 24),
(32, 26, 2, 29),
(46, 26, 19, 12),
(61, 26, 6, 25),
(76, 26, 23, 8),
(83, 26, 30, 1),
(91, 26, 21, 10),
(92, 26, 16, 15),
(111, 26, 14, 17),
(119, 26, 17, 14),
(178, 26, 26, 5),
(182, 26, 25, 6),
(193, 26, 13, 18),
(202, 26, 24, 7),
(216, 26, 28, 3),
(219, 26, 1, 30),
(235, 26, 4, 27),
(258, 26, 8, 23),
(287, 26, 18, 13),
(299, 26, 11, 20),
(315, 26, 15, 16),
(490, 26, 3, 28),
(506, 26, 22, 9),
(1, 27, 25, 4),
(4, 27, 2, 27),
(6, 27, 22, 7),
(8, 27, 5, 24),
(10, 27, 12, 17),
(11, 27, 11, 18),
(13, 27, 13, 16),
(17, 27, 26, 3),
(24, 27, 15, 14),
(30, 27, 1, 28),
(31, 27, 14, 15),
(36, 27, 6, 23),
(43, 27, 10, 19),
(46, 27, 3, 26),
(55, 27, 21, 8),
(61, 27, 9, 20),
(64, 27, 17, 12),
(74, 27, 27, 2),
(83, 27, 8, 21),
(105, 27, 20, 9),
(154, 27, 16, 13),
(178, 27, 24, 5),
(184, 27, 19, 10),
(216, 27, 18, 11),
(223, 27, 28, 1),
(258, 27, 7, 22),
(458, 27, 4, 25),
(603, 27, 23, 6),
(10, 32, 15, 5),
(13, 32, 4, 17),
(17, 32, 8, 12),
(21, 32, 16, 4),
(26, 32, 3, 18),
(53, 32, 9, 11),
(56, 32, 10, 10),
(77, 32, 7, 13),
(79, 32, 18, 2),
(83, 32, 12, 8),
(96, 32, 13, 7),
(104, 32, 5, 15),
(135, 32, 14, 6),
(141, 32, 6, 14),
(176, 32, 19, 1),
(216, 32, 11, 9),
(235, 32, 17, 3),
(501, 32, 1, 21),
(544, 32, 2, 19),
(1, 33, 5, 22),
(6, 33, 13, 11),
(8, 33, 11, 13),
(10, 33, 8, 18),
(11, 33, 7, 19),
(13, 33, 9, 17),
(26, 33, 17, 7),
(28, 33, 18, 6),
(32, 33, 4, 23),
(39, 33, 1, 27),
(83, 33, 6, 21),
(117, 33, 14, 10),
(135, 33, 20, 4),
(138, 33, 3, 24),
(142, 33, 15, 9),
(175, 33, 16, 8),
(176, 33, 19, 5),
(193, 33, 12, 12),
(202, 33, 2, 26),
(208, 33, 23, 1),
(212, 33, 10, 14),
(235, 33, 21, 3),
(506, 33, 22, 2),
(2, 34, 11, 14),
(6, 34, 5, 21),
(9, 34, 17, 8),
(17, 34, 23, 2),
(21, 34, 18, 7),
(30, 34, 12, 13),
(31, 34, 2, 24),
(32, 34, 8, 17),
(42, 34, 3, 23),
(43, 34, 13, 12),
(47, 34, 1, 25),
(61, 34, 10, 15),
(83, 34, 15, 10),
(111, 34, 6, 20),
(117, 34, 19, 6),
(122, 34, 22, 3),
(159, 34, 14, 11),
(175, 34, 7, 19),
(190, 34, 16, 9),
(193, 34, 21, 4),
(212, 34, 20, 5),
(215, 34, 9, 16),
(264, 34, 4, 22),
(9, 35, 19, 2),
(17, 35, 9, 14),
(24, 35, 8, 16),
(27, 35, 16, 5),
(34, 35, 7, 17),
(46, 35, 18, 3),
(52, 35, 14, 8),
(53, 35, 15, 7),
(61, 35, 12, 10),
(70, 35, 1, 23),
(105, 35, 3, 21),
(135, 35, 10, 12),
(154, 35, 20, 1),
(175, 35, 4, 20),
(176, 35, 11, 11),
(193, 35, 17, 4),
(212, 35, 2, 22),
(335, 35, 13, 9),
(426, 35, 5, 19),
(603, 35, 6, 18),
(2, 37, 4, 14),
(7, 37, 14, 4),
(11, 37, 7, 11),
(13, 37, 11, 7),
(17, 37, 9, 9),
(22, 37, 13, 5),
(27, 37, 16, 2),
(41, 37, 8, 10),
(83, 37, 2, 17),
(116, 37, 5, 13),
(130, 37, 12, 6),
(185, 37, 17, 1),
(193, 37, 6, 12),
(202, 37, 10, 8),
(264, 37, 15, 3),
(491, 37, 3, 16),
(506, 37, 1, 19),
(7, 38, 4, 17),
(9, 38, 27, 2),
(11, 38, 9, 11),
(14, 38, 15, 8),
(19, 38, 13, 9),
(27, 38, 10, 10),
(36, 38, 30, 1),
(37, 38, 1, 20),
(42, 38, 3, 18),
(45, 38, 2, 19),
(59, 38, 21, 5),
(63, 38, 8, 13),
(83, 38, 7, 14),
(154, 38, 17, 7),
(159, 38, 19, 6),
(185, 38, 25, 3),
(193, 38, 5, 16),
(194, 38, 6, 15),
(603, 38, 23, 4),
(3, 39, 30, 1),
(8, 39, 13, 9),
(13, 39, 2, 18),
(16, 39, 5, 15),
(34, 39, 6, 14),
(36, 39, 4, 16),
(42, 39, 1, 19),
(45, 39, 25, 3),
(47, 39, 3, 17),
(52, 39, 21, 5),
(63, 39, 10, 10),
(70, 39, 19, 6),
(91, 39, 8, 12),
(129, 39, 9, 11),
(189, 39, 7, 13),
(193, 39, 15, 8),
(194, 39, 23, 4),
(202, 39, 27, 2),
(603, 39, 17, 7),
(3, 40, 27, 2),
(12, 40, 8, 12),
(27, 40, 19, 6),
(36, 40, 10, 10),
(37, 40, 2, 19),
(39, 40, 21, 5),
(42, 40, 9, 11),
(46, 40, 15, 8),
(53, 40, 25, 3),
(83, 40, 23, 4),
(111, 40, 17, 7),
(116, 40, 5, 16),
(129, 40, 4, 17),
(154, 40, 6, 14),
(175, 40, 13, 9),
(189, 40, 30, 1),
(193, 40, 1, 20),
(255, 40, 3, 18),
(506, 40, 7, 13),
(1, 41, 10, 10),
(2, 41, 5, 16),
(4, 41, 19, 6),
(6, 41, 17, 7),
(11, 41, 15, 8),
(15, 41, 30, 1),
(18, 41, 13, 9),
(19, 41, 25, 3),
(20, 41, 4, 17),
(21, 41, 2, 19),
(28, 41, 27, 2),
(33, 41, 8, 12),
(36, 41, 21, 5),
(83, 41, 9, 11),
(105, 41, 1, 20),
(122, 41, 23, 4),
(159, 41, 7, 14),
(179, 41, 3, 18),
(193, 41, 6, 15),
(9, 42, 17, 7),
(12, 42, 27, 2),
(20, 42, 1, 19),
(23, 42, 10, 10),
(28, 42, 6, 14),
(33, 42, 21, 5),
(39, 42, 2, 18),
(41, 42, 13, 9),
(42, 42, 9, 11),
(61, 42, 3, 17),
(63, 42, 7, 13),
(85, 42, 4, 16),
(103, 42, 23, 4),
(104, 42, 19, 6),
(116, 42, 5, 15),
(122, 42, 30, 1),
(148, 42, 15, 8),
(159, 42, 25, 3),
(212, 42, 8, 12),
(2, 43, 25, 3),
(3, 43, 30, 1),
(6, 43, 4, 17),
(7, 43, 10, 10),
(13, 43, 13, 9),
(15, 43, 3, 18),
(17, 43, 17, 7),
(27, 43, 27, 2),
(30, 43, 8, 13),
(39, 43, 9, 12),
(45, 43, 23, 4),
(46, 43, 6, 15),
(69, 43, 2, 19),
(83, 43, 21, 5),
(104, 43, 7, 14),
(116, 43, 15, 8),
(117, 43, 1, 20),
(193, 43, 19, 6),
(330, 43, 5, 16),
(2, 44, 2, 18),
(3, 44, 9, 11),
(4, 44, 4, 16),
(10, 44, 5, 15),
(12, 44, 21, 5),
(13, 44, 6, 14),
(18, 44, 17, 7),
(28, 44, 1, 19),
(32, 44, 13, 9),
(37, 44, 7, 13),
(45, 44, 10, 10),
(55, 44, 30, 1),
(111, 44, 25, 3),
(148, 44, 15, 8),
(159, 44, 19, 6),
(193, 44, 8, 12),
(249, 44, 23, 4),
(262, 44, 27, 2),
(470, 44, 3, 17),
(3, 45, 17, 7),
(6, 45, 15, 8),
(7, 45, 19, 6),
(9, 45, 27, 2),
(11, 45, 8, 12),
(18, 45, 25, 3),
(27, 45, 7, 13),
(37, 45, 10, 10),
(41, 45, 5, 15),
(45, 45, 13, 9),
(70, 45, 21, 5),
(104, 45, 4, 16),
(111, 45, 1, 19),
(116, 45, 3, 17),
(120, 45, 2, 18),
(130, 45, 9, 11),
(154, 45, 30, 1),
(602, 45, 6, 14),
(603, 45, 23, 4),
(1, 46, 30, 1),
(9, 46, 25, 3),
(12, 46, 5, 15),
(13, 46, 13, 9),
(15, 46, 27, 2),
(17, 46, 8, 12),
(18, 46, 9, 11),
(20, 46, 10, 10),
(24, 46, 1, 19),
(30, 46, 23, 4),
(39, 46, 15, 8),
(76, 46, 4, 16),
(83, 46, 17, 7),
(101, 46, 2, 18),
(111, 46, 19, 6),
(159, 46, 21, 5),
(346, 46, 6, 14),
(506, 46, 7, 13),
(2, 47, 17, 7),
(3, 47, 4, 16),
(10, 47, 5, 15),
(12, 47, 19, 6),
(16, 47, 21, 5),
(18, 47, 7, 13),
(23, 47, 25, 3),
(32, 47, 3, 17),
(35, 47, 27, 2),
(39, 47, 23, 4),
(45, 47, 13, 9),
(79, 47, 8, 12),
(83, 47, 10, 10),
(104, 47, 2, 18),
(118, 47, 30, 1),
(120, 47, 15, 8),
(262, 47, 9, 11),
(346, 47, 6, 14),
(602, 47, 1, 19),
(3, 48, 21, 5),
(18, 48, 17, 7),
(23, 48, 27, 2),
(24, 48, 2, 18),
(25, 48, 7, 13),
(26, 48, 6, 14),
(27, 48, 10, 10),
(32, 48, 1, 19),
(34, 48, 23, 4),
(41, 48, 5, 15),
(46, 48, 30, 1),
(69, 48, 8, 12),
(83, 48, 9, 11),
(85, 48, 3, 17),
(96, 48, 15, 8),
(111, 48, 19, 6),
(116, 48, 4, 16),
(193, 48, 25, 3),
(312, 48, 13, 9),
(4, 49, 7, 13),
(7, 49, 10, 10),
(11, 49, 30, 1),
(15, 49, 15, 8),
(17, 49, 23, 4),
(20, 49, 5, 15),
(21, 49, 2, 18),
(28, 49, 21, 5),
(50, 49, 27, 2),
(51, 49, 17, 7),
(62, 49, 1, 19),
(76, 49, 9, 11),
(77, 49, 6, 14),
(116, 49, 25, 3),
(120, 49, 13, 9),
(178, 49, 4, 16),
(193, 49, 8, 12),
(246, 49, 3, 17),
(253, 49, 19, 6),
(10, 50, 4, 16),
(12, 50, 13, 9),
(20, 50, 25, 3),
(21, 50, 8, 12),
(27, 50, 9, 11),
(32, 50, 10, 10),
(33, 50, 3, 17),
(36, 50, 7, 13),
(51, 50, 5, 15),
(59, 50, 21, 5),
(64, 50, 2, 18),
(75, 50, 15, 8),
(86, 50, 30, 1),
(108, 50, 19, 6),
(111, 50, 23, 4),
(131, 50, 6, 14),
(154, 50, 27, 2),
(159, 50, 17, 7),
(178, 50, 1, 19),
(2, 51, 21, 5),
(8, 51, 17, 7),
(10, 51, 1, 20),
(11, 51, 5, 16),
(23, 51, 2, 19),
(27, 51, 10, 10),
(33, 51, 15, 8),
(34, 51, 30, 1),
(41, 51, 13, 4),
(57, 51, 27, 2),
(59, 51, 8, 12),
(64, 51, 6, 14),
(70, 51, 9, 11),
(101, 51, 13, 9),
(142, 51, 19, 6),
(159, 51, 3, 18),
(212, 51, 25, 3),
(248, 51, 7, 13),
(253, 51, 4, 17),
(1, 52, 6, 16),
(10, 52, 4, 18),
(11, 52, 21, 5),
(13, 52, 17, 8),
(16, 52, 5, 17),
(18, 52, 8, 14),
(22, 52, 23, 4),
(37, 52, 1, 21),
(39, 52, 9, 12),
(46, 52, 10, 11),
(64, 52, 30, 1),
(66, 52, 13, 10),
(70, 52, 19, 7),
(83, 52, 3, 19),
(86, 52, 2, 20),
(90, 52, 27, 2),
(120, 52, 15, 9),
(159, 52, 7, 15),
(212, 52, 25, 3),
(8, 53, 6, 14),
(12, 53, 9, 11),
(13, 53, 13, 9),
(16, 53, 15, 8),
(17, 53, 21, 5),
(18, 53, 10, 10),
(22, 53, 27, 2),
(43, 53, 8, 12),
(46, 53, 7, 13),
(76, 53, 17, 7),
(86, 53, 4, 16),
(101, 53, 30, 1),
(116, 53, 23, 4),
(120, 53, 5, 15),
(121, 53, 25, 3),
(139, 53, 19, 6),
(154, 53, 3, 17),
(193, 53, 2, 18),
(231, 53, 1, 19),
(2, 54, 19, 6),
(10, 54, 2, 18),
(12, 54, 23, 4),
(15, 54, 15, 8),
(17, 54, 10, 10),
(24, 54, 21, 5),
(25, 54, 13, 9),
(37, 54, 6, 14),
(39, 54, 1, 19),
(45, 54, 25, 3),
(46, 54, 7, 13),
(50, 54, 9, 11),
(111, 54, 27, 2),
(121, 54, 4, 16),
(131, 54, 30, 1),
(154, 54, 17, 7),
(193, 54, 8, 12),
(246, 54, 3, 17),
(393, 54, 5, 15),
(1, 55, 17, 7),
(2, 55, 2, 19),
(3, 55, 23, 4),
(10, 55, 4, 17),
(11, 55, 19, 6),
(17, 55, 9, 11),
(18, 55, 13, 9),
(20, 55, 30, 1),
(31, 55, 6, 15),
(32, 55, 15, 8),
(55, 55, 25, 3),
(70, 55, 7, 14),
(86, 55, 10, 10),
(133, 55, 21, 5),
(159, 55, 27, 2),
(212, 55, 1, 20),
(215, 55, 8, 12),
(235, 55, 3, 18),
(603, 55, 5, 16),
(1, 56, 1, 19),
(2, 56, 19, 6),
(3, 56, 9, 11),
(8, 56, 27, 2),
(10, 56, 3, 17),
(12, 56, 23, 4),
(15, 56, 8, 12),
(16, 56, 2, 18),
(23, 56, 17, 7),
(28, 56, 30, 1),
(31, 56, 15, 8),
(33, 56, 6, 14),
(51, 56, 4, 16),
(83, 56, 10, 10),
(111, 56, 21, 5),
(139, 56, 25, 3),
(148, 56, 13, 9),
(167, 56, 5, 15),
(2, 57, 30, 1),
(3, 57, 7, 13),
(8, 57, 23, 4),
(11, 57, 15, 8),
(12, 57, 27, 2),
(15, 57, 21, 5),
(20, 57, 3, 17),
(21, 57, 9, 11),
(25, 57, 5, 15),
(34, 57, 4, 16),
(37, 57, 2, 18),
(42, 57, 25, 3),
(53, 57, 1, 19),
(69, 57, 19, 6),
(154, 57, 17, 7),
(175, 57, 10, 10),
(215, 57, 13, 9),
(328, 57, 6, 14),
(506, 57, 8, 12),
(11, 58, 30, 1),
(17, 58, 6, 15),
(20, 58, 19, 7),
(22, 58, 21, 5),
(24, 58, 8, 13),
(32, 58, 17, 8),
(45, 58, 7, 14),
(50, 58, 1, 20),
(55, 58, 3, 18),
(59, 58, 9, 12),
(62, 58, 4, 17),
(75, 58, 25, 3),
(79, 58, 13, 6),
(101, 58, 5, 16),
(111, 58, 10, 11),
(116, 58, 2, 19),
(154, 58, 27, 2),
(193, 58, 15, 9),
(212, 58, 23, 4),
(2, 59, 5, 15),
(12, 59, 2, 18),
(15, 59, 3, 17),
(18, 59, 19, 6),
(21, 59, 15, 8),
(23, 59, 13, 9),
(24, 59, 27, 2),
(25, 59, 7, 13),
(27, 59, 9, 11),
(33, 59, 25, 3),
(34, 59, 8, 12),
(42, 59, 6, 14),
(47, 59, 4, 16),
(55, 59, 17, 7),
(90, 59, 30, 1),
(101, 59, 10, 10),
(266, 59, 21, 5),
(298, 59, 1, 22),
(506, 59, 23, 4),
(2, 60, 27, 2),
(4, 60, 15, 8),
(8, 60, 4, 16),
(10, 60, 21, 5),
(18, 60, 8, 12),
(22, 60, 17, 7),
(23, 60, 10, 10),
(32, 60, 6, 14),
(42, 60, 9, 11),
(45, 60, 25, 3),
(52, 60, 23, 4),
(55, 60, 13, 9),
(69, 60, 1, 19),
(79, 60, 5, 15),
(101, 60, 3, 17),
(133, 60, 19, 6),
(358, 60, 7, 13),
(443, 60, 2, 18),
(506, 60, 30, 1),
(1, 61, 5, 16),
(7, 61, 25, 3),
(11, 61, 27, 2),
(16, 61, 7, 14),
(20, 61, 19, 7),
(31, 61, 30, 1),
(33, 61, 9, 12),
(34, 61, 3, 18),
(37, 61, 1, 20),
(42, 61, 13, 10),
(62, 61, 23, 4),
(70, 61, 2, 19),
(111, 61, 21, 5),
(131, 61, 4, 17),
(146, 61, 17, 8),
(193, 61, 8, 13),
(208, 61, 6, 15),
(235, 61, 10, 11),
(254, 61, 15, 9),
(1, 62, 25, 3),
(12, 62, 8, 12),
(17, 62, 5, 16),
(30, 62, 27, 2),
(41, 62, 6, 14),
(45, 62, 17, 7),
(46, 62, 1, 23),
(51, 62, 3, 21),
(59, 62, 2, 22),
(64, 62, 10, 10),
(69, 62, 30, 1),
(78, 62, 9, 11),
(83, 62, 13, 9),
(86, 62, 15, 8),
(159, 62, 21, 5),
(167, 62, 23, 4),
(212, 62, 4, 20),
(220, 62, 19, 6),
(298, 62, 7, 13),
(7, 63, 9, 11),
(8, 63, 5, 16),
(12, 63, 15, 8),
(21, 63, 21, 5),
(27, 63, 8, 12),
(29, 63, 17, 7),
(31, 63, 2, 21),
(42, 63, 27, 2),
(61, 63, 25, 3),
(68, 63, 13, 9),
(70, 63, 7, 13),
(83, 63, 3, 19),
(111, 63, 30, 1),
(112, 63, 23, 4),
(154, 63, 10, 10),
(167, 63, 4, 17),
(193, 63, 19, 6),
(220, 63, 1, 22),
(602, 63, 6, 14),
(2, 64, 8, 12),
(3, 64, 15, 8),
(4, 64, 9, 11),
(7, 64, 10, 10),
(8, 64, 5, 15),
(10, 64, 4, 16),
(18, 64, 7, 13),
(25, 64, 2, 19),
(37, 64, 17, 7),
(46, 64, 3, 17),
(52, 64, 19, 6),
(69, 64, 13, 9),
(75, 64, 30, 1),
(83, 64, 21, 5),
(90, 64, 27, 2),
(163, 64, 6, 14),
(204, 64, 23, 4),
(506, 64, 25, 3),
(601, 64, 1, 20),
(1, 65, 7, 14),
(2, 65, 21, 5),
(3, 65, 30, 1),
(4, 65, 4, 17),
(12, 65, 19, 6),
(18, 65, 10, 12),
(22, 65, 6, 15),
(25, 65, 13, 11),
(30, 65, 27, 2),
(43, 65, 5, 16),
(46, 65, 17, 8),
(69, 65, 9, 13),
(76, 65, 3, 18),
(79, 65, 1, 21),
(168, 65, 23, 4),
(193, 65, 25, 3),
(212, 65, 8, 7),
(254, 65, 2, 20),
(506, 65, 15, 9),
(8, 66, 2, 18),
(10, 66, 23, 4),
(16, 66, 15, 8),
(18, 66, 9, 11),
(19, 66, 30, 1),
(23, 66, 17, 7),
(33, 66, 25, 3),
(67, 66, 1, 19),
(70, 66, 10, 10),
(77, 66, 8, 12),
(85, 66, 5, 15),
(86, 66, 13, 9),
(116, 66, 6, 14),
(133, 66, 27, 2),
(159, 66, 19, 6),
(193, 66, 21, 5),
(212, 66, 4, 16),
(298, 66, 7, 13),
(337, 66, 3, 17),
(10, 67, 1, 19),
(11, 67, 6, 14),
(12, 67, 10, 10),
(18, 67, 3, 17),
(19, 67, 23, 4),
(21, 67, 25, 3),
(32, 67, 2, 18),
(46, 67, 5, 15),
(51, 67, 7, 13),
(52, 67, 27, 2),
(69, 67, 17, 7),
(77, 67, 19, 6),
(79, 67, 8, 12),
(85, 67, 21, 5),
(121, 67, 15, 8),
(131, 67, 30, 1),
(212, 67, 13, 9),
(226, 67, 9, 11),
(254, 67, 4, 16),
(1, 68, 27, 2),
(2, 68, 2, 20),
(3, 68, 19, 6),
(4, 68, 6, 15),
(7, 68, 23, 4),
(8, 68, 7, 14),
(9, 68, 9, 11),
(13, 68, 13, 9),
(15, 68, 10, 10),
(17, 68, 1, 21),
(20, 68, 3, 19),
(25, 68, 5, 16),
(97, 68, 4, 18),
(121, 68, 30, 1),
(154, 68, 8, 13),
(159, 68, 15, 8),
(190, 68, 21, 5),
(212, 68, 25, 3),
(226, 68, 17, 7),
(2, 69, 19, 7),
(6, 69, 8, 13),
(7, 69, 2, 18),
(8, 69, 5, 4),
(9, 69, 9, 12),
(15, 69, 27, 2),
(17, 69, 6, 15),
(18, 69, 23, 5),
(25, 69, 13, 10),
(27, 69, 3, 17),
(34, 69, 10, 11),
(41, 69, 30, 1),
(46, 69, 1, 19),
(51, 69, 17, 8),
(77, 69, 21, 6),
(79, 69, 25, 3),
(90, 69, 15, 9),
(131, 69, 4, 16),
(146, 69, 7, 14),
(4, 70, 5, 16),
(10, 70, 25, 3),
(13, 70, 8, 13),
(16, 70, 19, 6),
(17, 70, 7, 14),
(20, 70, 6, 15),
(25, 70, 3, 18),
(32, 70, 4, 17),
(34, 70, 17, 7),
(37, 70, 23, 4),
(77, 70, 13, 10),
(79, 70, 30, 1),
(116, 70, 2, 19),
(121, 70, 21, 5),
(159, 70, 15, 8),
(179, 70, 27, 2),
(212, 70, 1, 21),
(246, 70, 9, 12),
(337, 70, 10, 11),
(3, 71, 30, 1),
(9, 71, 27, 2),
(11, 71, 17, 7),
(15, 71, 6, 14),
(16, 71, 1, 19),
(20, 71, 19, 6),
(21, 71, 9, 11),
(24, 71, 23, 4),
(37, 71, 8, 12),
(50, 71, 13, 9),
(61, 71, 5, 15),
(75, 71, 2, 18),
(83, 71, 25, 3),
(86, 71, 10, 10),
(116, 71, 3, 17),
(120, 71, 4, 16),
(154, 71, 15, 8),
(159, 71, 21, 5),
(212, 71, 7, 13),
(4, 72, 9, 11),
(10, 72, 3, 18),
(11, 72, 30, 1),
(12, 72, 21, 5),
(13, 72, 15, 8),
(19, 72, 7, 14),
(21, 72, 8, 12),
(27, 72, 27, 2),
(30, 72, 23, 4),
(41, 72, 6, 15),
(52, 72, 1, 21),
(69, 72, 19, 6),
(92, 72, 17, 7),
(121, 72, 25, 3),
(132, 72, 2, 19),
(142, 72, 4, 17),
(146, 72, 10, 10),
(379, 72, 5, 16),
(506, 72, 13, 9),
(3, 73, 5, 16),
(10, 73, 19, 6),
(12, 73, 13, 9),
(17, 73, 17, 7),
(19, 73, 10, 11),
(25, 73, 23, 4),
(30, 73, 21, 5),
(33, 73, 15, 8),
(37, 73, 8, 13),
(52, 73, 4, 17),
(69, 73, 6, 15),
(75, 73, 3, 18),
(83, 73, 30, 1),
(86, 73, 7, 14),
(88, 73, 27, 2),
(120, 73, 9, 12),
(159, 73, 25, 3),
(212, 73, 1, 21),
(506, 73, 2, 20),
(8, 74, 23, 4),
(9, 74, 10, 10),
(10, 74, 5, 15),
(11, 74, 2, 18),
(12, 74, 4, 16),
(17, 74, 21, 5),
(23, 74, 27, 2),
(36, 74, 30, 1),
(52, 74, 9, 11),
(86, 74, 1, 19),
(88, 74, 19, 6),
(97, 74, 3, 17),
(115, 74, 15, 8),
(120, 74, 13, 9),
(121, 74, 25, 3),
(154, 74, 6, 14),
(159, 74, 8, 12),
(256, 74, 17, 7),
(378, 74, 7, 13),
(4, 75, 13, 10),
(6, 75, 19, 6),
(10, 75, 2, 19),
(11, 75, 9, 12),
(15, 75, 27, 2),
(17, 75, 8, 13),
(18, 75, 21, 5),
(25, 75, 1, 21),
(31, 75, 17, 7),
(37, 75, 7, 14),
(41, 75, 3, 18),
(88, 75, 23, 4),
(97, 75, 10, 11),
(115, 75, 4, 17),
(132, 75, 25, 3),
(146, 75, 15, 8),
(193, 75, 5, 16),
(212, 75, 6, 15),
(241, 75, 30, 1),
(3, 76, 30, 1),
(4, 76, 5, 16),
(7, 76, 25, 3),
(10, 76, 1, 20),
(11, 76, 17, 7),
(12, 76, 27, 2),
(15, 76, 9, 11),
(16, 76, 13, 9),
(18, 76, 23, 4),
(20, 76, 15, 8),
(32, 76, 4, 17),
(33, 76, 2, 19),
(34, 76, 21, 5),
(37, 76, 7, 14),
(43, 76, 8, 12),
(64, 76, 10, 10),
(146, 76, 3, 18),
(267, 76, 19, 6),
(316, 76, 6, 15),
(1, 77, 15, 8),
(3, 77, 5, 15),
(4, 77, 17, 7),
(9, 77, 2, 18),
(17, 77, 10, 10),
(20, 77, 25, 3),
(21, 77, 1, 19),
(30, 77, 23, 4),
(41, 77, 27, 2),
(50, 77, 13, 9),
(52, 77, 7, 13),
(97, 77, 3, 17),
(111, 77, 6, 14),
(112, 77, 30, 1),
(121, 77, 19, 6),
(159, 77, 21, 5),
(235, 77, 4, 16),
(366, 77, 8, 12),
(506, 77, 9, 11),
(1, 78, 21, 5),
(4, 78, 10, 11),
(9, 78, 7, 14),
(12, 78, 25, 3),
(16, 78, 30, 1),
(17, 78, 13, 10),
(18, 78, 6, 16),
(21, 78, 15, 8),
(28, 78, 4, 18),
(34, 78, 3, 19),
(37, 78, 17, 7),
(70, 78, 9, 12),
(83, 78, 5, 17),
(90, 78, 2, 15),
(92, 78, 19, 6),
(121, 78, 1, 20),
(154, 78, 27, 2),
(212, 78, 8, 13),
(506, 78, 23, 4),
(3, 79, 27, 2),
(4, 79, 6, 16),
(10, 79, 13, 9),
(11, 79, 17, 7),
(12, 79, 19, 6),
(17, 79, 4, 18),
(24, 79, 15, 8),
(25, 79, 10, 10),
(27, 79, 7, 15),
(33, 79, 23, 4),
(36, 79, 5, 17),
(38, 79, 8, 13),
(46, 79, 9, 11),
(83, 79, 3, 19),
(85, 79, 21, 5),
(86, 79, 1, 21),
(159, 79, 30, 1),
(212, 79, 25, 3),
(459, 79, 2, 20),
(1, 80, 21, 5),
(2, 80, 9, 11),
(7, 80, 5, 15),
(8, 80, 8, 12),
(9, 80, 15, 8),
(11, 80, 19, 6),
(12, 80, 10, 10),
(13, 80, 27, 2),
(16, 80, 17, 7),
(32, 80, 1, 19),
(33, 80, 4, 16),
(37, 80, 3, 17),
(77, 80, 6, 14),
(80, 80, 7, 13),
(82, 80, 2, 18),
(154, 80, 23, 4),
(181, 80, 30, 1),
(186, 80, 13, 9),
(506, 80, 25, 3),
(2, 81, 3, 18),
(7, 81, 21, 7),
(9, 81, 9, 12),
(19, 81, 30, 1),
(23, 81, 15, 5),
(33, 81, 19, 8),
(51, 81, 25, 3),
(77, 81, 6, 15),
(80, 81, 17, 9),
(82, 81, 1, 20),
(83, 81, 23, 4),
(86, 81, 27, 2),
(123, 81, 8, 13),
(181, 81, 10, 11),
(204, 81, 2, 19),
(220, 81, 7, 14),
(255, 81, 5, 16),
(338, 81, 13, 10),
(506, 81, 4, 17),
(2, 82, 21, 5),
(3, 82, 2, 20),
(5, 82, 1, 21),
(7, 82, 23, 4),
(8, 82, 4, 18),
(10, 82, 3, 19),
(11, 82, 10, 10),
(12, 82, 19, 6),
(25, 82, 30, 1),
(33, 82, 17, 7),
(46, 82, 9, 11),
(77, 82, 13, 9),
(97, 82, 25, 3),
(121, 82, 27, 2),
(146, 82, 7, 13),
(154, 82, 8, 12),
(186, 82, 5, 17),
(247, 82, 15, 8),
(506, 82, 6, 16),
(1, 83, 30, 1),
(4, 83, 4, 18),
(7, 83, 9, 11),
(10, 83, 13, 9),
(16, 83, 10, 10),
(17, 83, 7, 14),
(31, 83, 8, 13),
(32, 83, 15, 8),
(33, 83, 19, 6),
(37, 83, 5, 16),
(51, 83, 21, 5),
(80, 83, 17, 7),
(116, 83, 25, 3),
(121, 83, 1, 22),
(123, 83, 6, 15),
(154, 83, 23, 4),
(181, 83, 2, 21),
(503, 83, 3, 19),
(506, 83, 27, 2),
(2, 84, 17, 7),
(3, 84, 10, 10),
(4, 84, 6, 15),
(8, 84, 2, 19),
(12, 84, 23, 4),
(15, 84, 4, 17),
(25, 84, 19, 6),
(46, 84, 7, 14),
(70, 84, 3, 18),
(77, 84, 15, 8),
(82, 84, 8, 13),
(83, 84, 1, 20),
(90, 84, 13, 9),
(121, 84, 30, 1),
(123, 84, 27, 2),
(135, 84, 25, 3),
(186, 84, 21, 5),
(212, 84, 9, 12),
(506, 84, 5, 16),
(3, 85, 25, 4),
(7, 85, 6, 16),
(10, 85, 10, 12),
(11, 85, 8, 14),
(13, 85, 17, 8),
(17, 85, 7, 15),
(18, 85, 23, 5),
(20, 85, 1, 24),
(23, 85, 4, 18),
(25, 85, 19, 7),
(30, 85, 13, 3),
(62, 85, 15, 10),
(83, 85, 21, 6),
(154, 85, 27, 2),
(181, 85, 3, 19),
(190, 85, 2, 20),
(212, 85, 5, 17),
(327, 85, 9, 13),
(506, 85, 30, 1),
(2, 86, 25, 4),
(12, 86, 13, 9),
(17, 86, 4, 17),
(18, 86, 1, 20),
(25, 86, 27, 2),
(27, 86, 7, 14),
(32, 86, 8, 13),
(33, 86, 21, 6),
(37, 86, 19, 3),
(46, 86, 2, 19),
(82, 86, 30, 1),
(86, 86, 5, 16),
(93, 86, 10, 10),
(121, 86, 9, 12),
(159, 86, 3, 18),
(212, 86, 15, 8),
(246, 86, 6, 15),
(506, 86, 17, 7),
(602, 86, 23, 5),
(2, 87, 2, 20),
(3, 87, 27, 2),
(12, 87, 3, 19),
(13, 87, 13, 10),
(16, 87, 4, 18),
(18, 87, 23, 4),
(20, 87, 30, 1),
(24, 87, 7, 14),
(25, 87, 1, 21),
(32, 87, 6, 16),
(83, 87, 5, 17),
(93, 87, 19, 6),
(97, 87, 21, 5),
(112, 87, 10, 11),
(121, 87, 17, 8),
(168, 87, 8, 13),
(212, 87, 25, 3),
(255, 87, 15, 9),
(602, 87, 9, 12),
(5, 88, 5, 16),
(10, 88, 17, 7),
(12, 88, 23, 4),
(15, 88, 15, 8),
(17, 88, 25, 3),
(19, 88, 30, 1),
(27, 88, 27, 2),
(32, 88, 9, 11),
(56, 88, 10, 10),
(59, 88, 21, 5),
(70, 88, 13, 9),
(76, 88, 1, 20),
(112, 88, 3, 18),
(121, 88, 6, 15),
(142, 88, 8, 12),
(163, 88, 7, 14),
(247, 88, 2, 19),
(274, 88, 19, 6),
(420, 88, 4, 17),
(1, 89, 13, 10),
(2, 89, 2, 19),
(3, 89, 21, 6),
(4, 89, 19, 7),
(5, 89, 6, 15),
(8, 89, 25, 3),
(10, 89, 8, 13),
(13, 89, 27, 2),
(19, 89, 17, 8),
(21, 89, 3, 18),
(41, 89, 1, 20),
(59, 89, 4, 17),
(74, 89, 15, 9),
(82, 89, 7, 14),
(83, 89, 23, 4),
(112, 89, 9, 12),
(121, 89, 5, 16),
(212, 89, 10, 11),
(602, 89, 30, 1),
(2, 90, 4, 19),
(5, 90, 9, 11),
(6, 90, 3, 20),
(10, 90, 19, 6),
(15, 90, 15, 8),
(16, 90, 21, 5),
(17, 90, 5, 17),
(21, 90, 17, 7),
(30, 90, 23, 4),
(32, 90, 10, 10),
(34, 90, 1, 23),
(39, 90, 27, 2),
(76, 90, 25, 3),
(80, 90, 8, 12),
(154, 90, 30, 1),
(163, 90, 13, 9),
(172, 90, 2, 21),
(194, 90, 7, 14),
(256, 90, 6, 16),
(3, 91, 30, 1),
(6, 91, 23, 4),
(10, 91, 13, 9),
(12, 91, 19, 6),
(13, 91, 5, 17),
(15, 91, 7, 15),
(16, 91, 10, 11),
(17, 91, 9, 13),
(18, 91, 1, 21),
(25, 91, 21, 5),
(27, 91, 3, 19),
(30, 91, 25, 3),
(37, 91, 2, 20),
(76, 91, 4, 18),
(82, 91, 17, 7),
(97, 91, 15, 8),
(116, 91, 27, 2),
(204, 91, 8, 14),
(421, 91, 6, 16),
(2, 92, 21, 6),
(3, 92, 2, 19),
(6, 92, 25, 3),
(9, 92, 3, 18),
(10, 92, 4, 17),
(12, 92, 7, 13),
(17, 92, 19, 5),
(32, 92, 8, 12),
(34, 92, 30, 1),
(39, 92, 5, 16),
(46, 92, 1, 20),
(53, 92, 23, 4),
(82, 92, 13, 9),
(97, 92, 15, 8),
(112, 92, 6, 14),
(121, 92, 27, 2),
(169, 92, 17, 7),
(506, 92, 9, 11),
(602, 92, 10, 10),
(1, 93, 1, 22),
(3, 93, 21, 5),
(5, 93, 13, 9),
(12, 93, 25, 3),
(18, 93, 8, 13),
(28, 93, 30, 1),
(30, 93, 10, 10),
(31, 93, 9, 12),
(34, 93, 15, 8),
(76, 93, 19, 6),
(79, 93, 17, 7),
(82, 93, 7, 14),
(83, 93, 3, 19),
(116, 93, 27, 2),
(121, 93, 23, 4),
(154, 93, 2, 21),
(169, 93, 5, 17),
(261, 93, 6, 16),
(460, 93, 4, 18),
(2, 94, 19, 6),
(6, 94, 8, 12),
(10, 94, 7, 13),
(11, 94, 27, 2),
(13, 94, 21, 5),
(17, 94, 17, 7),
(24, 94, 13, 9),
(25, 94, 6, 14),
(32, 94, 2, 18),
(34, 94, 15, 8),
(46, 94, 4, 16),
(66, 94, 30, 1),
(82, 94, 25, 3),
(83, 94, 23, 4),
(112, 94, 5, 15),
(172, 94, 10, 10),
(274, 94, 1, 19),
(316, 94, 9, 11),
(504, 94, 3, 17),
(2, 95, 13, 9),
(3, 95, 5, 15),
(9, 95, 7, 13),
(10, 95, 21, 5),
(12, 95, 9, 11),
(17, 95, 1, 19),
(18, 95, 27, 2),
(19, 95, 30, 1),
(21, 95, 6, 14),
(25, 95, 10, 10),
(30, 95, 15, 8),
(32, 95, 8, 12),
(43, 95, 3, 17),
(66, 95, 25, 3),
(83, 95, 17, 7),
(97, 95, 23, 4),
(112, 95, 4, 16),
(116, 95, 19, 6),
(172, 95, 2, 18),
(5, 96, 5, 16),
(10, 96, 27, 2),
(11, 96, 21, 5),
(18, 96, 7, 14),
(27, 96, 30, 1),
(32, 96, 2, 19),
(34, 96, 3, 18),
(37, 96, 17, 7),
(39, 96, 9, 11),
(47, 96, 8, 13),
(53, 96, 13, 9),
(83, 96, 23, 4),
(104, 96, 1, 20),
(115, 96, 6, 15),
(169, 96, 25, 3),
(172, 96, 10, 10),
(283, 96, 19, 6),
(317, 96, 15, 8),
(379, 96, 4, 17),
(2, 97, 5, 16),
(4, 97, 19, 6),
(6, 97, 15, 8),
(10, 97, 2, 19),
(11, 97, 10, 10),
(12, 97, 27, 2),
(13, 97, 30, 1),
(21, 97, 21, 5),
(25, 97, 17, 7),
(34, 97, 8, 12),
(37, 97, 7, 14),
(41, 97, 3, 18),
(80, 97, 1, 21),
(82, 97, 9, 11),
(83, 97, 4, 17),
(104, 97, 6, 15),
(116, 97, 13, 9),
(142, 97, 23, 4),
(172, 97, 25, 3),
(1, 98, 7, 15),
(9, 98, 17, 8),
(11, 98, 8, 13),
(12, 98, 2, 20),
(18, 98, 21, 6),
(24, 98, 27, 2),
(27, 98, 3, 19),
(32, 98, 19, 7),
(41, 98, 1, 21),
(46, 98, 5, 17),
(76, 98, 9, 12),
(138, 98, 30, 1),
(154, 98, 25, 3),
(169, 98, 13, 10),
(204, 98, 4, 18),
(283, 98, 23, 4),
(504, 98, 15, 9),
(506, 98, 6, 16),
(840, 98, 10, 11),
(2, 99, 10, 6),
(9, 99, 4, 12),
(12, 99, 13, 5),
(18, 99, 2, 14),
(19, 99, 9, 7),
(34, 99, 3, 13),
(82, 99, 7, 9),
(97, 99, 19, 2),
(154, 99, 21, 1),
(169, 99, 15, 4),
(172, 99, 8, 8),
(179, 99, 17, 3),
(204, 99, 1, 15),
(279, 99, 5, 11),
(811, 99, 6, 10),
(2, 100, 17, 7),
(8, 100, 15, 8),
(12, 100, 7, 13),
(17, 100, 27, 2),
(19, 100, 9, 11),
(27, 100, 13, 9),
(34, 100, 8, 12),
(46, 100, 3, 17),
(76, 100, 23, 4),
(79, 100, 2, 18),
(96, 100, 4, 16),
(154, 100, 30, 1),
(204, 100, 5, 15),
(256, 100, 6, 14),
(283, 100, 21, 5),
(317, 100, 1, 19),
(840, 100, 19, 6),
(856, 100, 10, 10),
(860, 100, 25, 3),
(12, 101, 10, 10),
(16, 101, 15, 8),
(18, 101, 19, 6),
(27, 101, 23, 4),
(32, 101, 25, 3),
(34, 101, 30, 1),
(46, 101, 3, 17),
(76, 101, 21, 5),
(96, 101, 17, 7),
(135, 101, 4, 16),
(142, 101, 9, 11),
(154, 101, 5, 15),
(169, 101, 7, 13),
(172, 101, 1, 21),
(204, 101, 27, 2),
(246, 101, 6, 14),
(342, 101, 13, 9),
(379, 101, 8, 12),
(840, 101, 2, 18),
(1, 102, 23, 4),
(7, 102, 13, 9),
(10, 102, 3, 18),
(12, 102, 4, 16),
(17, 102, 15, 8),
(18, 102, 5, 15),
(19, 102, 9, 11),
(21, 102, 8, 12),
(24, 102, 17, 7),
(25, 102, 1, 20),
(76, 102, 30, 1),
(82, 102, 10, 10),
(83, 102, 25, 3),
(96, 102, 6, 14),
(169, 102, 7, 13),
(342, 102, 19, 6),
(504, 102, 27, 2),
(840, 102, 21, 5),
(857, 102, 2, 19),
(10, 103, 17, 7),
(12, 103, 10, 12),
(13, 103, 6, 16),
(17, 103, 27, 2),
(25, 103, 19, 6),
(27, 103, 7, 15),
(32, 103, 5, 17),
(34, 103, 13, 9),
(76, 103, 23, 4),
(79, 103, 3, 19),
(169, 103, 30, 1),
(172, 103, 15, 8),
(283, 103, 4, 18),
(404, 103, 25, 3),
(504, 103, 9, 13),
(840, 103, 21, 5),
(855, 103, 1, 21),
(856, 103, 8, 14),
(860, 103, 2, 20),
(2, 104, 4, 17),
(3, 104, 2, 19),
(10, 104, 17, 7),
(11, 104, 30, 1),
(21, 104, 27, 2),
(28, 104, 15, 8),
(34, 104, 5, 16),
(46, 104, 1, 20),
(154, 104, 21, 5),
(169, 104, 9, 12),
(172, 104, 7, 14),
(379, 104, 3, 18),
(504, 104, 6, 15),
(602, 104, 19, 6),
(821, 104, 10, 11),
(840, 104, 13, 9),
(856, 104, 23, 4),
(860, 104, 25, 3),
(866, 104, 8, 13),
(59, 105, 0, 5),
(79, 105, 0, 2),
(169, 105, 0, 3),
(193, 105, 0, 4),
(408, 105, 0, 1),
(858, 105, 0, 6),
(7, 106, 8, 12),
(10, 106, 25, 3),
(21, 106, 7, 13),
(27, 106, 6, 14),
(34, 106, 2, 18),
(53, 106, 15, 8),
(69, 106, 3, 17),
(76, 106, 9, 11),
(90, 106, 13, 9),
(104, 106, 4, 16),
(167, 106, 17, 7),
(169, 106, 27, 2),
(204, 106, 1, 19),
(602, 106, 23, 4),
(840, 106, 5, 15),
(855, 106, 10, 10),
(856, 106, 19, 6),
(857, 106, 21, 5),
(860, 106, 30, 1),
(2, 107, 10, 13),
(10, 107, 17, 7),
(18, 107, 5, 18),
(24, 107, 23, 4),
(32, 107, 4, 19),
(34, 107, 27, 2),
(37, 107, 3, 20),
(76, 107, 7, 16),
(79, 107, 21, 5),
(82, 107, 6, 17),
(97, 107, 1, 22),
(154, 107, 13, 12),
(163, 107, 2, 21),
(172, 107, 15, 10),
(261, 107, 19, 6),
(504, 107, 30, 1),
(836, 107, 25, 3),
(840, 107, 8, 15),
(857, 107, 9, 14),
(10, 108, 2, 19),
(18, 108, 19, 6),
(20, 108, 5, 16),
(21, 108, 17, 7),
(25, 108, 10, 10),
(32, 108, 30, 1),
(76, 108, 3, 18),
(79, 108, 23, 4),
(154, 108, 15, 8),
(169, 108, 21, 5),
(172, 108, 1, 20),
(179, 108, 27, 2),
(204, 108, 9, 11),
(212, 108, 8, 13),
(504, 108, 7, 14),
(857, 108, 6, 15),
(866, 108, 25, 3),
(872, 108, 13, 9),
(873, 108, 4, 17),
(1, 109, 30, 1),
(10, 109, 23, 4),
(18, 109, 15, 8),
(27, 109, 1, 21),
(32, 109, 21, 5),
(33, 109, 2, 20),
(37, 109, 9, 12),
(76, 109, 27, 2),
(83, 109, 7, 14),
(154, 109, 25, 3),
(169, 109, 19, 6),
(204, 109, 8, 13),
(212, 109, 5, 16),
(504, 109, 13, 9),
(836, 109, 3, 19),
(840, 109, 6, 15),
(861, 109, 10, 10),
(877, 109, 17, 7),
(894, 109, 4, 17),
(2, 110, 30, 1),
(6, 110, 8, 13),
(12, 110, 13, 9),
(17, 110, 3, 19),
(20, 110, 21, 5),
(24, 110, 1, 21),
(32, 110, 4, 18),
(69, 110, 6, 16),
(83, 110, 23, 4),
(98, 110, 19, 6),
(154, 110, 2, 20),
(258, 110, 17, 7),
(836, 110, 7, 14),
(840, 110, 25, 3),
(856, 110, 10, 10),
(857, 110, 9, 11),
(861, 110, 27, 2),
(865, 110, 15, 8),
(871, 110, 5, 17),
(2, 111, 4, 16),
(7, 111, 1, 19),
(10, 111, 3, 17),
(21, 111, 13, 9),
(27, 111, 7, 13),
(34, 111, 9, 11),
(53, 111, 19, 6),
(82, 111, 2, 18),
(97, 111, 15, 8),
(116, 111, 27, 2),
(154, 111, 30, 1),
(157, 111, 25, 3),
(175, 111, 17, 7),
(204, 111, 21, 5),
(256, 111, 5, 15),
(857, 111, 8, 12),
(877, 111, 6, 14),
(880, 111, 10, 10),
(883, 111, 23, 4),
(6, 112, 15, 8),
(9, 112, 6, 14),
(10, 112, 13, 9),
(24, 112, 23, 4),
(34, 112, 27, 2),
(47, 112, 8, 12),
(61, 112, 19, 6),
(76, 112, 21, 5),
(98, 112, 3, 17),
(116, 112, 30, 1),
(172, 112, 7, 13),
(175, 112, 4, 16),
(212, 112, 2, 18),
(230, 112, 9, 11),
(248, 112, 25, 3),
(262, 112, 5, 15),
(309, 112, 1, 19),
(876, 112, 17, 7),
(883, 112, 10, 10),
(1, 113, 21, 5),
(2, 113, 27, 2),
(6, 113, 30, 1),
(28, 113, 25, 3),
(32, 113, 8, 14),
(33, 113, 4, 18),
(37, 113, 13, 9),
(53, 113, 19, 6),
(94, 113, 17, 7),
(137, 113, 6, 16),
(204, 113, 5, 17),
(784, 113, 10, 11),
(805, 113, 1, 21),
(840, 113, 15, 8),
(856, 113, 3, 19),
(857, 113, 2, 20),
(860, 113, 23, 4),
(883, 113, 9, 13),
(888, 113, 7, 15),
(1, 114, 30, 1),
(2, 114, 7, 13),
(6, 114, 21, 5),
(8, 114, 6, 14),
(9, 114, 19, 6),
(12, 114, 23, 4),
(32, 114, 27, 2),
(41, 114, 8, 12),
(61, 114, 3, 17),
(76, 114, 25, 3),
(136, 114, 2, 18),
(138, 114, 15, 8),
(157, 114, 13, 9),
(175, 114, 17, 7),
(247, 114, 1, 19),
(261, 114, 5, 15),
(746, 114, 4, 16),
(857, 114, 9, 11),
(879, 114, 10, 10),
(18, 115, 21, 5),
(25, 115, 17, 7),
(32, 115, 13, 9),
(33, 115, 19, 6),
(53, 115, 2, 18),
(59, 115, 15, 8),
(71, 115, 27, 2),
(83, 115, 7, 13),
(93, 115, 1, 19),
(97, 115, 6, 14),
(116, 115, 23, 4),
(134, 115, 8, 12),
(146, 115, 3, 17),
(157, 115, 25, 3),
(169, 115, 9, 11),
(172, 115, 30, 1),
(327, 115, 4, 16),
(506, 115, 10, 10),
(873, 115, 5, 15),
(2, 116, 5, 15),
(6, 116, 9, 11),
(8, 116, 30, 1),
(12, 116, 13, 9),
(18, 116, 6, 14),
(25, 116, 4, 16),
(83, 116, 17, 7),
(133, 116, 27, 3),
(154, 116, 10, 10),
(175, 116, 8, 12),
(235, 116, 2, 18),
(247, 116, 1, 19),
(248, 116, 15, 8),
(535, 116, 21, 2),
(840, 116, 23, 5),
(873, 116, 3, 17),
(880, 116, 25, 4),
(884, 116, 7, 13),
(890, 116, 19, 6),
(6, 117, 23, 4),
(10, 117, 15, 8),
(11, 117, 3, 20),
(12, 117, 13, 9),
(13, 117, 21, 5),
(25, 117, 9, 11),
(33, 117, 2, 21),
(34, 117, 8, 12),
(93, 117, 25, 3),
(119, 117, 27, 2),
(142, 117, 10, 10),
(154, 117, 17, 7),
(169, 117, 5, 17),
(171, 117, 19, 6),
(558, 117, 1, 22),
(840, 117, 4, 18),
(860, 117, 30, 1),
(873, 117, 7, 14),
(876, 117, 6, 16),
(3, 118, 27, 2),
(11, 118, 6, 14),
(12, 118, 30, 1),
(18, 118, 2, 21),
(25, 118, 5, 17),
(32, 118, 21, 5),
(33, 118, 17, 7),
(34, 118, 23, 4),
(41, 118, 8, 12),
(46, 118, 15, 8),
(53, 118, 7, 13),
(59, 118, 3, 19),
(76, 118, 13, 9),
(175, 118, 25, 3),
(248, 118, 19, 6),
(261, 118, 4, 18),
(378, 118, 9, 11),
(805, 118, 10, 10),
(888, 118, 1, 22),
(2, 119, 23, 4),
(10, 119, 13, 9),
(11, 119, 1, 20),
(12, 119, 19, 6),
(34, 119, 17, 7),
(47, 119, 10, 10),
(68, 119, 3, 17),
(76, 119, 7, 13),
(79, 119, 21, 5),
(133, 119, 27, 2),
(190, 119, 15, 8),
(246, 119, 5, 15),
(247, 119, 8, 12),
(258, 119, 25, 3),
(404, 119, 4, 16),
(840, 119, 2, 19),
(872, 119, 6, 14),
(873, 119, 30, 1),
(890, 119, 9, 11),
(2, 120, 13, 9),
(13, 120, 25, 3),
(21, 120, 21, 5),
(27, 120, 27, 2),
(31, 120, 15, 8),
(37, 120, 7, 13),
(51, 120, 2, 18),
(79, 120, 30, 1),
(85, 120, 5, 15),
(96, 120, 6, 14),
(133, 120, 19, 6),
(154, 120, 4, 16),
(172, 120, 9, 11),
(175, 120, 17, 7),
(246, 120, 8, 12),
(306, 120, 3, 17),
(853, 120, 10, 10),
(860, 120, 23, 4),
(900, 120, 1, 19),
(2, 121, 7, 13),
(12, 121, 1, 19),
(13, 121, 5, 15),
(15, 121, 25, 3),
(25, 121, 3, 17),
(51, 121, 19, 6),
(61, 121, 30, 1),
(76, 121, 23, 4),
(79, 121, 21, 5),
(97, 121, 17, 7),
(133, 121, 27, 2),
(138, 121, 10, 10),
(169, 121, 4, 16),
(172, 121, 8, 12),
(190, 121, 9, 11),
(379, 121, 6, 14),
(506, 121, 15, 8),
(516, 121, 13, 9),
(873, 121, 2, 18),
(10, 122, 5, 16),
(15, 122, 1, 20),
(20, 122, 4, 17),
(23, 122, 8, 13),
(27, 122, 10, 11),
(33, 122, 15, 8),
(46, 122, 13, 10),
(59, 122, 6, 15),
(71, 122, 23, 4),
(76, 122, 27, 2),
(133, 122, 21, 5),
(142, 122, 25, 3),
(154, 122, 9, 12),
(171, 122, 17, 7),
(248, 122, 30, 1),
(504, 122, 2, 19),
(516, 122, 7, 14),
(784, 122, 19, 6),
(887, 122, 3, 18),
(1, 123, 27, 2),
(6, 123, 5, 15),
(11, 123, 3, 17),
(15, 123, 25, 3),
(23, 123, 19, 6),
(27, 123, 21, 5),
(32, 123, 6, 14),
(134, 123, 10, 10),
(169, 123, 17, 7),
(172, 123, 8, 12),
(175, 123, 13, 9),
(230, 123, 30, 1),
(261, 123, 15, 8),
(504, 123, 7, 13),
(861, 123, 2, 18),
(872, 123, 23, 4),
(886, 123, 1, 19),
(887, 123, 9, 11),
(900, 123, 4, 16),
(6, 124, 3, 17),
(8, 124, 15, 8),
(9, 124, 25, 3),
(10, 124, 9, 11),
(25, 124, 19, 6),
(27, 124, 27, 2),
(34, 124, 8, 12),
(37, 124, 1, 19),
(47, 124, 10, 10),
(51, 124, 21, 5),
(82, 124, 2, 18),
(97, 124, 5, 15),
(169, 124, 17, 7),
(190, 124, 6, 14),
(229, 124, 7, 13),
(248, 124, 13, 9),
(271, 124, 23, 4),
(888, 124, 4, 16),
(890, 124, 30, 1),
(2, 125, 5, 15),
(23, 125, 13, 9),
(25, 125, 15, 8),
(27, 125, 3, 17),
(59, 125, 2, 18),
(61, 125, 10, 10),
(85, 125, 1, 19),
(93, 125, 21, 5),
(97, 125, 9, 11),
(128, 125, 7, 13),
(172, 125, 27, 2),
(229, 125, 6, 14),
(271, 125, 25, 3),
(383, 125, 23, 4),
(506, 125, 4, 16),
(511, 125, 30, 1),
(872, 125, 17, 7),
(876, 125, 19, 6),
(880, 125, 8, 12),
(10, 126, 1, 19),
(11, 126, 3, 17),
(15, 126, 25, 3),
(20, 126, 2, 18),
(25, 126, 7, 13),
(37, 126, 17, 7),
(59, 126, 6, 14),
(71, 126, 15, 8),
(138, 126, 4, 16),
(169, 126, 23, 4),
(175, 126, 10, 10),
(229, 126, 5, 15),
(248, 126, 9, 11),
(258, 126, 8, 12),
(271, 126, 30, 1),
(378, 126, 13, 9),
(511, 126, 21, 5),
(840, 126, 19, 6),
(876, 126, 27, 2),
(1, 127, 10, 10),
(8, 127, 25, 3),
(10, 127, 4, 16),
(11, 127, 17, 7),
(13, 127, 27, 2),
(15, 127, 5, 15),
(17, 127, 1, 19),
(18, 127, 3, 17),
(27, 127, 23, 4),
(34, 127, 21, 5),
(53, 127, 19, 6),
(76, 127, 13, 9),
(79, 127, 30, 1),
(154, 127, 6, 14),
(171, 127, 2, 18),
(172, 127, 15, 8),
(872, 127, 8, 12),
(890, 127, 9, 11),
(900, 127, 7, 13),
(7, 128, 15, 8),
(10, 128, 8, 13),
(18, 128, 2, 19),
(20, 128, 25, 3),
(27, 128, 21, 5),
(33, 128, 7, 14),
(41, 128, 13, 10),
(76, 128, 23, 4),
(77, 128, 5, 16),
(79, 128, 3, 18),
(258, 128, 10, 11),
(271, 128, 9, 12),
(283, 128, 6, 15),
(511, 128, 27, 2),
(651, 128, 19, 6),
(856, 128, 1, 20),
(874, 128, 4, 17),
(887, 128, 17, 7),
(895, 128, 30, 1),
(1, 129, 30, 1),
(2, 129, 23, 4),
(25, 129, 10, 10),
(34, 129, 25, 3),
(37, 129, 15, 8),
(47, 129, 8, 12),
(71, 129, 6, 14),
(76, 129, 19, 6),
(83, 129, 1, 19),
(133, 129, 13, 9),
(171, 129, 7, 13),
(172, 129, 5, 15),
(267, 129, 21, 5),
(504, 129, 9, 11),
(511, 129, 3, 17),
(679, 129, 27, 2),
(861, 129, 4, 16),
(880, 129, 2, 18),
(887, 129, 17, 7),
(7, 130, 25, 3),
(9, 130, 13, 9),
(17, 130, 27, 2),
(25, 130, 8, 12),
(27, 130, 19, 6),
(53, 130, 17, 7),
(82, 130, 6, 14),
(83, 130, 10, 10),
(85, 130, 7, 13),
(112, 130, 15, 8),
(116, 130, 1, 19),
(119, 130, 23, 4),
(154, 130, 30, 1),
(169, 130, 4, 16),
(171, 130, 5, 15),
(535, 130, 9, 11),
(679, 130, 21, 5),
(840, 130, 3, 17),
(900, 130, 2, 18),
(7, 131, 15, 8),
(10, 131, 4, 17),
(12, 131, 23, 4),
(53, 131, 7, 13),
(59, 131, 3, 18),
(76, 131, 19, 6),
(83, 131, 17, 7),
(98, 131, 2, 19),
(141, 131, 9, 11),
(142, 131, 13, 9),
(169, 131, 5, 15),
(171, 131, 30, 1),
(182, 131, 10, 10),
(256, 131, 6, 14),
(679, 131, 27, 2),
(874, 131, 1, 20),
(895, 131, 21, 5),
(913, 131, 25, 3),
(914, 131, 8, 12),
(9, 132, 9, 11),
(10, 132, 10, 10),
(12, 132, 3, 17),
(27, 132, 5, 15),
(37, 132, 6, 14),
(51, 132, 25, 3),
(83, 132, 2, 18),
(97, 132, 13, 9),
(133, 132, 7, 13),
(154, 132, 23, 4),
(193, 132, 1, 19),
(204, 132, 21, 5),
(229, 132, 15, 8),
(248, 132, 4, 16),
(840, 132, 8, 12),
(890, 132, 17, 7),
(899, 132, 27, 2),
(900, 132, 19, 6),
(914, 132, 30, 1),
(2, 133, 1, 20),
(7, 133, 15, 8),
(10, 133, 21, 5),
(12, 133, 23, 4),
(15, 133, 10, 11),
(18, 133, 7, 14),
(33, 133, 3, 18),
(34, 133, 30, 1),
(37, 133, 9, 12),
(41, 133, 25, 3),
(46, 133, 4, 17),
(79, 133, 27, 2),
(96, 133, 13, 9),
(175, 133, 2, 19),
(229, 133, 17, 7),
(504, 133, 5, 16),
(887, 133, 6, 15),
(890, 133, 19, 6),
(900, 133, 8, 13),
(1, 134, 21, 5),
(3, 134, 27, 2),
(10, 134, 9, 11),
(11, 134, 23, 4),
(18, 134, 7, 13),
(27, 134, 10, 10),
(47, 134, 6, 14),
(97, 134, 5, 15),
(119, 134, 1, 19),
(172, 134, 25, 3),
(204, 134, 19, 6),
(229, 134, 13, 9),
(267, 134, 2, 18),
(651, 134, 3, 17),
(679, 134, 17, 7),
(890, 134, 30, 1),
(896, 134, 8, 12),
(900, 134, 4, 16),
(905, 134, 15, 8),
(2, 135, 7, 13),
(3, 135, 5, 15),
(6, 135, 17, 5),
(10, 135, 6, 14),
(12, 135, 27, 2),
(27, 135, 30, 1),
(51, 135, 15, 8),
(53, 135, 2, 18),
(79, 135, 25, 3),
(82, 135, 23, 4),
(96, 135, 4, 16),
(97, 135, 3, 17),
(119, 135, 10, 10),
(133, 135, 1, 19),
(154, 135, 21, 6),
(169, 135, 13, 9),
(241, 135, 19, 7),
(421, 135, 8, 12),
(905, 135, 9, 11),
(3, 136, 3, 17),
(6, 136, 1, 19),
(7, 136, 30, 1),
(10, 136, 23, 4),
(12, 136, 2, 18),
(14, 136, 27, 2),
(19, 136, 7, 13),
(34, 136, 13, 9),
(46, 136, 19, 6),
(75, 136, 17, 7),
(82, 136, 8, 12),
(98, 136, 6, 14),
(258, 136, 9, 11),
(358, 136, 21, 5),
(506, 136, 5, 15),
(840, 136, 4, 16),
(861, 136, 15, 8),
(890, 136, 25, 3),
(905, 136, 10, 10),
(10, 137, 0, 9),
(13, 137, 0, 7),
(53, 137, 0, 6),
(79, 137, 0, 1),
(98, 137, 0, 8),
(204, 137, 0, 4),
(258, 137, 0, 5),
(358, 137, 0, 2),
(876, 137, 0, 3),
(9, 138, 9, 11),
(12, 138, 8, 12),
(25, 138, 13, 9),
(27, 138, 1, 20),
(42, 138, 2, 19),
(59, 138, 23, 4),
(73, 138, 21, 5),
(83, 138, 27, 2),
(97, 138, 4, 16),
(112, 138, 25, 3),
(116, 138, 15, 8),
(142, 138, 3, 18),
(154, 138, 19, 6),
(204, 138, 7, 13),
(679, 138, 5, 15),
(840, 138, 10, 10),
(861, 138, 6, 14),
(876, 138, 30, 1),
(890, 138, 17, 7),
(2, 139, 9, 11),
(12, 139, 23, 4),
(16, 139, 8, 12),
(18, 139, 2, 19),
(33, 139, 3, 18),
(42, 139, 30, 1),
(59, 139, 5, 16),
(76, 139, 19, 6),
(98, 139, 7, 13),
(133, 139, 6, 15),
(142, 139, 13, 9),
(154, 139, 21, 5),
(169, 139, 27, 2),
(204, 139, 15, 8),
(679, 139, 17, 7),
(876, 139, 1, 20),
(887, 139, 25, 3),
(890, 139, 4, 17),
(899, 139, 10, 10),
(3, 140, 21, 1),
(13, 140, 7, 9),
(27, 140, 5, 11),
(41, 140, 3, 15),
(53, 140, 17, 3),
(76, 140, 8, 8),
(79, 140, 19, 2),
(83, 140, 4, 12),
(142, 140, 6, 10),
(154, 140, 10, 6),
(204, 140, 13, 5),
(504, 140, 1, 17),
(679, 140, 9, 7),
(876, 140, 2, 16),
(890, 140, 15, 4),
(1, 141, 8, 13),
(6, 141, 21, 5),
(11, 141, 5, 16),
(27, 141, 7, 14),
(31, 141, 13, 9),
(47, 141, 27, 2),
(51, 141, 6, 15),
(73, 141, 23, 4),
(76, 141, 15, 8),
(83, 141, 4, 17),
(116, 141, 25, 3),
(142, 141, 1, 20),
(154, 141, 17, 7),
(169, 141, 2, 19),
(235, 141, 10, 11),
(840, 141, 19, 6),
(858, 141, 30, 1),
(890, 141, 3, 18),
(899, 141, 9, 12),
(8, 142, 15, 8),
(25, 142, 21, 5),
(41, 142, 13, 9),
(47, 142, 19, 6),
(76, 142, 30, 1),
(79, 142, 10, 11),
(82, 142, 2, 19),
(112, 142, 17, 7),
(172, 142, 4, 17),
(183, 142, 8, 13),
(235, 142, 1, 20),
(421, 142, 7, 14),
(679, 142, 27, 2),
(840, 142, 5, 16),
(861, 142, 3, 18),
(873, 142, 9, 12),
(876, 142, 6, 15),
(890, 142, 25, 3),
(895, 142, 23, 4),
(1, 143, 27, 3),
(2, 143, 3, 18),
(10, 143, 25, 4),
(16, 143, 5, 16),
(25, 143, 7, 14),
(27, 143, 30, 1),
(33, 143, 8, 13),
(41, 143, 13, 10),
(73, 143, 15, 9),
(154, 143, 23, 5),
(169, 143, 6, 15),
(175, 143, 9, 12),
(258, 143, 4, 17),
(679, 143, 17, 8),
(840, 143, 1, 20),
(876, 143, 19, 7),
(886, 143, 21, 6),
(890, 143, 2, 19),
(895, 143, 10, 11),
(1, 144, 27, 2),
(2, 144, 15, 8),
(11, 144, 7, 14),
(16, 144, 25, 3),
(25, 144, 13, 10),
(27, 144, 5, 16),
(37, 144, 21, 5),
(41, 144, 8, 13),
(43, 144, 3, 18),
(53, 144, 17, 7),
(73, 144, 9, 12),
(83, 144, 19, 6),
(154, 144, 1, 20),
(172, 144, 4, 17),
(175, 144, 10, 11),
(204, 144, 6, 15),
(679, 144, 2, 19),
(840, 144, 30, 1),
(887, 144, 23, 4),
(8, 145, 9, 11),
(10, 145, 15, 8),
(11, 145, 6, 14),
(12, 145, 19, 6),
(16, 145, 4, 17),
(41, 145, 8, 12),
(42, 145, 10, 10),
(51, 145, 25, 3),
(73, 145, 2, 19),
(116, 145, 21, 5),
(134, 145, 5, 15),
(175, 145, 27, 2),
(204, 145, 23, 4),
(840, 145, 13, 9),
(856, 145, 7, 13),
(861, 145, 30, 1),
(887, 145, 1, 20),
(896, 145, 3, 18),
(905, 145, 17, 7),
(32, 146, 13, 9),
(42, 146, 8, 12),
(61, 146, 27, 2),
(73, 146, 3, 17),
(76, 146, 7, 13),
(79, 146, 2, 18),
(142, 146, 25, 3),
(154, 146, 15, 8),
(169, 146, 30, 1),
(171, 146, 5, 15),
(172, 146, 9, 11),
(271, 146, 19, 6),
(679, 146, 21, 5),
(840, 146, 17, 7),
(880, 146, 6, 14),
(887, 146, 1, 19),
(890, 146, 4, 16),
(895, 146, 23, 4),
(899, 146, 10, 10),
(10, 147, 1, 20),
(12, 147, 3, 18),
(25, 147, 4, 17),
(42, 147, 27, 2),
(53, 147, 6, 15),
(59, 147, 10, 10),
(79, 147, 9, 11),
(116, 147, 30, 1),
(133, 147, 17, 7),
(154, 147, 2, 19),
(175, 147, 13, 9),
(204, 147, 7, 13),
(327, 147, 8, 12),
(679, 147, 21, 5),
(840, 147, 23, 4),
(876, 147, 19, 6),
(887, 147, 15, 8),
(896, 147, 25, 3),
(916, 147, 5, 16),
(3, 148, 19, 6),
(10, 148, 3, 18),
(11, 148, 25, 3),
(12, 148, 23, 4),
(25, 148, 5, 15),
(53, 148, 1, 21),
(59, 148, 27, 2),
(97, 148, 15, 8),
(116, 148, 8, 12),
(119, 148, 7, 13),
(142, 148, 9, 11),
(154, 148, 4, 17),
(169, 148, 10, 10),
(511, 148, 30, 1),
(679, 148, 21, 5),
(840, 148, 17, 7),
(874, 148, 6, 14),
(876, 148, 2, 20),
(896, 148, 13, 9),
(12, 149, 3, 17),
(13, 149, 5, 15),
(59, 149, 1, 19),
(77, 149, 19, 6),
(112, 149, 10, 10),
(116, 149, 8, 12),
(133, 149, 23, 4),
(141, 149, 21, 5),
(169, 149, 25, 3),
(175, 149, 15, 8),
(204, 149, 4, 16),
(208, 149, 17, 7),
(271, 149, 6, 14),
(327, 149, 9, 11),
(511, 149, 13, 9),
(872, 149, 27, 2),
(887, 149, 7, 13),
(890, 149, 2, 18),
(926, 149, 30, 1),
(2, 150, 10, 10),
(3, 150, 15, 8),
(7, 150, 4, 18),
(8, 150, 3, 19),
(10, 150, 9, 11),
(11, 150, 21, 5),
(12, 150, 7, 14),
(13, 150, 2, 21),
(47, 150, 1, 22),
(61, 150, 27, 2),
(79, 150, 17, 7),
(83, 150, 5, 17),
(142, 150, 23, 4),
(208, 150, 6, 16),
(248, 150, 30, 1),
(861, 150, 25, 3),
(872, 150, 19, 6),
(896, 150, 13, 9),
(905, 150, 8, 13),
(2, 151, 23, 4),
(10, 151, 21, 5),
(12, 151, 15, 8),
(16, 151, 1, 19),
(42, 151, 27, 2),
(46, 151, 6, 14),
(47, 151, 5, 15),
(61, 151, 10, 10),
(141, 151, 4, 16),
(208, 151, 7, 13),
(248, 151, 8, 12),
(271, 151, 25, 3),
(511, 151, 30, 1),
(679, 151, 3, 17),
(876, 151, 9, 11),
(880, 151, 19, 6),
(887, 151, 2, 18),
(905, 151, 13, 9),
(926, 151, 17, 7),
(1, 152, 7, 13),
(2, 152, 15, 8),
(12, 152, 25, 3),
(25, 152, 30, 1),
(41, 152, 8, 12),
(42, 152, 5, 15),
(47, 152, 17, 7),
(53, 152, 1, 19),
(59, 152, 21, 5),
(76, 152, 4, 16),
(79, 152, 6, 14),
(133, 152, 10, 10),
(154, 152, 27, 2),
(204, 152, 3, 17),
(271, 152, 2, 18),
(555, 152, 9, 11),
(674, 152, 13, 9),
(873, 152, 19, 6),
(876, 152, 23, 4),
(2, 153, 2, 20),
(10, 153, 23, 4),
(11, 153, 4, 18),
(13, 153, 8, 13),
(18, 153, 13, 10),
(23, 153, 7, 15),
(25, 153, 30, 1),
(27, 153, 3, 19),
(32, 153, 27, 2),
(73, 153, 21, 5),
(77, 153, 17, 8),
(83, 153, 19, 6),
(154, 153, 15, 9),
(172, 153, 9, 12),
(204, 153, 6, 16),
(679, 153, 1, 21),
(873, 153, 25, 3),
(925, 153, 10, 11),
(930, 153, 5, 17),
(1, 154, 23, 4),
(2, 154, 19, 6),
(10, 154, 6, 14),
(16, 154, 2, 18),
(27, 154, 27, 2),
(42, 154, 7, 13),
(51, 154, 15, 8),
(77, 154, 21, 5),
(83, 154, 13, 9),
(112, 154, 10, 10),
(133, 154, 4, 16),
(154, 154, 30, 1),
(172, 154, 5, 15),
(175, 154, 9, 11),
(204, 154, 17, 7),
(555, 154, 3, 17),
(876, 154, 25, 3),
(880, 154, 8, 12),
(899, 154, 1, 19),
(2, 155, 8, 12),
(10, 155, 2, 18),
(27, 155, 10, 10),
(32, 155, 4, 16),
(42, 155, 21, 5),
(77, 155, 23, 4),
(82, 155, 3, 17),
(83, 155, 9, 11),
(97, 155, 6, 14),
(133, 155, 15, 8),
(172, 155, 1, 19),
(175, 155, 19, 6),
(182, 155, 7, 13),
(271, 155, 13, 9),
(555, 155, 27, 2),
(651, 155, 5, 15),
(679, 155, 25, 3),
(861, 155, 17, 7),
(873, 155, 30, 1),
(2, 156, 6, 14),
(8, 156, 13, 9),
(32, 156, 15, 8),
(38, 156, 27, 2),
(42, 156, 23, 4),
(43, 156, 8, 12),
(47, 156, 17, 7),
(51, 156, 21, 5),
(79, 156, 7, 13),
(82, 156, 19, 6),
(133, 156, 25, 3),
(182, 156, 3, 17),
(248, 156, 1, 20),
(256, 156, 30, 1),
(679, 156, 9, 11),
(861, 156, 2, 18),
(890, 156, 10, 10),
(899, 156, 5, 15),
(930, 156, 4, 16),
(1, 157, 30, 1),
(2, 157, 27, 2),
(10, 157, 15, 8),
(27, 157, 10, 10),
(41, 157, 3, 17),
(42, 157, 8, 12),
(77, 157, 23, 4),
(79, 157, 4, 16),
(116, 157, 19, 6),
(141, 157, 25, 3),
(142, 157, 21, 5),
(172, 157, 17, 7),
(271, 157, 13, 9),
(555, 157, 6, 14),
(861, 157, 5, 15),
(876, 157, 7, 13),
(880, 157, 2, 18),
(890, 157, 9, 11),
(896, 157, 1, 19),
(2, 158, 19, 6),
(8, 158, 23, 4),
(9, 158, 7, 13),
(10, 158, 27, 2),
(11, 158, 30, 1),
(15, 158, 21, 5),
(23, 158, 10, 10),
(25, 158, 6, 15),
(32, 158, 4, 17),
(41, 158, 8, 12),
(42, 158, 5, 16),
(47, 158, 2, 19),
(77, 158, 1, 20),
(172, 158, 17, 7),
(175, 158, 13, 9),
(506, 158, 25, 3),
(555, 158, 15, 8),
(874, 158, 9, 11),
(876, 158, 3, 18),
(1, 159, 19, 6),
(25, 159, 4, 17),
(76, 159, 13, 9),
(82, 159, 30, 1),
(83, 159, 3, 18),
(116, 159, 7, 14),
(141, 159, 9, 11),
(168, 159, 25, 3),
(216, 159, 1, 20),
(256, 159, 15, 8),
(271, 159, 8, 13),
(506, 159, 17, 7),
(555, 159, 21, 5),
(679, 159, 2, 19),
(861, 159, 27, 2),
(874, 159, 10, 10),
(876, 159, 5, 16),
(890, 159, 23, 4),
(896, 159, 6, 15),
(10, 160, 5, 15),
(11, 160, 8, 12),
(12, 160, 1, 19),
(23, 160, 19, 6),
(41, 160, 7, 13),
(42, 160, 23, 4),
(79, 160, 6, 14),
(116, 160, 30, 1),
(133, 160, 15, 8),
(154, 160, 10, 10),
(172, 160, 21, 5),
(175, 160, 25, 3),
(193, 160, 17, 7),
(283, 160, 27, 2),
(890, 160, 9, 11),
(896, 160, 2, 18),
(899, 160, 13, 9),
(911, 160, 4, 16),
(930, 160, 3, 17),
(1, 161, 25, 3),
(11, 161, 19, 6),
(16, 161, 2, 18),
(17, 161, 27, 2),
(25, 161, 15, 8),
(32, 161, 30, 1),
(53, 161, 8, 12),
(80, 161, 13, 9),
(83, 161, 9, 11),
(141, 161, 5, 15),
(168, 161, 21, 5),
(175, 161, 17, 7),
(204, 161, 3, 17),
(511, 161, 23, 4),
(679, 161, 6, 14),
(876, 161, 1, 19),
(880, 161, 4, 16),
(887, 161, 10, 10),
(890, 161, 7, 13),
(1, 162, 10, 10),
(2, 162, 1, 19),
(8, 162, 27, 2),
(10, 162, 3, 17),
(11, 162, 9, 11),
(27, 162, 8, 12),
(61, 162, 7, 13),
(116, 162, 30, 1),
(134, 162, 4, 16),
(204, 162, 2, 18),
(506, 162, 21, 5),
(511, 162, 13, 9),
(861, 162, 6, 14),
(876, 162, 25, 3),
(887, 162, 23, 4),
(890, 162, 5, 15),
(895, 162, 15, 8),
(896, 162, 19, 6),
(899, 162, 17, 7),
(1, 163, 15, 8),
(2, 163, 23, 4),
(16, 163, 21, 5),
(17, 163, 4, 16),
(25, 163, 8, 12),
(27, 163, 1, 19),
(34, 163, 30, 1),
(46, 163, 3, 17),
(53, 163, 25, 3),
(83, 163, 6, 14),
(133, 163, 5, 15),
(141, 163, 10, 10),
(175, 163, 17, 7),
(204, 163, 2, 18),
(555, 163, 13, 9),
(674, 163, 9, 11),
(819, 163, 7, 13),
(876, 163, 27, 2),
(890, 163, 19, 6),
(1, 164, 3, 13),
(8, 164, 6, 10),
(10, 164, 7, 9),
(11, 164, 10, 6),
(17, 164, 15, 4),
(23, 164, 1, 15),
(25, 164, 5, 11),
(46, 164, 17, 3),
(116, 164, 21, 1),
(119, 164, 9, 7),
(137, 164, 19, 2),
(175, 164, 13, 5),
(271, 164, 8, 8),
(880, 164, 2, 14),
(899, 164, 4, 12),
(2, 165, 15, 8),
(10, 165, 9, 11),
(17, 165, 13, 9),
(25, 165, 21, 5),
(42, 165, 8, 12),
(46, 165, 4, 16),
(83, 165, 2, 18),
(97, 165, 27, 2),
(131, 165, 19, 6),
(141, 165, 6, 14),
(169, 165, 7, 13),
(204, 165, 30, 1),
(283, 165, 5, 15),
(873, 165, 10, 10),
(886, 165, 1, 19),
(890, 165, 23, 4),
(899, 165, 25, 3),
(930, 165, 17, 7),
(943, 165, 3, 17),
(8, 166, 30, 1),
(10, 166, 19, 6),
(12, 166, 9, 11),
(16, 166, 7, 13),
(27, 166, 21, 5),
(42, 166, 10, 10),
(51, 166, 27, 2),
(97, 166, 25, 3),
(116, 166, 2, 18),
(169, 166, 1, 19),
(175, 166, 5, 15);
INSERT INTO `results` (`player_id`, `tournament_id`, `points`, `position`) VALUES
(204, 166, 6, 14),
(212, 166, 3, 17),
(283, 166, 17, 7),
(555, 166, 15, 8),
(651, 166, 23, 4),
(880, 166, 8, 12),
(887, 166, 4, 16),
(890, 166, 13, 9),
(1, 167, 3, 20),
(2, 167, 10, 12),
(6, 167, 2, 21),
(10, 167, 30, 2),
(25, 167, 13, 11),
(41, 167, 23, 5),
(42, 167, 27, 3),
(82, 167, 8, 14),
(83, 167, 9, 13),
(93, 167, 6, 17),
(154, 167, 4, 19),
(193, 167, 5, 18),
(283, 167, 25, 4),
(873, 167, 7, 15),
(874, 167, 21, 6),
(876, 167, 19, 7),
(890, 167, 1, 22),
(891, 167, 17, 8),
(899, 167, 15, 9),
(2, 168, 5, 15),
(10, 168, 27, 2),
(12, 168, 13, 9),
(17, 168, 30, 1),
(42, 168, 2, 18),
(43, 168, 1, 19),
(53, 168, 6, 14),
(83, 168, 3, 17),
(97, 168, 8, 12),
(154, 168, 7, 13),
(169, 168, 10, 10),
(216, 168, 17, 7),
(506, 168, 19, 6),
(679, 168, 25, 3),
(876, 168, 23, 4),
(887, 168, 4, 16),
(890, 168, 9, 11),
(891, 168, 21, 5),
(899, 168, 15, 8),
(1, 169, 9, 12),
(11, 169, 8, 13),
(12, 169, 6, 15),
(13, 169, 2, 20),
(16, 169, 30, 1),
(17, 169, 4, 18),
(31, 169, 5, 16),
(34, 169, 23, 4),
(37, 169, 19, 6),
(41, 169, 7, 14),
(42, 169, 25, 3),
(43, 169, 15, 9),
(53, 169, 21, 5),
(83, 169, 3, 19),
(137, 169, 13, 10),
(142, 169, 10, 11),
(876, 169, 17, 7),
(880, 169, 27, 2),
(890, 169, 1, 21),
(9, 170, 8, 9),
(10, 170, 6, 11),
(11, 170, 4, 13),
(12, 170, 17, 3),
(16, 170, 9, 8),
(27, 170, 15, 4),
(34, 170, 13, 6),
(97, 170, 7, 10),
(116, 170, 21, 1),
(146, 170, 5, 12),
(154, 170, 3, 14),
(204, 170, 2, 15),
(511, 170, 19, 2),
(880, 170, 10, 7),
(930, 170, 1, 16),
(10, 171, 8, 8),
(11, 171, 6, 10),
(12, 171, 19, 2),
(16, 171, 7, 9),
(27, 171, 13, 5),
(31, 171, 21, 1),
(42, 171, 10, 6),
(82, 171, 3, 13),
(89, 171, 9, 7),
(97, 171, 5, 11),
(283, 171, 1, 15),
(350, 171, 4, 12),
(876, 171, 15, 4),
(880, 171, 2, 14),
(899, 171, 17, 3),
(2, 172, 6, 10),
(12, 172, 8, 8),
(25, 172, 4, 12),
(27, 172, 9, 7),
(41, 172, 19, 2),
(42, 172, 15, 4),
(43, 172, 10, 6),
(97, 172, 17, 3),
(116, 172, 7, 9),
(169, 172, 1, 15),
(175, 172, 21, 1),
(216, 172, 3, 13),
(511, 172, 13, 5),
(876, 172, 5, 11),
(930, 172, 2, 14),
(2, 173, 10, 6),
(7, 173, 8, 8),
(11, 173, 19, 2),
(17, 173, 13, 5),
(25, 173, 2, 14),
(27, 173, 6, 10),
(37, 173, 3, 13),
(83, 173, 4, 12),
(97, 173, 21, 1),
(142, 173, 17, 3),
(674, 173, 7, 9),
(874, 173, 1, 15),
(890, 173, 15, 4),
(899, 173, 9, 7),
(930, 173, 5, 11),
(1, 174, 7, 9),
(2, 174, 15, 4),
(8, 174, 6, 10),
(10, 174, 10, 6),
(12, 174, 1, 15),
(16, 174, 4, 12),
(42, 174, 5, 11),
(43, 174, 21, 1),
(137, 174, 3, 13),
(154, 174, 9, 7),
(204, 174, 8, 8),
(876, 174, 13, 5),
(890, 174, 17, 3),
(895, 174, 19, 2),
(899, 174, 2, 14),
(2, 175, 15, 9),
(17, 175, 25, 3),
(27, 175, 5, 16),
(31, 175, 3, 18),
(42, 175, 30, 1),
(59, 175, 13, 10),
(83, 175, 27, 2),
(97, 175, 7, 14),
(131, 175, 9, 12),
(154, 175, 4, 17),
(169, 175, 21, 6),
(506, 175, 23, 5),
(555, 175, 17, 8),
(651, 175, 2, 19),
(873, 175, 8, 13),
(876, 175, 19, 7),
(891, 175, 1, 20),
(931, 175, 6, 15),
(943, 175, 10, 11),
(1, 176, 9, 11),
(2, 176, 19, 6),
(12, 176, 4, 17),
(13, 176, 10, 10),
(17, 176, 25, 3),
(37, 176, 3, 18),
(42, 176, 23, 4),
(59, 176, 7, 14),
(83, 176, 15, 8),
(141, 176, 1, 20),
(154, 176, 8, 12),
(256, 176, 27, 2),
(555, 176, 13, 9),
(855, 176, 21, 5),
(876, 176, 17, 7),
(890, 176, 30, 1),
(891, 176, 2, 19),
(896, 176, 6, 15),
(930, 176, 5, 16),
(2, 177, 21, 1),
(11, 177, 15, 4),
(12, 177, 5, 12),
(13, 177, 13, 5),
(16, 177, 1, 16),
(17, 177, 3, 14),
(27, 177, 7, 10),
(43, 177, 9, 8),
(83, 177, 17, 3),
(116, 177, 6, 11),
(506, 177, 10, 6),
(555, 177, 2, 15),
(896, 177, 19, 2),
(943, 177, 8, 9),
(953, 177, 4, 13),
(2, 178, 15, 4),
(11, 178, 21, 1),
(17, 178, 10, 6),
(65, 178, 2, 15),
(82, 178, 13, 5),
(83, 178, 7, 9),
(97, 178, 9, 7),
(115, 178, 8, 8),
(116, 178, 6, 10),
(169, 178, 5, 11),
(651, 178, 1, 16),
(876, 178, 17, 3),
(887, 178, 19, 2),
(890, 178, 4, 13),
(891, 178, 3, 14),
(12, 179, 9, 7),
(17, 179, 19, 2),
(27, 179, 5, 11),
(42, 179, 3, 13),
(53, 179, 17, 3),
(82, 179, 4, 12),
(83, 179, 8, 8),
(256, 179, 13, 5),
(506, 179, 2, 14),
(555, 179, 1, 15),
(876, 179, 21, 1),
(887, 179, 6, 10),
(895, 179, 15, 4),
(930, 179, 10, 6),
(957, 179, 7, 9),
(1, 180, 9, 11),
(10, 180, 10, 10),
(11, 180, 30, 1),
(12, 180, 19, 6),
(17, 180, 13, 9),
(25, 180, 2, 20),
(28, 180, 1, 21),
(37, 180, 8, 12),
(59, 180, 6, 14),
(98, 180, 7, 13),
(116, 180, 21, 5),
(131, 180, 27, 2),
(141, 180, 4, 18),
(169, 180, 17, 7),
(840, 180, 3, 19),
(876, 180, 25, 3),
(943, 180, 5, 15),
(951, 180, 15, 8),
(953, 180, 23, 4),
(2, 181, 5, 11),
(9, 181, 6, 10),
(17, 181, 15, 4),
(27, 181, 19, 2),
(53, 181, 13, 5),
(82, 181, 7, 9),
(169, 181, 3, 13),
(506, 181, 9, 7),
(651, 181, 17, 3),
(876, 181, 1, 15),
(887, 181, 8, 8),
(895, 181, 21, 1),
(930, 181, 2, 14),
(953, 181, 10, 6),
(958, 181, 4, 12),
(2, 182, 6, 11),
(13, 182, 4, 13),
(17, 182, 15, 4),
(25, 182, 2, 15),
(41, 182, 8, 9),
(42, 182, 7, 10),
(76, 182, 1, 16),
(116, 182, 3, 14),
(169, 182, 19, 2),
(204, 182, 13, 5),
(876, 182, 9, 7),
(896, 182, 5, 12),
(930, 182, 17, 3),
(953, 182, 21, 1),
(958, 182, 10, 6),
(2, 183, 10, 6),
(10, 183, 1, 15),
(12, 183, 9, 7),
(31, 183, 2, 14),
(41, 183, 5, 11),
(46, 183, 4, 12),
(59, 183, 13, 5),
(96, 183, 3, 13),
(97, 183, 7, 9),
(256, 183, 17, 3),
(511, 183, 21, 1),
(857, 183, 15, 4),
(887, 183, 19, 2),
(899, 183, 6, 10),
(930, 183, 8, 8),
(2, 184, 15, 1),
(12, 184, 10, 3),
(17, 184, 7, 6),
(34, 184, 4, 9),
(83, 184, 6, 7),
(97, 184, 2, 11),
(204, 184, 5, 8),
(651, 184, 8, 5),
(887, 184, 9, 4),
(930, 184, 13, 2),
(953, 184, 1, 12),
(957, 184, 3, 10),
(1, 185, 15, 1),
(10, 185, 7, 6),
(43, 185, 3, 10),
(83, 185, 13, 2),
(97, 185, 4, 9),
(142, 185, 10, 3),
(171, 185, 5, 8),
(204, 185, 8, 5),
(855, 185, 9, 4),
(876, 185, 6, 7),
(887, 185, 1, 12),
(953, 185, 2, 11),
(10, 186, 7, 6),
(12, 186, 13, 2),
(13, 186, 5, 9),
(27, 186, 6, 7),
(34, 186, 8, 5),
(118, 186, 2, 13),
(119, 186, 1, 14),
(169, 186, 4, 10),
(876, 186, 9, 4),
(887, 186, 15, 1),
(953, 186, 3, 12),
(957, 186, 10, 3),
(2, 187, 8, 6),
(10, 187, 15, 1),
(13, 187, 6, 8),
(15, 187, 1, 13),
(16, 187, 3, 11),
(27, 187, 4, 10),
(43, 187, 7, 7),
(169, 187, 5, 9),
(204, 187, 9, 5),
(506, 187, 2, 12),
(876, 187, 10, 3),
(943, 187, 13, 2),
(2, 188, 19, 2),
(9, 188, 10, 6),
(10, 188, 15, 4),
(16, 188, 8, 8),
(17, 188, 21, 1),
(43, 188, 3, 14),
(97, 188, 9, 7),
(142, 188, 17, 3),
(204, 188, 1, 16),
(256, 188, 7, 10),
(511, 188, 4, 13),
(876, 188, 6, 11),
(890, 188, 5, 12),
(930, 188, 2, 15),
(958, 188, 13, 5),
(1, 189, 3, 10),
(8, 189, 1, 12),
(10, 189, 5, 8),
(12, 189, 7, 6),
(28, 189, 9, 4),
(116, 189, 2, 11),
(169, 189, 6, 7),
(204, 189, 13, 2),
(855, 189, 15, 1),
(867, 189, 8, 5),
(899, 189, 4, 9),
(953, 189, 10, 3),
(1, 190, 7, 6),
(2, 190, 8, 5),
(10, 190, 3, 11),
(12, 190, 5, 9),
(27, 190, 4, 10),
(59, 190, 15, 1),
(79, 190, 2, 12),
(97, 190, 10, 3),
(116, 190, 6, 7),
(169, 190, 1, 13),
(379, 190, 9, 4),
(958, 190, 13, 2),
(1, 191, 4, 9),
(10, 191, 9, 4),
(11, 191, 3, 11),
(16, 191, 8, 5),
(23, 191, 15, 1),
(27, 191, 6, 7),
(34, 191, 1, 13),
(169, 191, 7, 6),
(256, 191, 13, 2),
(887, 191, 2, 12),
(951, 191, 5, 8),
(953, 191, 10, 3),
(11, 192, 7, 7),
(12, 192, 1, 13),
(16, 192, 9, 5),
(59, 192, 5, 9),
(61, 192, 15, 1),
(96, 192, 6, 8),
(142, 192, 1, 15),
(169, 192, 13, 2),
(204, 192, 4, 12),
(855, 192, 10, 3),
(951, 192, 2, 14),
(958, 192, 8, 6),
(8, 193, 13, 2),
(10, 193, 5, 8),
(11, 193, 1, 12),
(16, 193, 7, 6),
(27, 193, 15, 1),
(137, 193, 3, 10),
(154, 193, 10, 3),
(169, 193, 6, 7),
(379, 193, 4, 9),
(873, 193, 2, 11),
(953, 193, 8, 5),
(958, 193, 9, 4),
(1, 194, 10, 3),
(2, 194, 7, 6),
(11, 194, 1, 12),
(13, 194, 8, 5),
(16, 194, 13, 2),
(27, 194, 6, 7),
(89, 194, 4, 9),
(97, 194, 2, 11),
(169, 194, 15, 1),
(204, 194, 3, 10),
(887, 194, 9, 4),
(951, 194, 5, 8),
(3, 195, 15, 1),
(6, 195, 3, 10),
(10, 195, 6, 7),
(13, 195, 9, 4),
(16, 195, 10, 3),
(25, 195, 1, 12),
(256, 195, 8, 5),
(855, 195, 13, 2),
(887, 195, 5, 8),
(899, 195, 4, 9),
(953, 195, 7, 6),
(958, 195, 2, 11),
(1, 196, 7, 6),
(2, 196, 9, 4),
(11, 196, 1, 12),
(12, 196, 10, 3),
(16, 196, 8, 5),
(25, 196, 5, 8),
(34, 196, 2, 11),
(169, 196, 15, 1),
(204, 196, 4, 9),
(887, 196, 6, 7),
(953, 196, 13, 2),
(958, 196, 3, 10),
(1, 197, 10, 3),
(16, 197, 6, 8),
(25, 197, 8, 6),
(26, 197, 4, 10),
(79, 197, 13, 2),
(97, 197, 3, 11),
(117, 197, 5, 9),
(169, 197, 9, 4),
(256, 197, 2, 12),
(840, 197, 7, 7),
(899, 197, 1, 13),
(957, 197, 15, 1),
(1, 198, 5, 9),
(11, 198, 15, 1),
(12, 198, 8, 5),
(16, 198, 4, 10),
(25, 198, 7, 7),
(27, 198, 2, 12),
(97, 198, 9, 4),
(169, 198, 13, 2),
(204, 198, 1, 13),
(840, 198, 3, 11),
(867, 198, 10, 3),
(958, 198, 6, 8),
(10, 199, 4, 9),
(19, 199, 15, 1),
(25, 199, 10, 3),
(89, 199, 5, 8),
(169, 199, 13, 2),
(256, 199, 3, 10),
(717, 199, 6, 7),
(876, 199, 7, 6),
(899, 199, 1, 12),
(953, 199, 9, 4),
(957, 199, 2, 11),
(966, 199, 8, 5),
(3, 200, 10, 3),
(12, 200, 13, 2),
(16, 200, 8, 5),
(25, 200, 2, 11),
(59, 200, 6, 7),
(96, 200, 15, 1),
(169, 200, 4, 9),
(204, 200, 3, 10),
(258, 200, 7, 6),
(880, 200, 5, 8),
(953, 200, 1, 12),
(966, 200, 9, 4),
(11, 201, 1, 12),
(12, 201, 9, 4),
(27, 201, 13, 2),
(28, 201, 10, 3),
(48, 201, 8, 5),
(59, 201, 2, 11),
(97, 201, 4, 9),
(116, 201, 6, 7),
(258, 201, 7, 6),
(876, 201, 15, 1),
(890, 201, 5, 8),
(951, 201, 3, 10),
(2, 202, 13, 2),
(12, 202, 9, 4),
(17, 202, 7, 6),
(27, 202, 2, 11),
(34, 202, 15, 1),
(48, 202, 10, 3),
(97, 202, 5, 8),
(116, 202, 1, 12),
(169, 202, 4, 9),
(840, 202, 3, 10),
(966, 202, 8, 5),
(969, 202, 6, 7),
(10, 203, 6, 7),
(12, 203, 9, 4),
(34, 203, 10, 3),
(41, 203, 7, 6),
(89, 203, 15, 1),
(117, 203, 13, 2),
(204, 203, 5, 8),
(887, 203, 2, 11),
(966, 203, 4, 9),
(968, 203, 8, 5),
(970, 203, 1, 12),
(10, 204, 5, 8),
(11, 204, 3, 10),
(13, 204, 1, 12),
(48, 204, 10, 3),
(79, 204, 6, 7),
(97, 204, 13, 2),
(154, 204, 2, 11),
(169, 204, 9, 4),
(204, 204, 7, 6),
(854, 204, 15, 1),
(966, 204, 8, 5),
(968, 204, 4, 9),
(2, 205, 6, 10),
(11, 205, 9, 7),
(12, 205, 17, 3),
(25, 205, 1, 15),
(31, 205, 19, 2),
(89, 205, 13, 5),
(142, 205, 5, 11),
(169, 205, 21, 1),
(204, 205, 2, 14),
(840, 205, 7, 9),
(887, 205, 8, 8),
(905, 205, 3, 13),
(966, 205, 15, 4),
(970, 205, 4, 12),
(972, 205, 10, 6),
(27, 206, 1, 12),
(28, 206, 8, 5),
(34, 206, 13, 2),
(61, 206, 3, 10),
(90, 206, 10, 3),
(97, 206, 9, 4),
(204, 206, 5, 8),
(854, 206, 15, 1),
(876, 206, 2, 11),
(969, 206, 7, 6),
(971, 206, 4, 9),
(972, 206, 6, 7),
(2, 207, 10, 3),
(12, 207, 8, 5),
(27, 207, 9, 4),
(53, 207, 4, 9),
(97, 207, 7, 6),
(142, 207, 6, 7),
(169, 207, 5, 8),
(867, 207, 2, 11),
(887, 207, 3, 10),
(951, 207, 1, 12),
(966, 207, 13, 2),
(968, 207, 15, 1),
(1, 208, 3, 10),
(10, 208, 5, 8),
(12, 208, 10, 3),
(16, 208, 6, 7),
(34, 208, 1, 12),
(80, 208, 9, 4),
(97, 208, 2, 11),
(169, 208, 7, 6),
(504, 208, 4, 9),
(876, 208, 15, 1),
(966, 208, 13, 2),
(968, 208, 8, 5),
(2, 209, 5, 8),
(16, 209, 9, 4),
(27, 209, 8, 5),
(55, 209, 4, 9),
(59, 209, 1, 12),
(97, 209, 7, 6),
(116, 209, 2, 11),
(142, 209, 3, 10),
(169, 209, 15, 1),
(255, 209, 10, 3),
(504, 209, 6, 7),
(840, 209, 13, 2),
(2, 210, 17, 8),
(12, 210, 10, 12),
(16, 210, 5, 19),
(41, 210, 30, 1),
(79, 210, 23, 4),
(97, 210, 27, 2),
(142, 210, 1, 23),
(163, 210, 4, 20),
(169, 210, 19, 7),
(204, 210, 25, 3),
(504, 210, 13, 10),
(695, 210, 9, 13),
(840, 210, 2, 22),
(876, 210, 21, 5),
(880, 210, 6, 18),
(969, 210, 7, 16),
(970, 210, 8, 14),
(972, 210, 15, 9),
(976, 210, 3, 21),
(16, 211, 5, 11),
(41, 211, 21, 1),
(55, 211, 6, 10),
(80, 211, 7, 9),
(142, 211, 15, 4),
(169, 211, 8, 8),
(289, 211, 9, 7),
(404, 211, 3, 13),
(504, 211, 1, 15),
(695, 211, 10, 6),
(840, 211, 13, 5),
(966, 211, 19, 2),
(970, 211, 4, 12),
(973, 211, 2, 14),
(978, 211, 17, 3),
(10, 212, 8, 8),
(12, 212, 4, 12),
(13, 212, 7, 9),
(55, 212, 1, 17),
(83, 212, 5, 11),
(169, 212, 19, 2),
(175, 212, 21, 1),
(289, 212, 15, 4),
(695, 212, 17, 3),
(840, 212, 3, 13),
(876, 212, 13, 5),
(887, 212, 10, 6),
(899, 212, 2, 14),
(966, 212, 6, 10),
(976, 212, 9, 7),
(27, 213, 3, 10),
(41, 213, 6, 7),
(79, 213, 4, 9),
(97, 213, 5, 8),
(116, 213, 8, 5),
(133, 213, 7, 6),
(169, 213, 9, 4),
(271, 213, 2, 12),
(348, 213, 1, 13),
(404, 213, 13, 2),
(975, 213, 15, 1),
(981, 213, 10, 3),
(25, 214, 8, 10),
(27, 214, 6, 12),
(41, 214, 5, 13),
(55, 214, 10, 8),
(79, 214, 15, 6),
(96, 214, 9, 9),
(97, 214, 4, 14),
(163, 214, 7, 11),
(169, 214, 17, 3),
(504, 214, 2, 16),
(840, 214, 19, 2),
(966, 214, 13, 7),
(976, 214, 1, 17),
(978, 214, 21, 1),
(986, 214, 3, 15),
(13, 215, 19, 2),
(16, 215, 4, 12),
(27, 215, 17, 3),
(55, 215, 15, 4),
(79, 215, 10, 6),
(96, 215, 21, 1),
(97, 215, 7, 9),
(142, 215, 2, 14),
(169, 215, 13, 5),
(175, 215, 5, 11),
(193, 215, 8, 8),
(204, 215, 6, 10),
(855, 215, 9, 7),
(887, 215, 1, 15),
(970, 215, 3, 13),
(2, 216, 5, 9),
(12, 216, 9, 4),
(15, 216, 15, 1),
(28, 216, 10, 3),
(79, 216, 1, 13),
(142, 216, 2, 12),
(169, 216, 6, 8),
(204, 216, 7, 7),
(261, 216, 3, 11),
(379, 216, 4, 10),
(899, 216, 13, 2),
(966, 216, 8, 5),
(2, 217, 9, 8),
(11, 217, 4, 14),
(12, 217, 17, 3),
(15, 217, 19, 2),
(16, 217, 8, 9),
(27, 217, 13, 5),
(41, 217, 21, 1),
(169, 217, 5, 13),
(202, 217, 7, 10),
(504, 217, 10, 7),
(840, 217, 3, 15),
(899, 217, 2, 16),
(975, 217, 6, 12),
(978, 217, 1, 17),
(986, 217, 15, 4),
(2, 218, 13, 2),
(10, 218, 8, 5),
(11, 218, 4, 9),
(12, 218, 6, 7),
(16, 218, 9, 4),
(79, 218, 3, 10),
(93, 218, 10, 3),
(116, 218, 15, 1),
(169, 218, 5, 8),
(504, 218, 2, 11),
(966, 218, 7, 6),
(978, 218, 1, 12),
(1, 219, 15, 1),
(8, 219, 3, 10),
(11, 219, 6, 7),
(16, 219, 4, 9),
(25, 219, 9, 4),
(27, 219, 5, 8),
(132, 219, 2, 11),
(159, 219, 8, 5),
(205, 219, 10, 3),
(899, 219, 1, 12),
(957, 219, 13, 2),
(976, 219, 7, 6),
(2, 220, 7, 6),
(10, 220, 1, 12),
(11, 220, 15, 1),
(27, 220, 8, 5),
(79, 220, 6, 7),
(116, 220, 2, 11),
(125, 220, 13, 2),
(141, 220, 5, 8),
(204, 220, 3, 10),
(975, 220, 4, 9),
(976, 220, 10, 3),
(986, 220, 9, 4),
(1, 221, 9, 4),
(6, 221, 5, 9),
(16, 221, 15, 1),
(83, 221, 7, 6),
(142, 221, 10, 3),
(168, 221, 6, 8),
(175, 221, 4, 10),
(193, 221, 3, 11),
(373, 221, 1, 13),
(379, 221, 2, 12),
(899, 221, 8, 5),
(976, 221, 13, 2),
(1, 222, 7, 8),
(11, 222, 9, 5),
(17, 222, 4, 11),
(27, 222, 13, 2),
(97, 222, 6, 9),
(169, 222, 5, 10),
(175, 222, 3, 12),
(193, 222, 8, 6),
(205, 222, 10, 4),
(966, 222, 2, 13),
(976, 222, 15, 1),
(986, 222, 1, 14),
(2, 223, 1, 12),
(25, 223, 13, 2),
(27, 223, 9, 4),
(96, 223, 8, 5),
(97, 223, 15, 1),
(142, 223, 5, 8),
(175, 223, 4, 9),
(204, 223, 7, 6),
(504, 223, 3, 10),
(957, 223, 10, 3),
(976, 223, 6, 7),
(986, 223, 2, 11),
(1, 224, 15, 1),
(10, 224, 8, 5),
(11, 224, 10, 3),
(16, 224, 4, 9),
(27, 224, 13, 2),
(79, 224, 7, 6),
(142, 224, 1, 12),
(175, 224, 9, 4),
(193, 224, 2, 11),
(204, 224, 5, 8),
(205, 224, 6, 7),
(971, 224, 3, 10),
(1, 225, 5, 8),
(2, 225, 8, 5),
(10, 225, 1, 12),
(11, 225, 3, 10),
(27, 225, 13, 2),
(97, 225, 2, 11),
(116, 225, 9, 4),
(142, 225, 10, 3),
(175, 225, 15, 1),
(204, 225, 6, 7),
(957, 225, 4, 9),
(990, 225, 7, 6),
(2, 226, 5, 9),
(11, 226, 13, 2),
(12, 226, 15, 1),
(27, 226, 3, 11),
(41, 226, 4, 10),
(97, 226, 9, 4),
(169, 226, 8, 5),
(175, 226, 7, 6),
(373, 226, 6, 8),
(873, 226, 10, 3),
(975, 226, 1, 13),
(990, 226, 2, 12),
(2, 227, 6, 7),
(6, 227, 5, 8),
(10, 227, 2, 12),
(11, 227, 1, 13),
(41, 227, 13, 2),
(125, 227, 10, 3),
(142, 227, 15, 1),
(887, 227, 3, 11),
(966, 227, 9, 4),
(971, 227, 8, 5),
(976, 227, 4, 9),
(986, 227, 7, 6),
(1, 228, 2, 12),
(10, 228, 5, 8),
(16, 228, 15, 1),
(25, 228, 3, 10),
(27, 228, 7, 6),
(97, 228, 8, 5),
(142, 228, 10, 3),
(204, 228, 4, 9),
(873, 228, 9, 4),
(971, 228, 6, 7),
(976, 228, 1, 13),
(978, 228, 13, 2),
(2, 229, 9, 4),
(7, 229, 2, 12),
(10, 229, 6, 7),
(12, 229, 13, 2),
(25, 229, 10, 3),
(132, 229, 5, 8),
(142, 229, 1, 13),
(168, 229, 7, 6),
(966, 229, 15, 1),
(971, 229, 4, 9),
(986, 229, 8, 5),
(989, 229, 3, 11),
(1, 230, 10, 3),
(10, 230, 3, 10),
(11, 230, 6, 7),
(16, 230, 15, 1),
(17, 230, 7, 6),
(41, 230, 2, 11),
(175, 230, 13, 2),
(378, 230, 8, 5),
(504, 230, 1, 12),
(966, 230, 5, 8),
(971, 230, 4, 9),
(976, 230, 9, 4),
(1, 231, 5, 8),
(10, 231, 2, 11),
(12, 231, 9, 4),
(27, 231, 10, 3),
(92, 231, 3, 10),
(97, 231, 15, 1),
(175, 231, 6, 7),
(204, 231, 13, 2),
(899, 231, 4, 9),
(966, 231, 7, 6),
(976, 231, 8, 5),
(978, 231, 1, 12),
(1, 232, 13, 2),
(2, 232, 5, 8),
(11, 232, 15, 1),
(12, 232, 9, 4),
(16, 232, 10, 3),
(17, 232, 3, 10),
(27, 232, 2, 11),
(142, 232, 4, 9),
(175, 232, 1, 12),
(204, 232, 7, 6),
(971, 232, 6, 7),
(976, 232, 8, 5),
(1, 233, 13, 2),
(10, 233, 7, 6),
(12, 233, 1, 13),
(13, 233, 6, 7),
(18, 233, 15, 1),
(25, 233, 2, 12),
(27, 233, 5, 8),
(142, 233, 8, 5),
(193, 233, 4, 9),
(899, 233, 9, 4),
(966, 233, 10, 3),
(976, 233, 3, 11),
(41, 234, 5, 3),
(79, 234, 2, 4),
(116, 234, 8, 2),
(1, 235, 1, 13),
(2, 235, 9, 4),
(13, 235, 5, 9),
(17, 235, 13, 2),
(25, 235, 7, 7),
(27, 235, 2, 12),
(116, 235, 10, 3),
(133, 235, 8, 6),
(142, 235, 4, 10),
(204, 235, 3, 11),
(373, 235, 15, 1),
(971, 235, 6, 8),
(2, 236, 5, 9),
(10, 236, 9, 5),
(17, 236, 6, 8),
(25, 236, 2, 12),
(27, 236, 1, 13),
(97, 236, 7, 7),
(116, 236, 10, 4),
(168, 236, 13, 3),
(175, 236, 15, 1),
(204, 236, 3, 11),
(890, 236, 4, 10),
(971, 236, 8, 6),
(1, 237, 8, 5),
(2, 237, 4, 10),
(10, 237, 3, 11),
(11, 237, 13, 2),
(16, 237, 15, 1),
(17, 237, 9, 4),
(142, 237, 7, 7),
(154, 237, 5, 9),
(175, 237, 6, 8),
(971, 237, 1, 13),
(976, 237, 10, 3),
(990, 237, 2, 12),
(2, 238, 10, 3),
(10, 238, 8, 5),
(16, 238, 15, 1),
(17, 238, 7, 6),
(27, 238, 13, 2),
(116, 238, 2, 11),
(142, 238, 3, 10),
(154, 238, 6, 7),
(168, 238, 5, 8),
(175, 238, 9, 4),
(895, 238, 4, 9),
(966, 238, 1, 12),
(2, 239, 7, 6),
(13, 239, 2, 12),
(15, 239, 3, 11),
(16, 239, 5, 8),
(17, 239, 8, 5),
(27, 239, 13, 2),
(102, 239, 15, 1),
(168, 239, 6, 7),
(175, 239, 4, 10),
(873, 239, 9, 4),
(947, 239, 10, 3),
(971, 239, 1, 13),
(1, 240, 10, 3),
(2, 240, 2, 11),
(13, 240, 13, 2),
(17, 240, 6, 7),
(27, 240, 9, 4),
(102, 240, 15, 1),
(175, 240, 1, 12),
(378, 240, 7, 6),
(947, 240, 3, 10),
(966, 240, 4, 9),
(971, 240, 5, 8),
(976, 240, 8, 5),
(2, 241, 5, 8),
(16, 241, 8, 5),
(17, 241, 15, 1),
(27, 241, 7, 6),
(41, 241, 9, 4),
(97, 241, 3, 10),
(175, 241, 6, 7),
(193, 241, 1, 12),
(504, 241, 10, 3),
(966, 241, 4, 9),
(976, 241, 13, 2),
(990, 241, 2, 11),
(1, 242, 6, 8),
(2, 242, 7, 7),
(16, 242, 2, 12),
(25, 242, 10, 3),
(27, 242, 15, 1),
(154, 242, 1, 13),
(168, 242, 9, 4),
(169, 242, 13, 2),
(204, 242, 5, 9),
(971, 242, 3, 11),
(976, 242, 8, 5),
(990, 242, 4, 10),
(1, 243, 15, 1),
(25, 243, 1, 12),
(27, 243, 13, 2),
(97, 243, 4, 9),
(116, 243, 8, 5),
(142, 243, 9, 4),
(204, 243, 7, 6),
(899, 243, 10, 3),
(947, 243, 2, 11),
(971, 243, 6, 7),
(976, 243, 3, 10),
(990, 243, 5, 8),
(2, 244, 15, 4),
(10, 244, 7, 9),
(13, 244, 17, 3),
(17, 244, 4, 14),
(25, 244, 6, 12),
(27, 244, 5, 13),
(96, 244, 9, 7),
(142, 244, 8, 8),
(169, 244, 10, 6),
(193, 244, 1, 17),
(895, 244, 2, 16),
(966, 244, 19, 2),
(971, 244, 21, 1),
(976, 244, 3, 15),
(993, 244, 13, 5),
(2, 245, 7, 6),
(10, 245, 3, 10),
(27, 245, 15, 1),
(30, 245, 1, 12),
(96, 245, 5, 8),
(97, 245, 8, 5),
(193, 245, 2, 11),
(204, 245, 9, 4),
(899, 245, 6, 7),
(947, 245, 13, 2),
(989, 245, 4, 9),
(990, 245, 10, 3),
(2, 246, 5, 12),
(10, 246, 9, 8),
(12, 246, 4, 13),
(25, 246, 8, 9),
(27, 246, 3, 14),
(53, 246, 17, 4),
(97, 246, 13, 6),
(175, 246, 1, 16),
(204, 246, 7, 10),
(378, 246, 6, 11),
(504, 246, 2, 15),
(896, 246, 19, 3),
(899, 246, 15, 5),
(930, 246, 10, 7),
(971, 246, 21, 1),
(2, 247, 8, 8),
(16, 247, 6, 10),
(17, 247, 1, 15),
(25, 247, 13, 5),
(27, 247, 7, 9),
(52, 247, 5, 11),
(89, 247, 4, 12),
(97, 247, 10, 6),
(168, 247, 17, 3),
(193, 247, 3, 13),
(420, 247, 2, 14),
(857, 247, 15, 4),
(873, 247, 21, 1),
(966, 247, 19, 2),
(990, 247, 9, 7),
(1, 248, 21, 1),
(2, 248, 15, 4),
(10, 248, 8, 8),
(12, 248, 6, 10),
(16, 248, 7, 9),
(17, 248, 13, 5),
(27, 248, 5, 11),
(89, 248, 4, 12),
(101, 248, 2, 14),
(504, 248, 1, 15),
(674, 248, 10, 6),
(857, 248, 17, 3),
(899, 248, 19, 2),
(930, 248, 3, 13),
(976, 248, 9, 7),
(11, 249, 5, 8),
(13, 249, 1, 12),
(16, 249, 7, 6),
(17, 249, 2, 11),
(27, 249, 8, 5),
(41, 249, 3, 10),
(97, 249, 9, 4),
(101, 249, 10, 3),
(116, 249, 15, 1),
(168, 249, 13, 2),
(930, 249, 4, 9),
(976, 249, 6, 7),
(10, 250, 3, 13),
(11, 250, 4, 12),
(12, 250, 10, 6),
(27, 250, 8, 8),
(41, 250, 15, 4),
(126, 250, 6, 10),
(142, 250, 19, 2),
(175, 250, 21, 1),
(193, 250, 13, 5),
(204, 250, 7, 9),
(873, 250, 9, 7),
(930, 250, 5, 11),
(966, 250, 2, 14),
(976, 250, 1, 15),
(990, 250, 17, 3),
(2, 251, 19, 2),
(11, 251, 8, 9),
(13, 251, 4, 13),
(16, 251, 6, 11),
(27, 251, 15, 4),
(89, 251, 9, 8),
(142, 251, 13, 5),
(168, 251, 17, 3),
(204, 251, 1, 16),
(373, 251, 3, 14),
(689, 251, 7, 10),
(873, 251, 10, 6),
(954, 251, 5, 12),
(969, 251, 21, 1),
(995, 251, 2, 15),
(2, 252, 7, 9),
(10, 252, 19, 2),
(12, 252, 1, 15),
(16, 252, 10, 6),
(17, 252, 13, 5),
(27, 252, 17, 3),
(46, 252, 3, 13),
(52, 252, 4, 12),
(89, 252, 21, 1),
(193, 252, 15, 4),
(459, 252, 2, 14),
(899, 252, 6, 10),
(971, 252, 8, 8),
(995, 252, 5, 11),
(997, 252, 9, 7),
(10, 253, 1, 19),
(11, 253, 15, 8),
(13, 253, 21, 5),
(16, 253, 17, 7),
(46, 253, 3, 17),
(59, 253, 10, 10),
(96, 253, 8, 12),
(142, 253, 27, 2),
(168, 253, 2, 18),
(169, 253, 23, 4),
(869, 253, 6, 14),
(890, 253, 19, 6),
(899, 253, 7, 13),
(957, 253, 25, 3),
(969, 253, 13, 9),
(971, 253, 9, 11),
(976, 253, 4, 16),
(986, 253, 30, 1),
(995, 253, 5, 15),
(11, 254, 8, 5),
(12, 254, 15, 1),
(17, 254, 1, 13),
(27, 254, 6, 7),
(96, 254, 3, 11),
(116, 254, 7, 6),
(142, 254, 9, 4),
(169, 254, 5, 8),
(899, 254, 4, 10),
(954, 254, 10, 3),
(957, 254, 2, 12),
(995, 254, 13, 2),
(2, 255, 2, 11),
(10, 255, 10, 3),
(12, 255, 5, 8),
(16, 255, 3, 10),
(27, 255, 4, 9),
(168, 255, 1, 12),
(899, 255, 8, 5),
(930, 255, 7, 6),
(957, 255, 15, 1),
(971, 255, 13, 2),
(986, 255, 6, 7),
(995, 255, 9, 4),
(1, 256, 8, 8),
(2, 256, 2, 14),
(9, 256, 1, 15),
(10, 256, 4, 12),
(11, 256, 6, 10),
(12, 256, 9, 7),
(16, 256, 3, 13),
(27, 256, 19, 2),
(28, 256, 10, 6),
(168, 256, 17, 3),
(169, 256, 15, 4),
(373, 256, 13, 5),
(867, 256, 5, 11),
(930, 256, 7, 9),
(986, 256, 21, 1),
(2, 257, 8, 8),
(17, 257, 13, 5),
(27, 257, 3, 14),
(41, 257, 9, 7),
(52, 257, 6, 11),
(102, 257, 1, 16),
(168, 257, 10, 6),
(169, 257, 4, 13),
(175, 257, 17, 3),
(204, 257, 5, 12),
(379, 257, 15, 4),
(899, 257, 19, 2),
(976, 257, 21, 1),
(986, 257, 7, 9),
(995, 257, 2, 15),
(10, 258, 10, 3),
(12, 258, 15, 1),
(17, 258, 3, 10),
(52, 258, 8, 5),
(97, 258, 13, 2),
(169, 258, 5, 8),
(175, 258, 2, 11),
(373, 258, 9, 4),
(896, 258, 6, 7),
(947, 258, 1, 12),
(969, 258, 7, 6),
(976, 258, 4, 9),
(2, 259, 9, 7),
(16, 259, 15, 4),
(17, 259, 19, 2),
(28, 259, 2, 14),
(142, 259, 13, 5),
(168, 259, 10, 6),
(169, 259, 8, 8),
(175, 259, 17, 3),
(378, 259, 5, 11),
(504, 259, 4, 12),
(899, 259, 6, 10),
(969, 259, 3, 13),
(971, 259, 7, 9),
(976, 259, 21, 1),
(986, 259, 1, 15),
(2, 260, 2, 11),
(17, 260, 8, 5),
(25, 260, 13, 2),
(27, 260, 5, 8),
(41, 260, 9, 4),
(52, 260, 4, 9),
(169, 260, 7, 6),
(193, 260, 3, 10),
(204, 260, 6, 7),
(848, 260, 10, 3),
(969, 260, 15, 1),
(976, 260, 1, 12),
(10, 261, 8, 8),
(17, 261, 2, 14),
(27, 261, 5, 11),
(142, 261, 10, 6),
(169, 261, 7, 9),
(192, 261, 17, 3),
(373, 261, 1, 15),
(589, 261, 19, 2),
(848, 261, 21, 1),
(895, 261, 13, 5),
(899, 261, 3, 13),
(930, 261, 4, 12),
(975, 261, 15, 4),
(986, 261, 6, 10),
(990, 261, 9, 7),
(1, 262, 1, 17),
(2, 262, 13, 5),
(17, 262, 21, 1),
(28, 262, 3, 15),
(52, 262, 6, 12),
(142, 262, 10, 7),
(168, 262, 5, 13),
(175, 262, 7, 11),
(204, 262, 8, 10),
(373, 262, 19, 2),
(378, 262, 9, 8),
(899, 262, 4, 14),
(971, 262, 17, 3),
(1003, 262, 15, 4),
(1005, 262, 2, 16),
(2, 263, 8, 5),
(10, 263, 4, 9),
(11, 263, 13, 2),
(12, 263, 1, 12),
(27, 263, 15, 1),
(41, 263, 9, 4),
(52, 263, 10, 3),
(896, 263, 3, 10),
(899, 263, 6, 7),
(930, 263, 2, 11),
(990, 263, 7, 6),
(1003, 263, 5, 8),
(2, 264, 10, 3),
(27, 264, 8, 5),
(41, 264, 2, 11),
(52, 264, 13, 2),
(90, 264, 5, 8),
(899, 264, 6, 7),
(930, 264, 7, 6),
(957, 264, 15, 1),
(969, 264, 9, 4),
(995, 264, 4, 9),
(1003, 264, 3, 10),
(1005, 264, 1, 12),
(1, 265, 13, 5),
(2, 265, 5, 11),
(10, 265, 4, 12),
(12, 265, 8, 8),
(28, 265, 17, 3),
(52, 265, 15, 4),
(142, 265, 6, 10),
(168, 265, 1, 15),
(175, 265, 3, 13),
(216, 265, 10, 6),
(247, 265, 7, 9),
(957, 265, 21, 1),
(969, 265, 19, 2),
(971, 265, 2, 14),
(1003, 265, 9, 7),
(2, 266, 8, 9),
(10, 266, 6, 12),
(12, 266, 4, 14),
(43, 266, 15, 4),
(57, 266, 17, 3),
(116, 266, 9, 8),
(169, 266, 7, 11),
(216, 266, 19, 2),
(247, 266, 1, 17),
(511, 266, 10, 7),
(867, 266, 2, 16),
(899, 266, 5, 13),
(930, 266, 21, 1),
(969, 266, 13, 6),
(971, 266, 3, 15),
(11, 267, 21, 1),
(15, 267, 4, 12),
(17, 267, 19, 2),
(33, 267, 8, 8),
(52, 267, 17, 3),
(169, 267, 1, 15),
(175, 267, 10, 6),
(216, 267, 3, 13),
(247, 267, 5, 11),
(373, 267, 9, 7),
(899, 267, 2, 14),
(957, 267, 7, 9),
(986, 267, 13, 5),
(995, 267, 15, 4),
(1003, 267, 6, 10),
(10, 268, 5, 8),
(16, 268, 1, 12),
(39, 268, 2, 11),
(52, 268, 3, 10),
(116, 268, 10, 3),
(216, 268, 9, 4),
(957, 268, 13, 2),
(966, 268, 4, 9),
(971, 268, 6, 7),
(990, 268, 8, 5),
(1003, 268, 15, 1),
(1005, 268, 7, 6),
(1, 269, 8, 8),
(10, 269, 10, 6),
(13, 269, 21, 1),
(15, 269, 5, 11),
(17, 269, 15, 4),
(46, 269, 19, 2),
(52, 269, 4, 12),
(97, 269, 17, 3),
(175, 269, 7, 9),
(373, 269, 3, 13),
(379, 269, 2, 14),
(848, 269, 6, 10),
(899, 269, 1, 15),
(986, 269, 13, 5),
(1003, 269, 9, 7),
(2, 270, 9, 4),
(10, 270, 13, 2),
(12, 270, 6, 7),
(27, 270, 5, 8),
(28, 270, 4, 9),
(97, 270, 10, 3),
(216, 270, 15, 1),
(247, 270, 7, 6),
(966, 270, 8, 5),
(984, 270, 2, 11),
(995, 270, 1, 12),
(1006, 270, 3, 10),
(11, 271, 6, 10),
(17, 271, 10, 6),
(41, 271, 13, 5),
(46, 271, 21, 1),
(52, 271, 17, 3),
(53, 271, 7, 9),
(116, 271, 8, 8),
(175, 271, 15, 4),
(204, 271, 3, 13),
(216, 271, 19, 2),
(247, 271, 5, 11),
(867, 271, 2, 14),
(971, 271, 1, 15),
(988, 271, 4, 12),
(1005, 271, 9, 7),
(10, 272, 15, 4),
(17, 272, 1, 15),
(27, 272, 10, 6),
(46, 272, 13, 5),
(97, 272, 19, 2),
(204, 272, 17, 3),
(247, 272, 7, 9),
(895, 272, 6, 10),
(930, 272, 8, 8),
(957, 272, 5, 11),
(966, 272, 2, 14),
(969, 272, 21, 1),
(995, 272, 9, 7),
(1003, 272, 4, 12),
(1007, 272, 3, 13),
(2, 273, 5, 8),
(11, 273, 7, 6),
(13, 273, 3, 11),
(16, 273, 13, 2),
(17, 273, 4, 10),
(27, 273, 15, 1),
(46, 273, 10, 3),
(97, 273, 9, 4),
(899, 273, 6, 7),
(957, 273, 2, 12),
(986, 273, 8, 5),
(1003, 273, 1, 13),
(2, 274, 3, 10),
(12, 274, 6, 7),
(16, 274, 13, 2),
(27, 274, 9, 4),
(28, 274, 10, 3),
(204, 274, 7, 6),
(957, 274, 15, 1),
(969, 274, 4, 9),
(971, 274, 8, 5),
(986, 274, 2, 11),
(1003, 274, 5, 8),
(1005, 274, 1, 12),
(2, 275, 1, 14),
(11, 275, 4, 10),
(12, 275, 2, 13),
(16, 275, 6, 8),
(27, 275, 13, 2),
(97, 275, 15, 1),
(175, 275, 9, 4),
(204, 275, 7, 6),
(966, 275, 8, 5),
(971, 275, 5, 9),
(986, 275, 10, 3),
(1003, 275, 3, 12),
(2, 276, 2, 11),
(11, 276, 4, 9),
(16, 276, 1, 12),
(17, 276, 9, 4),
(27, 276, 13, 2),
(52, 276, 3, 10),
(53, 276, 5, 8),
(61, 276, 15, 1),
(247, 276, 6, 7),
(373, 276, 7, 6),
(957, 276, 10, 3),
(1006, 276, 8, 5),
(11, 277, 10, 3),
(27, 277, 13, 2),
(46, 277, 1, 12),
(51, 277, 7, 6),
(97, 277, 6, 7),
(141, 277, 2, 11),
(175, 277, 4, 9),
(244, 277, 9, 4),
(247, 277, 8, 5),
(848, 277, 15, 1),
(899, 277, 3, 10),
(1012, 277, 5, 8),
(17, 278, 9, 4),
(27, 278, 15, 1),
(52, 278, 7, 6),
(53, 278, 1, 13),
(142, 278, 10, 3),
(175, 278, 3, 11),
(204, 278, 2, 12),
(404, 278, 8, 5),
(930, 278, 4, 9),
(966, 278, 5, 8),
(986, 278, 6, 7),
(1006, 278, 13, 2),
(1, 279, 15, 1),
(11, 279, 8, 5),
(16, 279, 10, 3),
(41, 279, 5, 8),
(61, 279, 7, 6),
(126, 279, 6, 7),
(175, 279, 2, 11),
(373, 279, 13, 2),
(378, 279, 3, 10),
(899, 279, 9, 4),
(966, 279, 4, 9),
(1006, 279, 1, 12),
(1, 280, 2, 11),
(2, 280, 4, 9),
(27, 280, 1, 12),
(39, 280, 5, 8),
(61, 280, 15, 1),
(142, 280, 3, 10),
(216, 280, 8, 5),
(966, 280, 10, 3),
(971, 280, 13, 2),
(986, 280, 9, 4),
(1003, 280, 6, 7),
(1006, 280, 7, 6),
(2, 281, 7, 6),
(10, 281, 15, 1),
(41, 281, 13, 2),
(116, 281, 1, 12),
(142, 281, 5, 8),
(175, 281, 8, 5),
(373, 281, 4, 9),
(899, 281, 2, 11),
(957, 281, 3, 10),
(971, 281, 6, 7),
(1003, 281, 9, 4),
(1013, 281, 10, 3),
(1, 282, 15, 1),
(10, 282, 8, 5),
(27, 282, 4, 9),
(52, 282, 13, 2),
(142, 282, 9, 4),
(175, 282, 3, 10),
(204, 282, 10, 3),
(247, 282, 1, 13),
(876, 282, 7, 6),
(895, 282, 6, 7),
(951, 282, 2, 12),
(1015, 282, 5, 8),
(1, 283, 10, 3),
(2, 283, 8, 5),
(10, 283, 15, 1),
(12, 283, 1, 12),
(41, 283, 6, 7),
(52, 283, 5, 8),
(53, 283, 4, 9),
(116, 283, 3, 10),
(204, 283, 13, 2),
(930, 283, 7, 6),
(1003, 283, 2, 11),
(1013, 283, 9, 4),
(2, 284, 9, 4),
(10, 284, 2, 11),
(11, 284, 6, 7),
(12, 284, 5, 8),
(16, 284, 15, 1),
(27, 284, 1, 12),
(46, 284, 7, 6),
(53, 284, 8, 5),
(373, 284, 3, 10),
(930, 284, 10, 3),
(966, 284, 13, 2),
(1013, 284, 4, 9),
(11, 285, 3, 10),
(13, 285, 2, 11),
(15, 285, 7, 6),
(16, 285, 9, 4),
(27, 285, 15, 1),
(46, 285, 1, 12),
(52, 285, 10, 3),
(247, 285, 13, 2),
(373, 285, 5, 8),
(966, 285, 6, 7),
(1003, 285, 4, 9),
(1013, 285, 8, 5),
(11, 286, 6, 8),
(27, 286, 13, 2),
(46, 286, 8, 5),
(97, 286, 5, 10),
(101, 286, 2, 14),
(116, 286, 10, 3),
(247, 286, 4, 12),
(895, 286, 15, 1),
(957, 286, 3, 13),
(966, 286, 1, 15),
(971, 286, 7, 7),
(1013, 286, 9, 4),
(10, 287, 8, 5),
(12, 287, 3, 11),
(16, 287, 9, 4),
(27, 287, 15, 1),
(52, 287, 13, 2),
(97, 287, 2, 12),
(126, 287, 7, 6),
(216, 287, 4, 10),
(867, 287, 6, 7),
(966, 287, 5, 9),
(1006, 287, 1, 13),
(1016, 287, 10, 3),
(10, 288, 8, 5),
(11, 288, 1, 12),
(12, 288, 2, 11),
(16, 288, 5, 8),
(27, 288, 7, 6),
(34, 288, 4, 9),
(41, 288, 3, 10),
(52, 288, 6, 7),
(97, 288, 15, 1),
(204, 288, 13, 2),
(971, 288, 10, 3),
(1013, 288, 9, 4),
(2, 289, 13, 2),
(10, 289, 1, 15),
(13, 289, 9, 4),
(17, 289, 8, 6),
(27, 289, 15, 1),
(97, 289, 7, 8),
(204, 289, 10, 3),
(373, 289, 3, 12),
(930, 289, 4, 11),
(957, 289, 5, 10),
(971, 289, 2, 14),
(996, 289, 6, 9),
(10, 290, 8, 7),
(11, 290, 10, 4),
(16, 290, 7, 8),
(17, 290, 6, 9),
(27, 290, 13, 2),
(97, 290, 9, 6),
(126, 290, 5, 10),
(930, 290, 4, 11),
(971, 290, 15, 1),
(996, 290, 1, 14),
(1006, 290, 3, 12),
(1013, 290, 2, 13),
(2, 291, 10, 3),
(11, 291, 2, 11),
(16, 291, 15, 1),
(17, 291, 13, 2),
(41, 291, 5, 8),
(97, 291, 6, 7),
(126, 291, 1, 12),
(216, 291, 7, 6),
(867, 291, 9, 4),
(930, 291, 8, 5),
(996, 291, 3, 10),
(1006, 291, 4, 9),
(2, 292, 2, 13),
(16, 292, 5, 10),
(17, 292, 7, 8),
(27, 292, 13, 2),
(97, 292, 8, 7),
(204, 292, 1, 14),
(247, 292, 3, 12),
(930, 292, 10, 3),
(966, 292, 15, 1),
(971, 292, 9, 6),
(996, 292, 6, 9),
(1012, 292, 4, 11),
(2, 293, 9, 4),
(12, 293, 1, 13),
(16, 293, 10, 3),
(17, 293, 8, 5),
(27, 293, 15, 1),
(97, 293, 13, 2),
(204, 293, 6, 7),
(930, 293, 2, 12),
(971, 293, 7, 6),
(996, 293, 3, 11),
(1006, 293, 5, 9),
(1015, 293, 4, 10),
(2, 294, 15, 1),
(11, 294, 8, 6),
(12, 294, 4, 12),
(16, 294, 1, 15),
(97, 294, 13, 2),
(154, 294, 7, 9),
(216, 294, 6, 10),
(421, 294, 2, 14),
(828, 294, 5, 11),
(971, 294, 3, 13),
(986, 294, 9, 4),
(1006, 294, 10, 3),
(10, 295, 9, 5),
(11, 295, 13, 2),
(16, 295, 3, 14),
(17, 295, 7, 10),
(27, 295, 2, 16),
(52, 295, 10, 4),
(61, 295, 4, 13),
(97, 295, 8, 6),
(204, 295, 6, 11),
(421, 295, 1, 17),
(971, 295, 15, 1),
(996, 295, 5, 12),
(10, 296, 5, 9),
(11, 296, 9, 4),
(16, 296, 8, 5),
(97, 296, 4, 10),
(142, 296, 13, 2),
(204, 296, 2, 12),
(828, 296, 7, 6),
(930, 296, 3, 11),
(957, 296, 10, 3),
(971, 296, 6, 7),
(996, 296, 1, 13),
(1013, 296, 15, 1),
(11, 297, 15, 1),
(13, 297, 5, 10),
(16, 297, 8, 5),
(27, 297, 13, 2),
(61, 297, 2, 14),
(97, 297, 1, 15),
(116, 297, 7, 7),
(204, 297, 9, 4),
(216, 297, 3, 13),
(986, 297, 6, 8),
(1006, 297, 4, 11),
(1011, 297, 10, 3),
(10, 298, 6, 7),
(11, 298, 9, 4),
(13, 298, 1, 13),
(16, 298, 5, 8),
(17, 298, 15, 1),
(27, 298, 8, 5),
(97, 298, 13, 2),
(142, 298, 4, 9),
(247, 298, 10, 3),
(828, 298, 2, 12),
(930, 298, 7, 6),
(986, 298, 3, 11),
(2, 299, 7, 7),
(10, 299, 9, 4),
(11, 299, 13, 2),
(16, 299, 5, 11),
(27, 299, 15, 1),
(97, 299, 10, 3),
(116, 299, 8, 6),
(204, 299, 3, 13),
(930, 299, 4, 12),
(986, 299, 2, 14),
(996, 299, 6, 8),
(1012, 299, 1, 15),
(2, 300, 13, 2),
(10, 300, 15, 1),
(11, 300, 5, 10),
(16, 300, 6, 9),
(17, 300, 1, 14),
(27, 300, 8, 5),
(97, 300, 9, 4),
(828, 300, 2, 13),
(930, 300, 4, 11),
(986, 300, 7, 8),
(996, 300, 10, 3),
(1018, 300, 3, 12),
(2, 301, 3, 10),
(10, 301, 9, 4),
(16, 301, 15, 1),
(27, 301, 7, 6),
(96, 301, 4, 9),
(828, 301, 2, 11),
(930, 301, 1, 12),
(957, 301, 5, 8),
(986, 301, 10, 3),
(996, 301, 13, 2),
(1012, 301, 8, 5),
(1018, 301, 6, 7),
(2, 302, 13, 2),
(10, 302, 5, 8),
(16, 302, 1, 12),
(17, 302, 4, 9),
(27, 302, 7, 6),
(55, 302, 8, 5),
(97, 302, 3, 10),
(142, 302, 10, 3),
(154, 302, 15, 1),
(169, 302, 2, 11),
(986, 302, 6, 7),
(1015, 302, 9, 4),
(16, 303, 4, 11),
(80, 303, 3, 13),
(97, 303, 2, 14),
(142, 303, 13, 3),
(154, 303, 10, 4),
(159, 303, 1, 15),
(179, 303, 15, 2),
(887, 303, 6, 9),
(957, 303, 9, 5),
(972, 303, 5, 10),
(988, 303, 7, 8),
(1015, 303, 8, 6);

--
-- Dumping data for table `tournaments`
--

INSERT INTO `tournaments` (`tournament_id`, `tournament_date`, `tournament_type`, `participants`, `duration`) VALUES
(1, '2012-08-23', 'regular', 53, NULL),
(2, '2012-08-28', 'regular', 62, NULL),
(3, '2012-08-30', 'regular', 49, NULL),
(4, '2012-09-04', 'special', 53, NULL),
(5, '2012-09-06', 'regular', 66, NULL),
(6, '2012-09-11', 'regular', 61, NULL),
(7, '2012-09-13', 'regular', 68, NULL),
(8, '2012-09-18', 'regular', 68, NULL),
(9, '2012-09-20', 'regular', 71, NULL),
(10, '2012-09-25', 'regular', 77, NULL),
(11, '2012-09-27', 'regular', 78, NULL),
(12, '2012-10-02', 'regular', 75, NULL),
(13, '2012-10-04', 'regular', 71, NULL),
(14, '2012-10-09', 'regular', 75, NULL),
(15, '2012-10-11', 'regular', 71, NULL),
(16, '2012-10-16', 'regular', 63, NULL),
(17, '2012-10-18', 'regular', 75, NULL),
(18, '2012-10-23', 'regular', 79, NULL),
(19, '2012-10-25', 'regular', 73, NULL),
(20, '2012-10-30', 'regular', 59, NULL),
(21, '2012-11-01', 'regular', 61, NULL),
(23, '2012-11-08', 'special', 28, NULL),
(24, '2012-11-13', 'regular', 69, NULL),
(25, '2012-11-15', 'regular', 69, NULL),
(26, '2012-11-20', 'regular', 81, NULL),
(27, '2012-11-22', 'regular', 74, NULL),
(32, '2012-12-11', 'regular', 51, NULL),
(33, '2012-12-13', 'regular', 60, NULL),
(34, '2012-12-18', 'regular', 60, NULL),
(35, '2012-12-20', 'regular', 53, NULL),
(37, '2012-12-27', 'regular', 44, NULL),
(38, '2013-01-01', 'regular', 41, NULL),
(39, '2013-01-03', 'regular', 58, NULL),
(40, '2013-01-08', 'regular', 66, NULL),
(41, '2013-01-10', 'regular', 68, NULL),
(42, '2013-01-15', 'regular', 76, NULL),
(43, '2013-01-17', 'regular', 72, NULL),
(44, '2013-01-22', 'regular', 70, NULL),
(45, '2013-01-24', 'regular', 68, NULL),
(46, '2013-01-29', 'regular', 81, NULL),
(47, '2013-01-31', 'regular', 76, NULL),
(48, '2013-02-05', 'regular', 85, NULL),
(49, '2013-02-07', 'regular', 89, NULL),
(50, '2013-02-12', 'regular', 75, NULL),
(51, '2013-02-14', 'regular', 64, NULL),
(52, '2013-02-19', 'regular', 79, NULL),
(53, '2013-02-21', 'regular', 76, NULL),
(54, '2013-02-26', 'regular', 65, NULL),
(55, '2013-02-28', 'regular', 70, NULL),
(56, '2013-03-05', 'regular', 73, NULL),
(57, '2013-03-07', 'regular', 53, NULL),
(58, '2013-03-12', 'regular', 66, NULL),
(59, '2013-03-14', 'regular', 60, NULL),
(60, '2013-03-19', 'regular', 77, NULL),
(61, '2013-03-21', 'regular', 67, NULL),
(62, '2013-03-26', 'regular', 71, NULL),
(63, '2013-03-28', 'regular', 76, NULL),
(64, '2013-04-02', 'regular', 58, NULL),
(65, '2013-04-04', 'regular', 67, NULL),
(66, '2013-04-09', 'regular', 68, NULL),
(67, '2013-04-11', 'regular', 57, NULL),
(68, '2013-04-16', 'regular', 71, NULL),
(69, '2013-04-18', 'regular', 64, NULL),
(70, '2013-04-23', 'regular', 55, NULL),
(71, '2013-04-25', 'regular', 57, NULL),
(72, '2013-04-30', 'regular', 45, NULL),
(73, '2013-05-02', 'regular', 45, NULL),
(74, '2013-05-07', 'regular', 55, NULL),
(75, '2013-05-09', 'regular', 57, NULL),
(76, '2013-05-14', 'regular', 58, NULL),
(77, '2013-05-16', 'regular', 62, NULL),
(78, '2013-05-21', 'regular', 40, NULL),
(79, '2013-05-23', 'regular', 52, NULL),
(80, '2013-05-28', 'regular', 52, NULL),
(81, '2013-05-30', 'regular', 63, NULL),
(82, '2013-06-04', 'regular', 57, NULL),
(83, '2013-06-06', 'regular', 55, NULL),
(84, '2013-06-11', 'regular', 49, NULL),
(85, '2013-06-13', 'regular', 54, NULL),
(86, '2013-06-18', 'regular', 40, NULL),
(87, '2013-06-20', 'regular', 44, NULL),
(88, '2013-06-25', 'regular', 51, NULL),
(89, '2013-06-27', 'regular', 47, NULL),
(90, '2013-07-02', 'regular', 50, 242),
(91, '2013-07-04', 'regular', 45, 222),
(92, '2013-07-09', 'regular', 43, 229),
(93, '2013-07-11', 'regular', 46, 227),
(94, '2013-07-16', 'regular', 49, 195),
(95, '2013-07-18', 'regular', 54, 204),
(96, '2013-07-23', 'regular', 38, 198),
(97, '2013-07-25', 'regular', 48, 205),
(98, '2013-08-13', 'regular', 35, 201),
(99, '2013-08-15', 'regular', 28, 144),
(100, '2013-08-20', 'regular', 44, 174),
(101, '2013-08-22', 'regular', 44, 175),
(102, '2013-08-27', 'regular', 45, 230),
(103, '2013-08-29', 'regular', 41, 213),
(104, '2013-09-03', 'regular', 56, 211),
(105, '2013-09-04', 'special', 24, 165),
(106, '2013-09-05', 'regular', 44, 217),
(107, '2013-09-10', 'regular', 52, 215),
(108, '2013-09-12', 'regular', 54, 221),
(109, '2013-09-17', 'regular', 59, 220),
(110, '2013-09-19', 'regular', 68, 225),
(111, '2013-09-24', 'regular', 72, 194),
(112, '2013-09-26', 'regular', 74, 174),
(113, '2013-10-01', 'regular', 68, 188),
(114, '2013-10-03', 'regular', 67, 215),
(115, '2013-10-08', 'regular', 56, 194),
(116, '2013-10-10', 'regular', 65, 257),
(117, '2013-10-15', 'regular', 63, 226),
(118, '2013-10-17', 'regular', 72, 258),
(119, '2013-10-22', 'regular', 64, 174),
(120, '2013-10-24', 'regular', 67, 194),
(121, '2013-10-29', 'regular', 65, 262),
(122, '2013-10-31', 'regular', 61, 204),
(123, '2013-11-05', 'regular', 67, 212),
(124, '2013-11-07', 'regular', 57, 225),
(125, '2013-11-12', 'special', 75, 95),
(126, '2013-11-14', 'regular', 67, 248),
(127, '2013-11-19', 'special', 59, 101),
(128, '2013-11-21', 'regular', 61, 154),
(129, '2013-11-26', 'regular', 72, 252),
(130, '2013-11-28', 'regular', 59, 206),
(131, '2013-12-03', 'regular', 68, 209),
(132, '2013-12-05', 'regular', 74, 217),
(133, '2013-12-10', 'regular', 66, 241),
(134, '2013-12-12', 'regular', 56, 188),
(135, '2013-12-17', 'regular', 55, 231),
(136, '2013-12-19', 'regular', 58, 215),
(137, '2013-12-23', 'special', 38, 194),
(138, '2013-12-27', 'regular', 38, 206),
(139, '2013-12-30', 'regular', 37, 195),
(140, '2014-01-02', 'regular', 36, 232),
(141, '2014-01-07', 'regular', 54, 206),
(142, '2014-01-09', 'regular', 60, 246),
(143, '2014-01-14', 'regular', 48, 182),
(144, '2014-01-16', 'regular', 52, 245),
(145, '2014-01-21', 'regular', 53, 186),
(146, '2014-01-23', 'regular', 54, 234),
(147, '2014-01-28', 'regular', 54, 202),
(148, '2014-01-30', 'regular', 53, 196),
(149, '2014-02-04', 'regular', 50, 154),
(150, '2014-02-06', 'regular', 62, 165),
(151, '2014-02-11', 'regular', 56, 250),
(152, '2014-02-13', 'regular', 54, 248),
(153, '2014-02-18', 'regular', 50, 206),
(154, '2014-02-20', 'regular', 54, 216),
(155, '2014-02-25', 'regular', 49, 171),
(156, '2014-02-27', 'regular', 51, 251),
(157, '2014-03-04', 'regular', 53, 243),
(158, '2014-03-06', 'regular', 43, 207),
(159, '2014-03-11', 'regular', 53, 196),
(160, '2014-03-13', 'regular', 49, 167),
(161, '2014-03-18', 'regular', 47, 152),
(162, '2014-03-20', 'regular', 47, 147),
(163, '2014-03-25', 'regular', 47, 200),
(164, '2014-03-27', 'regular', 35, 168),
(165, '2014-04-01', 'regular', 48, 200),
(166, '2014-04-03', 'regular', 44, 174),
(167, '2014-04-08', 'regular', 49, 184),
(168, '2014-04-10', 'regular', 49, 205),
(169, '2014-04-15', 'regular', 43, 152),
(170, '2014-04-17', 'regular', 32, 187),
(171, '2014-04-22', 'regular', 34, 228),
(172, '2014-04-24', 'regular', 38, 210),
(173, '2014-04-29', 'regular', 36, 183),
(174, '2014-05-01', 'regular', 27, 139),
(175, '2014-05-06', 'regular', 43, 281),
(176, '2014-05-08', 'regular', 40, 149),
(177, '2014-05-13', 'regular', 35, 155),
(178, '2014-05-15', 'regular', 37, 202),
(179, '2014-05-20', 'regular', 39, 229),
(180, '2014-05-22', 'regular', 42, 212),
(181, '2014-05-27', 'regular', 34, 182),
(182, '2014-05-29', 'regular', 34, 141),
(183, '2014-06-03', 'regular', 28, 166),
(184, '2014-06-05', 'regular', 23, 174),
(185, '2014-06-10', 'regular', 28, 139),
(186, '2014-06-12', 'regular', 24, 131),
(187, '2014-06-17', 'regular', 23, 170),
(188, '2014-06-19', 'regular', 30, 194),
(189, '2014-06-26', 'regular', 26, 146),
(190, '2014-06-24', 'regular', 24, 150),
(191, '2014-07-01', 'regular', 26, 148),
(192, '2014-07-03', 'regular', 25, 165),
(193, '2014-07-08', 'regular', 25, 157),
(194, '2014-07-10', 'regular', 21, 88),
(195, '2014-07-15', 'regular', 23, 148),
(196, '2014-07-17', 'regular', 19, 156),
(197, '2014-07-22', 'regular', 24, 114),
(198, '2014-07-24', 'regular', 23, 132),
(199, '2014-07-29', 'regular', 23, 158),
(200, '2014-07-31', 'regular', 23, 146),
(201, '2014-08-05', 'regular', 22, 153),
(202, '2014-08-12', 'regular', 20, 144),
(203, '2014-08-14', 'regular', 25, 158),
(204, '2014-08-07', 'regular', 26, 140),
(205, '2014-08-19', 'regular', 30, 183),
(206, '2014-08-21', 'regular', 25, 142),
(207, '2014-08-26', 'regular', 20, 156),
(208, '2014-08-28', 'regular', 21, 146),
(209, '2014-09-04', 'regular', 22, 151),
(210, '2014-09-09', 'regular', 45, 211),
(211, '2014-09-11', 'regular', 33, 195),
(212, '2014-09-16', 'regular', 39, 208),
(213, '2014-09-18', 'regular', 29, 218),
(214, '2014-09-23', 'regular', 31, 135),
(215, '2014-09-25', 'regular', 30, 194),
(216, '2014-09-30', 'regular', 29, 160),
(217, '2014-10-02', 'regular', 30, 134),
(218, '2014-10-07', 'regular', 26, 169),
(219, '2014-10-09', 'regular', 23, 134),
(220, '2014-10-14', 'regular', 24, 148),
(221, '2014-10-16', 'regular', 28, 109),
(222, '2014-10-21', 'regular', 22, 172),
(223, '2014-10-23', 'regular', 23, 109),
(224, '2014-10-28', 'regular', 20, 112),
(225, '2014-10-30', 'regular', 29, 144),
(226, '2014-11-04', 'regular', 27, 127),
(227, '2014-11-06', 'regular', 25, 160),
(228, '2014-11-11', 'regular', 22, 100),
(229, '2014-11-13', 'regular', 25, 149),
(230, '2014-11-18', 'regular', 23, 144),
(231, '2014-11-20', 'regular', 23, 140),
(232, '2014-11-25', 'regular', 21, 126),
(233, '2014-11-27', 'regular', 23, 148),
(234, '2014-12-01', 'special', 14, 112),
(235, '2014-12-02', 'regular', 26, 100),
(236, '2014-12-04', 'regular', 22, 139),
(237, '2014-12-09', 'regular', 24, 166),
(238, '2014-12-11', 'regular', 20, 147),
(239, '2014-12-16', 'regular', 29, 151),
(240, '2014-12-18', 'regular', 20, 199),
(241, '2014-12-23', 'regular', 19, 139),
(242, '2014-12-26', 'regular', 20, 186),
(243, '2014-12-29', 'regular', 14, 87),
(244, '2015-01-02', 'regular', 30, 187),
(245, '2015-01-06', 'regular', 25, 155),
(246, '2015-01-08', 'regular', 30, 162),
(247, '2015-01-13', 'regular', 37, 169),
(248, '2015-01-15', 'regular', 34, 148),
(249, '2015-01-20', 'regular', 28, 143),
(250, '2015-01-22', 'regular', 39, 153),
(251, '2015-01-27', 'regular', 38, 148),
(252, '2015-01-29', 'regular', 33, 167),
(253, '2015-02-03', 'regular', 41, 181),
(254, '2015-02-05', 'regular', 29, 161),
(255, '2015-02-10', 'regular', 28, 171),
(256, '2015-02-12', 'regular', 34, 142),
(257, '2015-02-17', 'regular', 30, 185),
(258, '2015-02-19', 'regular', 27, 150),
(259, '2015-02-24', 'regular', 35, 189),
(260, '2015-02-26', 'regular', 28, 186),
(261, '2015-03-03', 'regular', 37, 188),
(262, '2015-03-05', 'regular', 38, 169),
(263, '2015-03-10', 'regular', 28, 140),
(264, '2015-03-12', 'regular', 29, 145),
(265, '2015-03-17', 'regular', 32, 190),
(266, '2015-03-19', 'regular', 35, 168),
(267, '2015-03-24', 'regular', 36, 161),
(268, '2015-03-26', 'regular', 28, 106),
(269, '2015-03-31', 'regular', 34, 168),
(270, '2015-04-02', 'regular', 27, 163),
(271, '2015-04-07', 'regular', 35, 174),
(272, '2015-04-09', 'regular', 32, 183),
(273, '2015-04-14', 'regular', 25, 185),
(274, '2015-04-16', 'regular', 27, 114),
(275, '2015-04-21', 'regular', 24, 200),
(276, '2015-04-23', 'regular', 27, 157),
(277, '2015-04-28', 'regular', 22, 134),
(278, '2015-04-30', 'regular', 23, 170),
(279, '2015-05-05', 'regular', 27, 133),
(280, '2015-05-07', 'regular', 26, 213),
(281, '2015-05-12', 'regular', 24, 162),
(282, '2015-05-14', 'regular', 26, 131),
(283, '2015-05-19', 'regular', 24, 137),
(284, '2015-05-21', 'regular', 23, 168),
(285, '2015-05-26', 'regular', 21, 156),
(286, '2015-05-28', 'regular', 25, 153),
(287, '2015-06-02', 'regular', 25, 163),
(288, '2015-06-04', 'regular', 16, 94),
(289, '2015-06-09', 'regular', 21, 162),
(290, '2015-06-11', 'regular', 15, 151),
(291, '2015-06-16', 'regular', 19, 138),
(292, '2015-06-18', 'regular', 20, 138),
(293, '2015-06-23', 'regular', 22, 189),
(294, '2015-06-25', 'regular', 20, 124),
(295, '2015-07-02', 'regular', 19, 153),
(296, '2015-07-07', 'regular', 20, 102),
(297, '2015-07-09', 'regular', 22, 128),
(298, '2015-07-14', 'regular', 20, 184),
(299, '2015-07-16', 'regular', 19, 158),
(300, '2015-07-21', 'regular', 14, 153),
(301, '2015-07-23', 'regular', 18, 125),
(302, '2015-07-28', 'regular', 14, 110),
(303, '2015-07-30', 'regular', 27, 162);
